recording_id,duration_seconds,target_confidence,total_recordings
XC542031,5.187208333333333,0.782493,3492
XC717038,163.9590022675737,0.987559,3492
XC251447,30.258344671201815,0.969276,3492
XC193611,30.066938775510206,0.94628,3492
XC165403,78.35675,0.841742,3492
XC90213,69.51163265306123,0.919013,3492
XC497903,21.687437641723356,0.329655,3492
XC682585,89.72108333333334,0.313032,3492
XC153465,73.63820833333334,0.890846,3492
XC3514,35.63231292517007,0.957896,3492
XC449938,86.31077097505668,0.961067,3492
XC990257,66.2233125,0.939412,3492
XC262136,12.159229024943311,0.958394,3492
XC424555,87.09270833333333,0.831435,3492
XC692726,73.09641723356009,0.0,3492
XC694774,40.4503125,0.842923,3492
XC266398,13.446145833333333,0.941881,3492
XC282475,64.94269841269842,0.778548,3492
XC140628,4.878458333333334,0.0,3492
XC90898,3.8306349206349206,0.640297,3492
XC539753,31.647981859410432,0.961361,3492
XC439088,90.36554166666667,0.915581,3492
XC741461,28.797791666666665,0.695253,3492
XC269402,69.35539583333333,0.982327,3492
XC676028,55.571609977324265,0.290193,3492
XC290827,81.97503401360544,0.898104,3492
XC286048,52.303174603174604,0.871364,3492
XC242995,13.781836734693877,0.936416,3492
XC197700,91.07777083333333,0.981287,3492
XC276046,21.333832199546485,0.9586,3492
XC730873,27.232833333333332,0.93273,3492
XC417506,39.971354166666664,0.332024,3492
XC162647,26.34562358276644,0.560484,3492
XC731561,219.0443990929705,0.962692,3492
XC666766,98.63916099773243,0.943562,3492
XC701724,16.13798185941043,0.419591,3492
XC183937,20.57467120181406,0.604378,3492
XC736674,39.858875,0.59802,3492
XC12598,17.492562358276643,0.801472,3492
XC235763,13.121950113378684,0.952583,3492
XC525016,149.00378684807256,0.806871,3492
XC158132,16.931836734693878,0.874388,3492
XC8565,10.996031746031745,0.957544,3492
XC108542,20.217006802721087,0.90966,3492
XC731493,212.5984126984127,0.974968,3492
XC614881,73.71224489795918,0.909805,3492
XC228513,16.80971875,0.834358,3492
XC633647,22.54018140589569,0.88041,3492
XC717024,139.0742403628118,0.989368,3492
XC658138,352.380375,0.547326,3492
XC47861,42.47671201814059,0.0,3492
XC732280,18.190362811791385,0.851641,3492
XC486154,42.75329166666667,0.957213,3492
XC268493,11.367833333333333,0.119505,3492
XC688133,26.501333333333335,0.69883,3492
XC718295,222.59401360544217,0.987176,3492
XC753982,33.5615625,0.667639,3492
XC731499,312.65668934240364,0.938873,3492
XC223693,76.57940625,0.979049,3492
XC396117,18.76356009070295,0.0,3492
XC410185,30.821145833333333,0.945992,3492
XC731558,21.12201814058957,0.968615,3492
XC400280,110.34696145124717,0.747201,3492
XC674130,23.287891156462585,0.916773,3492
XC382526,13.032,0.814686,3492
XC183493,109.29888888888888,0.939847,3492
XC3540,11.158888888888889,0.0,3492
XC296326,13.176507936507937,0.0,3492
XC189826,31.12263038548753,0.965196,3492
XC740662,28.692222222222224,0.105372,3492
XC409718,33.90925,0.910889,3492
XC107010,2.5211564625850342,0.0,3492
XC694808,15.1723125,0.759381,3492
XC360002,77.97775510204082,0.995626,3492
XC674749,84.64292517006803,0.730775,3492
XC578931,31.992,0.772793,3492
XC714960,39.666167800453515,0.677666,3492
XC265618,73.8878125,0.897195,3492
XC229218,10.183015873015872,0.937213,3492
XC511967,51.144,0.80288,3492
XC229222,24.224444444444444,0.988456,3492
XC17548,57.5045625,0.942458,3492
XC191336,23.884770833333334,0.0,3492
XC773037,14.107551020408163,0.10325,3492
XC235762,10.300975056689342,0.283219,3492
XC244192,32.46249433106576,0.824466,3492
XC731587,296.7122902494331,0.98463,3492
XC676217,156.86612244897958,0.954205,3492
XC429908,137.0379375,0.872126,3492
XC718293,99.9461224489796,0.968484,3492
XC736633,85.4879375,0.90659,3492
XC19024,58.30913832199546,0.951605,3492
XC415875,60.922375,0.721989,3492
XC567311,23.047729166666667,0.920732,3492
XC731590,422.6282993197279,0.982812,3492
XC32383,21.34190476190476,0.924596,3492
XC704605,28.60687074829932,0.0,3492
XC773753,31.48625850340136,0.840376,3492
XC223701,25.114761904761906,0.932801,3492
XC718291,136.32108843537415,0.989805,3492
XC718292,136.32108843537415,0.989805,3492
XC742126,27.2244375,0.0,3492
XC149604,48.1196875,0.899842,3492
XC718323,315.71113378684805,0.994811,3492
XC736604,86.47045833333334,0.99293,3492
XC242993,37.76043083900227,0.866163,3492
XC36065,55.59419501133787,0.719281,3492
XC296721,19.784444444444443,0.892806,3492
XC500320,136.5498125,0.911979,3492
XC717284,100.10895691609977,0.982937,3492
XC275047,22.710204081632654,0.934197,3492
XC682184,16.098125,0.223799,3492
XC158693,42.27956916099773,0.763836,3492
XC260813,16.810589569161,0.403796,3492
XC736667,69.16345833333334,0.887661,3492
XC732889,11.115351473922903,0.374373,3492
XC534791,50.651428571428575,0.707499,3492
XC680802,22.57625850340136,0.929203,3492
XC289593,44.64414965986395,0.869863,3492
XC682297,4.995770833333333,0.0,3492
XC773176,43.52079365079365,0.446361,3492
XC736670,107.30441666666667,0.951346,3492
XC682188,30.79735416666667,0.46091,3492
XC663295,43.36054421768708,0.704447,3492
XC156502,16.825145833333334,0.0,3492
XC275048,23.363197278911564,0.901954,3492
XC166540,40.074625850340134,0.949154,3492
XC302616,30.762770833333335,0.595392,3492
XC190423,51.526485260770976,0.931562,3492
XC731576,286.9749659863946,0.976765,3492
XC157561,87.17614512471656,0.980807,3492
XC223699,24.7661875,0.890241,3492
XC100367,27.843,0.97339,3492
XC729594,378.79587301587304,0.967185,3492
XC598388,56.38006802721088,0.448557,3492
XC286132,30.308934240362813,0.990282,3492
XC259429,23.575555555555557,0.857084,3492
XC112665,16.0279375,0.545048,3492
XC712359,39.53342403628118,0.9408,3492
XC425470,39.868798185941046,0.831512,3492
XC614858,41.71185941043084,0.968087,3492
XC736592,201.018,0.969039,3492
XC470230,68.10773242630385,0.806589,3492
XC156108,33.00058333333333,0.806229,3492
XC682186,23.02625,0.494352,3492
XC508607,374.48517006802723,0.911423,3492
XC471112,64.33583333333333,0.934792,3492
XC190315,68.85768707482993,0.397519,3492
XC567309,32.23825,0.856979,3492
XC166995,12.573416666666667,0.10494,3492
XC229221,27.830748299319726,0.956401,3492
XC42250,113.02489795918368,0.954447,3492
XC731582,191.7931746031746,0.911737,3492
XC223697,24.810884353741496,0.963866,3492
XC729581,598.9571201814059,0.937284,3492
XC731570,166.16979591836736,0.932606,3492
XC215864,102.0289375,0.449572,3492
XC717481,13.177936507936508,0.997223,3492
XC326023,22.3525625,0.950462,3492
XC249515,17.908684807256236,0.96455,3492
XC688128,20.243833333333335,0.740014,3492
XC153466,61.42016666666667,0.960481,3492
XC461846,23.55387755102041,0.830055,3492
XC96395,69.55066666666667,0.743689,3492
XC101059,73.056,0.950024,3492
XC152732,66.51650793650794,0.889712,3492
XC731550,98.72673469387755,0.888636,3492
XC562165,26.219791666666666,0.551702,3492
XC47463,12.382222222222222,0.550166,3492
XC265617,16.194041666666667,0.832277,3492
XC335300,46.90696145124716,0.944091,3492
XC423696,39.656625,0.780151,3492
XC717020,240.37249433106575,0.979126,3492
XC717025,2.3434920634920635,0.948343,3492
XC388600,42.160333333333334,0.916276,3492
XC229224,28.282063492063493,0.947094,3492
XC173092,49.85011337868481,0.943465,3492
XC156252,170.16175,0.681084,3492
XC223695,110.35615625,0.986531,3492
XC961873,2.43546485260771,0.836885,3492
XC235765,71.6320634920635,0.942453,3492
XC730027,12.357460317460317,0.912248,3492
XC360006,50.10780045351474,0.865103,3492
XC80263,21.481201814058956,0.871795,3492
XC275576,20.362244897959183,0.760803,3492
XC407518,59.38516666666667,0.912365,3492
XC736599,207.60960416666666,0.990539,3492
XC410400,13.011916666666666,0.969177,3492
XC767450,17.039145833333333,0.593775,3492
XC335317,82.61691609977325,0.950174,3492
XC688132,55.782666666666664,0.30835,3492
XC197701,23.493770833333333,0.959479,3492
XC640183,41.74718820861678,0.0,3492
XC433336,87.67861678004535,0.94578,3492
XC616141,198.0481179138322,0.934509,3492
XC736603,53.65145833333333,0.95039,3492
XC186212,31.93018140589569,0.974469,3492
XC718300,96.1907709750567,0.984794,3492
XC432539,53.28204081632653,0.156939,3492
XC510184,41.88061224489796,0.96398,3492
XC302619,24.57058333333333,0.456799,3492
XC693560,81.0019375,0.0,3492
XC276432,16.31002267573696,0.115398,3492
XC771829,448.6265625,0.959401,3492
XC754583,12.72453514739229,0.708455,3492
XC53927,39.41814058956916,0.0,3492
XC6464,26.304195011337868,0.755738,3492
XC598391,57.425374149659866,0.402864,3492
XC175882,47.264920634920635,0.909169,3492
XC576108,10.86625,0.592373,3492
XC266105,41.11975,0.834383,3492
XC177114,93.21487528344672,0.936014,3492
XC48483,15.467165532879818,0.903368,3492
XC729269,15.62225,0.906132,3492
XC215865,13.8529375,0.563537,3492
XC158394,24.779333333333334,0.74884,3492
XC510186,58.98952380952381,0.987326,3492
XC271103,13.38421768707483,0.964353,3492
XC35112,73.77278911564626,0.972361,3492
XC45119,21.444979166666666,0.865597,3492
XC101060,55.322,0.975102,3492
XC767027,24.862539682539683,0.91692,3492
XC86464,24.439333333333334,0.867325,3492
XC166727,48.383541666666666,0.837072,3492
XC296631,42.018412698412696,0.883873,3492
XC29517,36.78065759637188,0.90757,3492
XC696404,6.783520833333333,0.919345,3492
XC451937,36.89532879818594,0.0,3492
XC47027,22.1785,0.396535,3492
XC441040,13.776,0.812146,3492
XC694179,44.273809523809526,0.954991,3492
XC72398,23.548791666666666,0.945602,3492
XC717466,3.7060997732426304,0.14998,3492
XC22934,129.1312925170068,0.933992,3492
XC106499,62.956213151927436,0.887859,3492
XC317798,41.73578231292517,0.825611,3492
XC408504,35.788020833333334,0.951273,3492
XC614880,75.01836734693877,0.951573,3492
XC573311,36.36720833333333,0.588427,3492
XC731533,181.3541723356009,0.972607,3492
XC19517,12.35827664399093,0.962838,3492
XC645629,17.821315192743764,0.864601,3492
XC682180,78.0926875,0.724512,3492
XC500327,169.41775,0.979274,3492
XC503618,27.569160997732425,0.984641,3492
XC543045,46.686458333333334,0.97369,3492
XC654886,14.814331065759637,0.721204,3492
XC731553,103.50074829931972,0.988065,3492
XC42245,9.538934240362812,0.901405,3492
XC736631,46.15379166666666,0.985657,3492
XC736629,336.777875,0.993908,3492
XC102559,23.546875,0.888312,3492
XC728901,24.907913832199547,0.21481,3492
XC730872,26.464833333333335,0.421023,3492
XC688126,68.53866666666667,0.852757,3492
XC648641,34.4750566893424,0.0,3492
XC102682,13.3466875,0.921907,3492
XC332678,33.80018140589569,0.980483,3492
XC11117,23.170226757369615,0.941432,3492
XC320935,13.934625850340137,0.641739,3492
XC223698,43.93853125,0.697304,3492
XC676029,71.89646258503402,0.232408,3492
XC736586,349.21877083333334,0.834751,3492
XC703838,62.7065,0.86344,3492
XC716835,42.93637188208617,0.789289,3492
XC5918,16.49904761904762,0.551633,3492
XC664422,22.9560625,0.949076,3492
XC276832,33.713625,0.290937,3492
XC102371,36.985,0.563742,3492
XC264621,21.972539682539683,0.817495,3492
XC202780,37.7512925170068,0.986552,3492
XC729595,402.42349206349206,0.873269,3492
XC312994,37.8464375,0.984999,3492
XC734232,96.74133333333333,0.955547,3492
XC62928,11.11063492063492,0.0,3492
XC102620,4.8985625,0.922704,3492
XC234286,194.51492063492063,0.779018,3492
XC767031,24.862539682539683,0.91692,3492
XC258607,16.650680272108843,0.0,3492
XC719745,38.044988662131516,0.590738,3492
XC98040,40.39383219954649,0.807301,3492
XC731547,139.91362811791385,0.951267,3492
XC606787,17.40358276643991,0.596791,3492
XC621497,14.880340136054421,0.148584,3492
XC718312,92.31360544217686,0.97734,3492
XC121784,54.91379166666667,0.919105,3492
XC28335,33.2302947845805,0.870083,3492
XC767424,3.8635208333333333,0.501371,3492
XC718325,430.2497052154195,0.994872,3492
XC676027,87.51609977324263,0.267151,3492
XC734199,14.079625,0.174576,3492
XC741170,10.331383219954649,0.258747,3492
XC579290,8.506417233560091,0.597568,3492
XC2652,15.55596371882086,0.288669,3492
XC328132,14.710375,0.971068,3492
XC202061,22.547619047619047,0.935055,3492
XC717021,188.34113378684808,0.991347,3492
XC717218,28.001927437641722,0.967508,3492
XC739380,37.010125,0.0,3492
XC717249,21.694467120181407,0.918672,3492
XC754581,10.634739229024943,0.723787,3492
XC717026,12.683492063492064,0.99128,3492
XC23639,3.2141496598639456,0.0,3492
XC60123,29.212448979591837,0.973036,3492
XC36282,47.724331065759635,0.86968,3492
XC156105,13.89725,0.0,3492
XC775447,38.77297052154195,0.828706,3492
XC286140,64.18639455782314,0.950747,3492
XC429970,46.056270833333336,0.257231,3492
XC69375,36.3798125,0.0,3492
XC682178,62.693333333333335,0.646706,3492
XC343646,4.1282766439909295,0.586645,3492
XC100396,32.226,0.934183,3492
XC45741,53.86310657596372,0.615533,3492
XC756221,40.58321995464853,0.820733,3492
XC774740,22.576984126984126,0.857084,3492
XC506999,62.78364583333333,0.799981,3492
XC731531,662.2307709750567,0.991269,3492
XC736673,445.5339583333333,0.969649,3492
XC471403,75.91904761904762,0.951949,3492
XC614859,107.95877551020408,0.978831,3492
XC56872,35.463310657596374,0.651146,3492
XC682181,85.94545833333333,0.653363,3492
XC693558,35.6419375,0.880663,3492
XC156110,203.8058125,0.613992,3492
XC670637,38.317959183673466,0.912955,3492
XC500329,183.954375,0.97272,3492
XC414426,48.358375,0.0,3492
XC688125,10.040604166666666,0.750306,3492
XC540091,37.36528344671202,0.970269,3492
XC763293,5.820979166666667,0.149194,3492
XC405905,24.947142857142858,0.900511,3492
XC717477,75.34027210884354,0.955387,3492
XC47860,34.353696145124715,0.0,3492
XC609129,37.20961451247165,0.873475,3492
XC693559,78.4579375,0.959271,3492
XC750668,24.102312925170068,0.910606,3492
XC512494,55.65295833333333,0.951066,3492
XC322052,73.27115646258504,0.137112,3492
XC674748,57.94761904761905,0.389423,3492
XC410249,19.675124716553288,0.892388,3492
XC690482,43.70285714285714,0.939955,3492
XC251448,124.24473922902494,0.583592,3492
XC632493,6.36156462585034,0.115406,3492
XC582828,32.738843537414965,0.877746,3492
XC65533,68.24027210884354,0.932666,3492
XC500314,44.6756875,0.977336,3492
XC432541,61.416979166666664,0.984701,3492
XC118200,11.39156462585034,0.908425,3492
XC179936,26.4371875,0.851579,3492
XC424564,95.80083333333333,0.814545,3492
XC413894,80.57870833333334,0.323006,3492
XC37796,12.363219954648526,0.918393,3492
XC648909,42.85419501133787,0.714588,3492
XC449940,30.782766439909295,0.976646,3492
XC631070,70.67997732426304,0.854502,3492
XC268492,13.191625,0.311703,3492
XC296325,20.858049886621316,0.0,3492
XC766349,21.7056462585034,0.916801,3492
XC522023,32.148,0.937445,3492
XC731527,210.76292517006803,0.979023,3492
XC719297,8.9295,0.255824,3492
XC1016,5.330204081632653,0.897707,3492
XC290396,22.47607709750567,0.383563,3492
XC732458,10.329863945578232,0.0,3492
XC567776,39.97570833333333,0.98106,3492
XC132312,25.539002267573697,0.963703,3492
XC745439,37.080083333333334,0.880418,3492
XC199211,80.91099773242631,0.570242,3492
XC100393,8.952,0.0,3492
XC47915,25.44750566893424,0.916439,3492
XC774741,31.93473922902494,0.872217,3492
XC690537,44.21725623582766,0.924803,3492
XC731546,216.34680272108844,0.966091,3492
XC721434,142.43242630385487,0.0,3492
XC725685,22.7804375,0.966951,3492
XC378531,68.23290249433107,0.947216,3492
XC729591,9.534693877551021,0.90417,3492
XC717299,314.55086167800454,0.977267,3492
XC35884,27.670997732426304,0.816719,3492
XC19002,59.53922902494331,0.57826,3492
XC269836,26.451791666666665,0.928374,3492
XC561222,65.59970833333334,0.591657,3492
XC233468,123.40739229024943,0.943446,3492
XC270008,29.8290625,0.953541,3492
XC505532,33.82419501133787,0.885794,3492
XC258603,16.389455782312925,0.932837,3492
XC158700,59.376326530612246,0.544738,3492
XC361682,38.7565,0.956987,3492
XC446866,24.3513125,0.890215,3492
XC97827,41.237625,0.8541,3492
XC33977,36.16975,0.0,3492
XC730671,35.032666666666664,0.774707,3492
XC718324,105.08240362811792,0.994776,3492
XC177167,88.29131519274377,0.918584,3492
XC38467,78.8384126984127,0.893938,3492
XC244191,68.35845804988662,0.882951,3492
XC511425,42.33848072562358,0.154494,3492
XC121783,43.775083333333335,0.905034,3492
XC721436,33.763416666666664,0.708899,3492
XC713215,12.981337868480725,0.0,3492
XC17671,16.323,0.710362,3492
XC700399,5.281791383219955,0.84797,3492
XC286047,49.29938775510204,0.906125,3492
XC718316,211.52609977324263,0.988532,3492
XC290826,39.6081179138322,0.835094,3492
XC234208,14.207777777777778,0.970666,3492
XC89196,29.106780045351474,0.586731,3492
XC763551,11.567125,0.725014,3492
XC360005,31.564149659863947,0.840846,3492
XC360008,40.02553287981859,0.973344,3492
XC667275,25.548820861678003,0.0,3492
XC578723,99.69395833333333,0.654594,3492
XC533973,4.069750566893424,0.150083,3492
XC152734,86.1834693877551,0.437008,3492
XC542585,33.150453514739226,0.917881,3492
XC717035,191.37439909297052,0.990228,3492
XC449939,69.93362811791383,0.981182,3492
XC731532,414.9154648526077,0.994978,3492
XC300472,19.13015873015873,0.0,3492
XC767411,7.557,0.662096,3492
XC152853,46.45678004535147,0.676779,3492
XC544941,44.22297052154195,0.937011,3492
XC699154,11.142166666666666,0.236682,3492
XC736632,218.238,0.97167,3492
XC34466,23.569387755102042,0.904973,3492
XC615468,42.70417233560091,0.271252,3492
XC533294,11.0,0.747968,3492
XC234289,79.25551020408163,0.819409,3492
XC512775,15.164958333333333,0.677754,3492
XC688127,63.345333333333336,0.826412,3492
XC498298,18.943401360544218,0.506448,3492
XC4240,35.56108843537415,0.90626,3492
XC736666,85.74708333333334,0.982694,3492
XC100368,27.822,0.988445,3492
XC721437,67.9499375,0.919163,3492
XC703839,89.3984375,0.957767,3492
XC774101,71.99115646258504,0.981881,3492
XC389515,56.52356009070295,0.872699,3492
XC164674,31.92204081632653,0.941558,3492
XC736669,139.05883333333333,0.975779,3492
XC353224,12.79325,0.964752,3492
XC400278,66.20571428571428,0.813616,3492
XC100388,63.955,0.854461,3492
XC736664,748.8406875,0.985665,3492
XC412839,65.94507936507937,0.960356,3492
XC414999,35.0910625,0.569049,3492
XC674136,82.21392290249433,0.653494,3492
XC276434,43.683356009070295,0.951658,3492
XC660626,5.029637188208617,0.866502,3492
XC22356,56.85825,0.954406,3492
XC695312,27.06265306122449,0.390967,3492
XC27619,44.57272108843537,0.568399,3492
XC700047,35.85210416666666,0.115322,3492
XC260814,22.604965986394557,0.341604,3492
XC461974,12.310226757369614,0.472054,3492
XC69100,19.362539682539683,0.453847,3492
XC45843,12.96225,0.85029,3492
XC259430,21.4837641723356,0.873169,3492
XC754598,20.01560090702948,0.382353,3492
XC258605,23.965714285714284,0.930578,3492
XC180811,46.53981859410431,0.879424,3492
XC178515,38.0,0.789016,3492
XC425472,21.823650793650792,0.854785,3492
XC731555,55.0,0.948066,3492
XC229223,42.62848072562358,0.969258,3492
XC767023,28.152766439909296,0.935244,3492
XC25789,32.33839002267574,0.946171,3492
XC718327,312.16648526077097,0.996642,3492
XC390487,16.532902494331065,0.69148,3492
XC229225,14.094263038548753,0.880864,3492
XC736675,265.1219375,0.955781,3492
XC242992,74.64206349206349,0.942854,3492
XC39854,29.615396825396825,0.908264,3492
XC693800,32.689125,0.906888,3492
XC189389,90.3759375,0.0,3492
XC718318,58.38514739229025,0.97007,3492
XC614878,52.26571428571429,0.907698,3492
XC33211,37.04281179138322,0.941167,3492
XC219565,63.099773242630384,0.83402,3492
XC565141,48.57575,0.957067,3492
XC717049,355.6531065759637,0.993858,3492
XC504710,52.2449433106576,0.977749,3492
XC101035,78.413,0.0,3492
XC691985,10.8159375,0.0,3492
XC767020,16.855532879818593,0.918362,3492
XC29589,129.0031746031746,0.661117,3492
XC731580,100.15469387755103,0.874052,3492
XC736605,9.943708333333333,0.831387,3492
XC598390,99.68727891156463,0.265257,3492
XC568427,59.25807256235828,0.962876,3492
XC614885,61.43430839002268,0.958069,3492
XC717238,259.99673469387756,0.99066,3492
XC317546,70.60238095238095,0.951873,3492
XC389514,47.676530612244896,0.809166,3492
XC189385,203.79977083333333,0.809198,3492
XC248385,17.1440589569161,0.932272,3492
XC742461,30.975770833333332,0.0,3492
XC381988,28.350270833333333,0.0,3492
XC471402,86.70761904761905,0.952018,3492
XC297631,62.472,0.778585,3492
XC70597,35.85725,0.958742,3492
XC92620,44.40551020408163,0.487811,3492
XC432542,31.464979166666666,0.911835,3492
XC102621,5.2585625,0.822206,3492
XC736651,23.046833333333332,0.738275,3492
XC731535,175.68362811791383,0.949266,3492
XC552747,33.71419501133787,0.0,3492
XC664109,43.08637188208617,0.511393,3492
XC451918,9.024979166666666,0.0,3492
XC717219,93.1352380952381,0.965299,3492
XC717220,141.9145351473923,0.989035,3492
XC196808,82.42197278911564,0.627609,3492
XC690428,3.0823356009070295,0.395956,3492
XC754579,4.794920634920635,0.354164,3492
XC682174,35.47408333333333,0.652186,3492
XC737975,40.066625,0.0,3492
XC717027,62.108321995464856,0.948527,3492
XC266914,20.634416666666667,0.907695,3492
XC156549,27.382458333333332,0.0,3492
XC258604,19.001133786848072,0.863916,3492
XC273826,26.548571428571428,0.813418,3492
XC669919,26.421224489795918,0.849716,3492
XC769413,48.23466666666667,0.895845,3492
XC736595,251.39929166666667,0.98451,3492
XC731585,249.20816326530613,0.990038,3492
XC717480,10.772154195011337,0.99408,3492
XC663426,70.68907029478459,0.855581,3492
XC700617,13.639583333333333,0.95433,3492
XC156253,124.01002083333333,0.908329,3492
XC236712,46.608979166666664,0.115239,3492
XC95320,10.41172335600907,0.176873,3492
XC731501,230.1440589569161,0.950659,3492
XC349276,9.431360544217688,0.118916,3492
XC256117,22.0050625,0.957299,3492
XC449941,100.54904761904761,0.987475,3492
XC674134,47.39607709750567,0.851662,3492
XC614863,41.895102040816326,0.956904,3492
XC29084,11.131224489795919,0.75322,3492
XC8798,13.7285,0.931833,3492
XC162691,59.96580498866213,0.0,3492
XC717237,12.211791383219955,0.950563,3492
XC552378,67.45183673469388,0.55522,3492
XC286141,70.42907029478458,0.893803,3492
XC741171,34.25721088435374,0.353283,3492
XC47914,26.420816326530613,0.700249,3492
XC717235,25.661451247165534,0.912203,3492
XC721914,30.772108843537413,0.491422,3492
XC731495,306.6595691609977,0.990016,3492
XC242996,50.45619047619048,0.903417,3492
XC264622,36.551972789115645,0.826108,3492
XC512493,27.596958333333333,0.940382,3492
XC166996,14.637416666666667,0.0,3492
XC88181,23.42578231292517,0.27178,3492
XC276831,13.3838125,0.38267,3492
XC729587,187.94433106575963,0.808216,3492
XC756137,4.383541666666667,0.950029,3492
XC262473,21.148979591836735,0.921151,3492
XC756136,13.548104166666667,0.574221,3492
XC100390,64.53,0.892338,3492
XC155510,98.09349206349206,0.843836,3492
XC276857,8.966734693877552,0.946001,3492
XC731584,29.769795918367347,0.199938,3492
XC692727,50.61213151927438,0.253053,3492
XC717490,75.33414965986394,0.992496,3492
XC42257,21.92034013605442,0.597365,3492
XC725922,143.43595833333333,0.928543,3492
XC13142,32.04331065759637,0.965366,3492
XC122147,27.3108125,0.0,3492
XC292446,45.019024943310654,0.960979,3492
XC654582,23.56800453514739,0.913792,3492
XC717487,4.8363038548752835,0.128327,3492
XC121431,23.079342403628118,0.6966,3492
XC164205,8.706916099773242,0.0,3492
XC329832,171.32399092970522,0.961822,3492
XC731545,389.7304535147392,0.963115,3492
XC717465,3.0868027210884352,0.621577,3492
XC772588,58.51863945578231,0.644426,3492
XC154860,18.834285714285713,0.493334,3492
XC671047,10.712895833333333,0.0,3492
XC102558,15.0985,0.925588,3492
XC273706,110.52941043083901,0.845711,3492
XC664303,16.75883333333333,0.446827,3492
XC388833,52.74122448979592,0.927827,3492
XC616439,24.770907029478458,0.193552,3492
XC667363,15.420875,0.44063,3492
XC717292,151.018820861678,0.962765,3492
XC614857,115.63877551020408,0.962168,3492
XC250901,81.48022675736962,0.921502,3492
XC721435,122.19696145124716,0.311143,3492
XC688131,121.73866666666666,0.79645,3492
XC724334,48.13775,0.907448,3492
XC101820,36.62702947845805,0.939407,3492
XC69101,28.56598639455782,0.252713,3492
XC19877,19.040657596371883,0.687359,3492
XC335298,152.77551020408163,0.95779,3492
XC86463,102.344,0.949493,3492
XC684297,61.62469387755102,0.599696,3492
XC166728,79.798625,0.928239,3492
XC639031,10.872979166666667,0.0,3492
XC736677,265.2981458333333,0.982462,3492
XC296851,14.812244897959184,0.0,3492
XC717051,128.54566893424035,0.983391,3492
XC23005,43.311133786848075,0.758983,3492
XC718294,207.83020408163264,0.990678,3492
XC702898,45.91764583333333,0.392162,3492
XC560765,20.816083333333335,0.0,3492
XC676216,61.34571428571429,0.975663,3492
XC614886,23.766439909297052,0.772633,3492
XC70596,30.45725,0.95753,3492
XC699153,9.668125,0.0,3492
XC731583,770.5800907029478,0.990404,3492
XC260190,33.66893424036281,0.972596,3492
XC683958,113.17498866213153,0.956072,3492
XC167271,18.807709750566893,0.738358,3492
XC53980,36.65310657596372,0.0,3492
XC229220,68.87408163265306,0.931218,3492
XC774109,42.1581179138322,0.979588,3492
XC769403,22.405375,0.841701,3492
XC736671,67.83227083333334,0.99413,3492
XC171181,40.68175,0.813455,3492
XC371203,37.18632653061224,0.92263,3492
XC314821,85.97104166666666,0.893296,3492
XC728485,34.804229166666666,0.242589,3492
XC90655,6.4605,0.406168,3492
XC259427,22.684512471655328,0.729997,3492
XC502836,4.677125,0.606127,3492
XC30747,39.52358276643991,0.891823,3492
XC98038,11.531269841269841,0.124608,3492
XC169248,44.72163265306123,0.793478,3492
XC114396,73.4626875,0.909789,3492
XC673025,63.17333333333333,0.669958,3492
XC3103,20.945691609977324,0.90669,3492
XC511424,15.186054421768707,0.755333,3492
XC665584,25.60238095238095,0.760788,3492
XC729602,354.32489795918366,0.985898,3492
XC47028,14.3305,0.383705,3492
XC616142,24.04582766439909,0.900543,3492
XC739381,17.5935625,0.0,3492
XC407547,104.832,0.912688,3492
XC286049,55.67204081632653,0.835638,3492
XC1896,35.36179138321995,0.0,3492
XC505533,87.36648526077097,0.914337,3492
XC258606,23.155600907029477,0.927918,3492
XC729592,353.0556689342404,0.980568,3492
XC676030,11.637891156462585,0.135296,3492
XC229513,37.46065625,0.894948,3492
XC393488,17.870125,0.600292,3492
XC500310,325.2284375,0.974686,3492
XC676311,37.30113378684807,0.945565,3492
XC483641,17.088979166666668,0.897588,3492
XC90691,17.860884353741497,0.867936,3492
XC259432,27.099727891156462,0.0,3492
XC717217,28.001927437641722,0.967508,3492
XC717483,9.218163265306123,0.974015,3492
XC19263,25.446507936507935,0.943551,3492
XC400279,169.64786848072563,0.857285,3492
XC525014,74.33392290249434,0.741125,3492
XC53979,29.731337868480725,0.0,3492
XC190314,53.38612244897959,0.825977,3492
XC106498,102.10807256235827,0.461634,3492
XC7811,64.77013605442177,0.88449,3492
XC736668,108.54966666666667,0.98229,3492
XC259426,23.786031746031746,0.743224,3492
XC39061,18.761791383219954,0.857784,3492
XC271533,37.335351473922906,0.938092,3492
XC674751,59.384739229024945,0.392667,3492
XC718317,22.297392290249434,0.987091,3492
XC731496,188.27580498866214,0.95251,3492
XC648910,26.341179138321994,0.855125,3492
XC320936,20.919750566893423,0.975448,3492
XC298946,37.44015873015873,0.506304,3492
XC567310,69.32125,0.818312,3492
XC771599,18.052721088435373,0.934894,3492
XC470048,27.855918367346938,0.955179,3492
XC510185,85.8146485260771,0.972631,3492
XC143144,60.040589569161,0.722134,3492
XC736653,189.7815625,0.982375,3492
XC422286,32.80002267573696,0.764279,3492
XC731519,134.58718820861677,0.28471,3492
XC158131,25.681655328798186,0.939334,3492
XC161623,11.782416666666666,0.0,3492
XC53928,35.68299319727891,0.650645,3492
XC717288,139.10834467120182,0.984384,3492
XC302615,1.56,0.0,3492
XC249632,95.69002267573696,0.854225,3492
XC725972,19.221333333333334,0.354534,3492
XC190305,54.20131519274376,0.943873,3492
XC264620,23.017687074829933,0.946227,3492
XC235761,52.43387755102041,0.557212,3492
XC717047,318.8770975056689,0.971891,3492
XC101036,58.166,0.967852,3492
XC29020,54.46648526077097,0.915619,3492
XC729582,54.09224489795918,0.95319,3492
XC67991,76.459625,0.859628,3492
XC616145,47.47795918367347,0.861765,3492
XC616440,14.992403628117914,0.237371,3492
XC302613,17.050479166666666,0.404878,3492
XC717034,173.3374603174603,0.969433,3492
XC614879,67.62571428571428,0.918471,3492
XC228774,47.23705215419501,0.964384,3492
XC316482,94.43709750566893,0.983091,3492
XC674133,290.96414965986395,0.93579,3492
XC149603,68.34925,0.864393,3492
XC368209,65.90092970521542,0.763489,3492
XC664297,11.3386875,0.88259,3492
XC404985,66.4239455782313,0.875121,3492
XC322053,74.10732426303855,0.704565,3492
XC120380,35.928117913832196,0.363993,3492
XC447875,39.94625,0.902231,3492
XC730672,57.04066666666667,0.816356,3492
XC19485,35.63433106575964,0.983944,3492
XC189388,24.26025,0.61236,3492
XC150454,94.4892970521542,0.865401,3492
XC525015,42.64628117913832,0.879022,3492
XC142551,57.38297052154195,0.909005,3492
XC741460,67.12579166666667,0.36197,3492
XC772655,22.551360544217687,0.0,3492
XC229219,36.509455782312926,0.963577,3492
XC731540,236.62773242630385,0.967226,3492
XC347210,10.101229166666666,0.843722,3492
XC69103,43.685260770975056,0.439012,3492
XC246018,113.72208616780046,0.627209,3492
XC96022,71.34922902494331,0.972521,3492
XC452171,61.31655328798186,0.207813,3492
XC767025,30.156689342403627,0.93324,3492
XC534760,23.704375,0.33706,3492
XC388835,13.923265306122449,0.956489,3492
XC729583,35.52106575963719,0.874044,3492
XC132907,134.12285714285716,0.937798,3492
XC730735,48.83291666666667,0.789225,3492
XC674968,110.37163265306123,0.880088,3492
XC266540,27.9589375,0.918538,3492
XC425471,51.966031746031746,0.95462,3492
XC676159,93.96882086167801,0.875326,3492
XC101034,74.264,0.0,3492
XC290828,49.247142857142855,0.875502,3492
XC266109,23.780354166666665,0.929542,3492
XC731581,492.51897959183674,0.945057,3492
XC736672,186.53214583333335,0.958079,3492
XC729596,91.45138321995465,0.977638,3492
XC656072,45.69687074829932,0.0,3492
XC634294,24.745873015873016,0.889908,3492
XC199210,57.63721088435374,0.592925,3492
XC674132,79.1847619047619,0.857169,3492
XC286046,36.892426303854876,0.952442,3492
XC90654,26.7909375,0.891252,3492
XC530054,31.763900226757368,0.87453,3492
XC731509,529.7669387755102,0.941078,3492
XC731497,370.72632653061225,0.934755,3492
XC695999,34.65270833333334,0.885041,3492
XC100397,20.893,0.913092,3492
XC500330,75.281375,0.97911,3492
XC773731,33.617302083333335,0.653719,3492
XC736593,104.34908333333334,0.983987,3492
XC714487,36.292,0.904686,3492
XC588707,36.76299319727891,0.0,3492
XC962669,2.0647392290249433,0.858812,3492
XC614856,37.89836734693878,0.837778,3492
XC269406,31.291875,0.955652,3492
XC483640,18.744979166666667,0.812491,3492
XC213785,106.49628117913832,0.934428,3492
XC223700,40.82764172335601,0.910489,3492
XC223696,41.50175,0.984081,3492
XC235262,69.43383219954649,0.928435,3492
XC506969,12.206167800453514,0.953282,3492
XC641658,26.410725623582767,0.958091,3492
XC731566,329.70845804988664,0.958021,3492
XC387316,55.9,0.987091,3492
XC742587,53.77732426303855,0.829681,3492
XC735332,22.4569375,0.893897,3492
XC223694,25.61578125,0.985896,3492
XC29921,29.923786848072563,0.876127,3492
XC41547,4.97609977324263,0.0,3492
XC639028,16.392979166666667,0.0,3492
XC72396,39.62854166666666,0.967643,3492
XC398497,56.404604166666665,0.443186,3492
XC766350,15.5281179138322,0.922348,3492
XC763503,22.8498125,0.950091,3492
XC732886,25.01251700680272,0.201126,3492
XC36024,55.218480725623586,0.308604,3492
XC19161,40.04628117913832,0.458934,3492
XC214239,55.67306122448979,0.879493,3492
XC568425,97.2653514739229,0.974004,3492
XC412325,1.9125625,0.333117,3492
XC46538,19.73267573696145,0.856875,3492
XC329831,110.64299319727891,0.94957,3492
XC635422,35.43447916666667,0.408235,3492
XC296852,10.629909297052155,0.754104,3492
XC121785,19.658458333333332,0.921396,3492
XC161619,21.213208333333334,0.530808,3492
XC134455,41.729795918367344,0.583805,3492
XC409835,26.622395833333332,0.0,3492
XC262474,14.617301587301588,0.759013,3492
XC445512,48.180997732426306,0.90167,3492
XC90171,32.81122448979592,0.965043,3492
XC428318,22.397278911564626,0.941963,3492
XC688135,12.179125,0.0,3492
XC525017,30.122879818594104,0.842068,3492
XC102557,78.8406875,0.856597,3492
XC432119,15.08827664399093,0.4707,3492
XC500324,164.4475,0.971546,3492
XC707852,28.260625,0.0,3492
XC386207,49.318820861678006,0.942222,3492
XC688129,95.37895833333333,0.855008,3492
XC320009,72.88800453514739,0.964653,3492
XC6395,36.13548752834467,0.947541,3492
XC27768,51.45412698412699,0.215196,3492
XC410359,56.82214583333333,0.892336,3492
XC744136,33.94308390022676,0.955883,3492
XC594854,10.143809523809523,0.368698,3492
XC397023,26.99609977324263,0.867322,3492
XC731530,387.04755102040815,0.984061,3492
XC250902,30.20698412698413,0.898153,3492
XC276435,33.07868480725624,0.200862,3492
XC251446,51.14879818594104,0.881469,3492
XC641716,12.133401360544218,0.931153,3492
XC614882,16.974285714285713,0.66468,3492
XC496267,52.50687074829932,0.952583,3492
XC682171,26.592229166666666,0.630669,3492
XC156107,76.02883333333334,0.641677,3492
XC736590,78.0169375,0.966696,3492
XC741172,25.010589569161,0.201126,3492
XC693801,120.530125,0.97024,3492
XC264623,22.25938775510204,0.152131,3492
XC407634,34.638875,0.8646,3492
XC717482,23.8,0.986957,3492
XC48482,34.48231292517007,0.892366,3492
XC756164,22.6989375,0.983812,3492
XC470278,30.137619047619047,0.865258,3492
XC106500,80.0109977324263,0.864429,3492
XC742588,112.19149659863946,0.835768,3492
XC642287,26.839637188208616,0.89592,3492
XC731522,282.6502721088435,0.903191,3492
XC736602,79.02633333333333,0.986536,3492
XC28597,102.27156462585035,0.898207,3492
XC8042,32.49551020408163,0.864243,3492
XC731494,204.35591836734693,0.953369,3492
XC684298,94.29897959183674,0.533274,3492
XC209072,166.55659863945579,0.952014,3492
XC229515,32.7154375,0.952931,3492
XC731586,338.0587755102041,0.992008,3492
XC529078,26.131678004535146,0.0,3492
XC675082,89.31877551020408,0.750039,3492
XC552376,118.35836734693878,0.950623,3492
XC707796,37.7733560090703,0.449285,3492
XC429971,96.04852083333333,0.160706,3492
XC40751,35.55319727891156,0.982344,3492
XC631177,25.416757369614512,0.96472,3492
XC259431,16.103174603174605,0.533935,3492
XC100389,41.567,0.829592,3492
XC731537,237.07732426303855,0.959274,3492
XC320934,19.205419501133786,0.638104,3492
XC115775,57.726416666666665,0.986397,3492
XC2514,36.22643990929705,0.914054,3492
XC1625,36.69002267573696,0.838514,3492
XC552370,44.59639455782313,0.883237,3492
XC773151,7.01925,0.648413,3492
XC505536,87.79433106575964,0.900242,3492
XC456902,30.384,0.877291,3492
XC395311,13.01265306122449,0.0,3492
XC364191,23.600816326530612,0.189955,3492
XC731579,321.5261678004535,0.428259,3492
XC729586,126.71625850340136,0.825176,3492
XC156106,85.58389583333333,0.96588,3492
XC290829,45.746303854875286,0.914575,3492
XC336751,53.97544217687075,0.898763,3492
XC676160,260.4309297052154,0.780803,3492
XC669920,12.264784580498866,0.664227,3492
XC638143,8.424979166666667,0.194345,3492
XC674750,20.49219954648526,0.495493,3492
XC44170,20.326507936507937,0.0,3492
XC156109,209.7825,0.744036,3492
XC539755,32.95208616780045,0.200704,3492
XC731543,602.2572562358276,0.985143,3492
XC717023,168.53256235827664,0.987141,3492
XC436107,29.557375,0.957132,3492
XC268491,18.639291666666665,0.570696,3492
XC736658,55.505,0.289393,3492
XC670632,67.45387755102041,0.769596,3492
XC127523,16.414708333333333,0.810571,3492
XC154859,73.4471201814059,0.565766,3492
XC470231,66.54038548752834,0.960538,3492
XC424554,89.62254166666666,0.0,3492
XC284124,73.46621315192743,0.364252,3492
XC717234,6.251564625850341,0.969161,3492
XC170826,92.74043083900227,0.927438,3492
XC732459,10.591904761904761,0.0,3492
XC717233,155.03578231292516,0.969005,3492
XC400282,57.7424716553288,0.301686,3492
XC718320,131.2616326530612,0.984072,3492
XC166730,58.1511875,0.902564,3492
XC174050,38.817959183673466,0.800866,3492
XC731573,396.26367346938775,0.976263,3492
XC645630,24.11392290249433,0.947922,3492
XC92618,76.17380952380952,0.943058,3492
XC628125,53.42922902494331,0.967646,3492
XC335316,152.38630385487528,0.971127,3492
XC353225,9.416020833333333,0.0,3492
XC387317,27.313877551020408,0.966186,3492
XC717022,79.58111111111111,0.98806,3492
XC774107,61.77988662131519,0.0,3492
XC717222,157.53718820861678,0.981036,3492
XC23622,18.807845804988663,0.938038,3492
XC92619,52.74682539682539,0.959821,3492
XC1940,52.627596371882085,0.854859,3492
XC496266,85.1809977324263,0.920367,3492
XC317808,11.993922902494331,0.860715,3492
XC321867,54.189145833333335,0.966379,3492
XC424472,121.193,0.268326,3492
XC262940,17.436349206349206,0.959335,3492
XC322051,94.45646258503402,0.948768,3492
XC732891,38.90675736961451,0.216859,3492
XC492567,18.086167800453516,0.957025,3492
XC417505,26.849395833333332,0.0,3492
XC731565,104.25469387755102,0.982057,3492
XC562169,13.541708333333334,0.416816,3492
XC663424,29.72154195011338,0.888175,3492
XC447739,55.40748299319728,0.983114,3492
XC62929,16.15077097505669,0.0,3492
XC682538,11.637687074829932,0.420822,3492
XC520027,19.2,0.804649,3492
XC614665,114.8908843537415,0.692029,3492
XC736624,92.54947916666667,0.870721,3492
XC671372,81.14888888888889,0.947078,3492
XC627071,322.4309297052154,0.895719,3492
XC408327,100.22727083333334,0.967718,3492
XC403698,15.951875,0.585324,3492
XC204225,41.44668934240363,0.296154,3492
XC7089,7.318707482993197,0.317496,3492
XC204796,33.28142857142857,0.0,3492
XC612953,42.8241875,0.0,3492
XC453867,16.25857142857143,0.853346,3492
XC634052,14.64,0.992161,3492
XC739383,19.537375,0.0,3492
XC313446,77.88333333333334,0.139542,3492
XC544431,27.6062358276644,0.849361,3492
XC517320,9.22325,0.941817,3492
XC223710,16.653,0.883253,3492
XC205322,20.70469387755102,0.869926,3492
XC360004,17.588730158730158,0.885936,3492
XC578918,35.426,0.180092,3492
XC322680,8.446621315192743,0.795594,3492
XC270007,24.020791666666668,0.882425,3492
XC400281,11.60936507936508,0.700475,3492
XC529368,12.282335600907029,0.919536,3492
XC192429,30.373537414965988,0.430674,3492
XC714481,22.074666666666666,0.58141,3492
XC229240,22.715918367346937,0.970067,3492
XC3112,59.89639455782313,0.900702,3492
XC360403,31.13297052154195,0.882973,3492
XC717223,18.946689342403626,0.991797,3492
XC180516,33.0924716553288,0.988832,3492
XC432254,12.360340136054422,0.835588,3492
XC203384,15.589387755102042,0.201408,3492
XC223703,25.5785,0.0,3492
XC303510,7.3043125,0.153218,3492
XC475035,39.888979166666665,0.529988,3492
XC192768,9.699002267573697,0.882325,3492
XC229236,25.50984126984127,0.875039,3492
XC409291,17.72514739229025,0.704607,3492
XC640156,10.698208616780045,0.0,3492
XC580583,13.650045351473922,0.298829,3492
XC511965,38.088,0.727849,3492
XC514470,34.557625,0.982708,3492
XC514371,26.661270833333333,0.990786,3492
XC235764,28.037256235827666,0.478286,3492
XC322783,10.326349206349207,0.685376,3492
XC530841,4.350453514739229,0.0,3492
XC150942,24.752222222222223,0.924008,3492
XC634066,2.431375,0.956371,3492
XC694812,30.66,0.774305,3492
XC229227,24.827006802721087,0.807769,3492
XC767412,5.7576875,0.178778,3492
XC614719,3.0333560090702947,0.345496,3492
XC127469,164.75151927437642,0.472292,3492
XC424685,119.17383333333333,0.448324,3492
XC640158,2.730861678004535,0.0,3492
XC314359,41.07732426303855,0.746093,3492
XC516659,11.193229166666667,0.975794,3492
XC404043,34.544013605442174,0.0,3492
XC407838,54.52697916666666,0.690647,3492
XC15775,56.92954648526077,0.768286,3492
XC598394,49.510884353741496,0.25172,3492
XC63959,34.5,0.0,3492
XC23740,12.04888888888889,0.91913,3492
XC41668,101.79918367346939,0.952093,3492
XC421983,26.540408163265305,0.907754,3492
XC291823,30.116349206349206,0.0,3492
XC141634,40.29349206349206,0.18564,3492
XC15448,51.07861678004535,0.979558,3492
XC514364,75.20845833333334,0.920085,3492
XC721429,13.09671201814059,0.0,3492
XC516660,8.185125,0.542199,3492
XC100395,77.554,0.943242,3492
XC338085,76.28417233560091,0.0,3492
XC734236,21.507791666666666,0.909052,3492
XC621530,31.317333333333334,0.0,3492
XC660336,16.483265306122448,0.0,3492
XC634173,84.88316666666667,0.977979,3492
XC64975,32.63510204081633,0.434244,3492
XC438599,17.880979166666666,0.226512,3492
XC205321,21.076145124716554,0.819669,3492
XC205155,6.5876190476190475,0.0,3492
XC517081,36.976708333333335,0.987484,3492
XC365344,34.56,0.952043,3492
XC514328,80.0675625,0.810789,3492
XC34470,13.725351473922903,0.816184,3492
XC62930,50.165079365079364,0.0,3492
XC681996,7.117541666666667,0.0,3492
XC229235,20.445736961451246,0.956414,3492
XC670847,34.82993197278912,0.601947,3492
XC512203,99.63925,0.947211,3492
XC351193,48.317142857142855,0.290123,3492
XC152852,3.5208843537414967,0.0,3492
XC514350,11.134270833333334,0.939407,3492
XC287834,50.81646258503401,0.425873,3492
XC514442,14.98175,0.3478,3492
XC515018,97.1484375,0.982979,3492
XC714479,61.444,0.725439,3492
XC114430,34.82175,0.0,3492
XC4242,22.130589569160996,0.0,3492
XC680456,16.675555555555555,0.194947,3492
XC205156,39.69598639455782,0.0,3492
XC694817,25.259916666666665,0.785081,3492
XC646146,41.0,0.28936,3492
XC62931,220.89433106575964,0.0,3492
XC289858,26.98548752834467,0.907998,3492
XC99239,46.14181405895692,0.820118,3492
XC694821,23.077333333333332,0.73502,3492
XC717475,85.05469387755102,0.978148,3492
XC515019,45.491375,0.990656,3492
XC250060,50.05510204081633,0.827885,3492
XC628123,7.162494331065759,0.0,3492
XC83491,21.556077097505668,0.862076,3492
XC694824,47.9645,0.846755,3492
XC655652,2.235283446712018,0.533617,3492
XC69226,26.926734693877552,0.908407,3492
XC335303,45.33956916099773,0.97867,3492
XC512210,198.16675,0.910269,3492
XC528843,48.27827664399093,0.220258,3492
XC95319,45.38424036281179,0.0,3492
XC485257,8.362791666666666,0.891413,3492
XC40409,40.94766666666667,0.906692,3492
XC614624,15.759569160997733,0.0,3492
XC544454,68.49375,0.0,3492
XC353379,89.9125850340136,0.633832,3492
XC736598,122.0245625,0.969548,3492
XC269392,124.57939583333334,0.321079,3492
XC453969,4.344979166666667,0.473732,3492
XC150944,14.760045351473924,0.406157,3492
XC529757,4.7181179138322,0.0,3492
XC125125,5.235270833333334,0.595074,3492
XC468745,51.15637188208617,0.396793,3492
XC500276,43.362625,0.941794,3492
XC512204,24.7141875,0.969136,3492
XC640146,9.33984126984127,0.0,3492
XC119864,79.80760416666666,0.955855,3492
XC736644,776.1090625,0.981702,3492
XC529367,125.25453514739229,0.9452,3492
XC535142,119.0,0.517139,3492
XC731551,17.179909297052156,0.220673,3492
XC529369,638.1916780045351,0.949663,3492
XC497550,137.053875,0.754844,3492
XC479514,24.18392290249433,0.867195,3492
XC235766,9.43907029478458,0.840366,3492
XC100394,45.036,0.908086,3492
XC545236,32.6143537414966,0.961636,3492
XC55379,31.707074829931972,0.995492,3492
XC360395,39.41637188208617,0.808681,3492
XC143240,9.539546485260772,0.0,3492
XC243335,27.078526077097507,0.193145,3492
XC8283,3.9955555555555557,0.9646,3492
XC164939,20.558367346938777,0.0,3492
XC305629,21.5820625,0.339934,3492
XC714483,106.35129166666667,0.830503,3492
XC147427,25.5400625,0.917468,3492
XC634168,67.97635416666667,0.994044,3492
XC69224,254.60002267573697,0.92502,3492
XC616148,47.268820861678,0.946678,3492
XC239425,4.702040816326531,0.994811,3492
XC514373,73.6115625,0.778905,3492
XC184507,28.570020833333334,0.746808,3492
XC287294,15.163038548752834,0.892311,3492
XC169430,51.16702083333333,0.574101,3492
XC69099,32.50997732426304,0.167595,3492
XC514375,8.4739375,0.961469,3492
XC180511,40.810544217687074,0.923695,3492
XC546704,19.555124716553287,0.957058,3492
XC361125,12.100748299319728,0.834874,3492
XC269394,3.499875,0.980548,3492
XC37700,30.981269841269842,0.0,3492
XC150940,40.44192743764172,0.198286,3492
XC118201,7.003424036281179,0.785301,3492
XC514451,45.02160416666667,0.596395,3492
XC638142,19.824979166666665,0.0,3492
XC516613,62.46885416666667,0.968259,3492
XC408101,25.043356009070294,0.258497,3492
XC269403,4.771875,0.0,3492
XC294269,26.644897959183673,0.837162,3492
XC14220,71.58342403628117,0.74005,3492
XC626780,43.260875,0.367771,3492
XC470049,11.500770975056689,0.902731,3492
XC635474,25.06501133786848,0.896736,3492
XC308164,26.644897959183673,0.837162,3492
XC144613,41.22984126984127,0.889097,3492
XC145028,82.11079365079365,0.783009,3492
XC378934,15.654399092970522,0.263648,3492
XC56864,23.80235827664399,0.823769,3492
XC512208,134.5425625,0.976015,3492
XC699152,10.460125,0.0,3492
XC408625,14.56312925170068,0.0,3492
XC42255,30.907528344671203,0.345161,3492
XC489566,30.813916666666668,0.98057,3492
XC714957,41.77378684807256,0.786638,3492
XC250059,28.583945578231294,0.816856,3492
XC699738,33.46392290249433,0.0,3492
XC23922,14.641927437641723,0.0,3492
XC514333,75.04422916666667,0.886112,3492
XC717484,14.051587301587302,0.986516,3492
XC438590,4.368979166666667,0.475751,3492
XC398494,18.923945578231294,0.0,3492
XC193601,31.52589569160998,0.114134,3492
XC158699,67.5265306122449,0.735765,3492
XC714484,61.01733333333333,0.883913,3492
XC754618,49.48172335600907,0.873483,3492
XC517141,53.19175,0.957453,3492
XC135352,33.1905,0.965412,3492
XC511539,29.069625,0.948245,3492
XC704870,3.694375,0.753584,3492
XC118189,93.640589569161,0.924361,3492
XC616454,18.388548752834467,0.922016,3492
XC398483,7.6900625,0.0,3492
XC292511,16.75215419501134,0.931728,3492
XC635493,30.413401360544217,0.558301,3492
XC634059,9.423729166666666,0.983921,3492
XC109776,33.76632653061225,0.973442,3492
XC433216,30.878526077097504,0.785008,3492
XC612956,44.007020833333335,0.0,3492
XC334885,35.87253968253968,0.91653,3492
XC100392,70.70433333333334,0.937735,3492
XC230213,10.3228125,0.784185,3492
XC42253,136.8508843537415,0.528367,3492
XC286142,36.26424036281179,0.991395,3492
XC438587,27.864979166666668,0.803452,3492
XC67990,70.4851875,0.869563,3492
XC704606,13.745736961451247,0.0,3492
XC390191,14.074291666666667,0.510369,3492
XC304221,18.19185941043084,0.821332,3492
XC292709,41.275555555555556,0.9186,3492
XC132412,51.580453514739226,0.901718,3492
XC28542,26.050204081632653,0.934713,3492
XC436517,27.116643990929706,0.803921,3492
XC425441,17.275102040816325,0.143404,3492
XC429692,48.646166666666666,0.958168,3492
XC499849,22.208163265306123,0.885885,3492
XC586742,18.92036281179138,0.982799,3492
XC428468,30.09265306122449,0.966891,3492
XC269399,3.4993958333333333,0.980548,3492
XC711613,25.36390022675737,0.964096,3492
XC578391,1.3057596371882085,0.0,3492
XC634140,62.4814375,0.986638,3492
XC159928,33.441625,0.404805,3492
XC520280,20.07455782312925,0.843439,3492
XC102910,29.053015873015873,0.948239,3492
XC634170,233.283875,0.986806,3492
XC520311,29.296439909297053,0.184943,3492
XC514327,24.051875,0.982715,3492
XC517372,83.87983333333334,0.986737,3492
XC617454,45.22086167800453,0.892798,3492
XC457418,113.18537414965986,0.468541,3492
XC122113,27.551416666666668,0.0,3492
XC548893,17.835668934240363,0.921336,3492
XC444491,90.35289583333333,0.965314,3492
XC694818,8.153229166666666,0.829765,3492
XC451919,7.056979166666666,0.688511,3492
XC322879,26.103650793650793,0.483751,3492
XC615864,7.036689342403628,0.111609,3492
XC229234,1.9680498866213152,0.959435,3492
XC514340,106.264625,0.929149,3492
XC514334,21.9943125,0.974296,3492
XC249658,22.656462585034014,0.906822,3492
XC514376,65.60247916666667,0.931469,3492
XC529311,357.18609977324263,0.467929,3492
XC441196,3.4082086167800454,0.239105,3492
XC360003,89.44458049886622,0.14212,3492
XC618654,23.207479166666666,0.0,3492
XC241045,15.545804988662132,0.0,3492
XC216827,23.850022675736962,0.716334,3492
XC22978,21.551133786848073,0.959679,3492
XC33065,43.83390022675737,0.0,3492
XC20655,36.51997732426304,0.427142,3492
XC172872,20.124897959183674,0.0,3492
XC222858,35.63469387755102,0.576029,3492
XC516662,150.35902083333335,0.991328,3492
XC300473,5.4170068027210885,0.0,3492
XC616144,10.332312925170068,0.0,3492
XC531463,25.446757369614513,0.939179,3492
XC386424,138.0334375,0.871868,3492
XC671404,58.331927437641724,0.573974,3492
XC208011,35.091791383219956,0.642725,3492
XC517205,12.722020833333334,0.779145,3492
XC694810,35.13214583333333,0.381157,3492
XC279341,49.71075,0.734282,3492
XC148214,63.906666666666666,0.897288,3492
XC274899,39.27208616780045,0.966148,3492
XC514284,83.75216666666667,0.980537,3492
XC708008,14.3515,0.569373,3492
XC223711,13.200375,0.24388,3492
XC204804,36.523809523809526,0.0,3492
XC714477,68.94,0.613558,3492
XC438589,10.440979166666667,0.548575,3492
XC119198,10.084943310657597,0.922731,3492
XC635475,7.495306122448979,0.879298,3492
XC514472,17.15475,0.993138,3492
XC332172,13.012244897959183,0.478687,3492
XC652264,51.189708333333336,0.825812,3492
XC230214,13.47040625,0.638965,3492
XC514377,61.82,0.985396,3492
XC736645,454.0555,0.981663,3492
XC239387,19.950997732426305,0.969275,3492
XC204798,27.60625850340136,0.0,3492
XC717224,131.91630385487528,0.986112,3492
XC49729,11.220340136054421,0.0,3492
XC39229,11.851904761904763,0.0,3492
XC19484,59.00829931972789,0.929663,3492
XC514473,35.17789583333333,0.993365,3492
XC314360,66.20671201814059,0.860192,3492
XC452638,32.824603174603176,0.94708,3492
XC206979,8.658843537414967,0.214845,3492
XC307458,27.528979166666666,0.90615,3492
XC514480,160.2156875,0.991516,3492
XC349245,19.37832199546485,0.948555,3492
XC286143,116.19113378684807,0.847895,3492
XC732479,45.423791666666666,0.502038,3492
XC572864,17.18975,0.365113,3492
XC354168,73.15575963718821,0.945952,3492
XC736646,293.34152083333333,0.979912,3492
XC330499,8.7421875,0.911886,3492
XC577033,11.960104166666667,0.0,3492
XC413250,149.3184126984127,0.220063,3492
XC90268,7.813922902494331,0.61099,3492
XC42247,15.074648526077098,0.978361,3492
XC250223,15.575714285714286,0.714984,3492
XC223707,48.69265625,0.331684,3492
XC500325,193.848875,0.977014,3492
XC477356,93.85814058956916,0.925403,3492
XC389156,27.767270833333335,0.722281,3492
XC166541,75.2309977324263,0.0,3492
XC514354,82.16866666666667,0.837798,3492
XC516588,12.179604166666667,0.819089,3492
XC36066,42.481972789115645,0.973834,3492
XC351680,17.504648526077098,0.937515,3492
XC514372,4.464604166666667,0.909403,3492
XC437483,73.7867573696145,0.0,3492
XC514336,57.00397916666667,0.917504,3492
XC449937,18.84360544217687,0.856934,3492
XC121787,42.67539583333333,0.969033,3492
XC634063,117.89229166666667,0.976925,3492
XC405346,100.87025,0.938359,3492
XC37726,21.841678004535147,0.113092,3492
XC176402,31.91780045351474,0.582135,3492
XC286115,37.17843537414966,0.747161,3492
XC167026,27.449931972789116,0.90161,3492
XC205154,132.94263038548752,0.0,3492
XC754573,43.280854166666664,0.0,3492
XC156743,25.343832199546487,0.642839,3492
XC47913,20.869274376417234,0.906064,3492
XC517155,30.139291666666665,0.948981,3492
XC28333,139.32843537414965,0.97349,3492
XC321289,58.18403628117914,0.0,3492
XC415874,81.792875,0.609561,3492
XC150786,50.83755102040816,0.963347,3492
XC616146,35.591904761904765,0.854155,3492
XC39851,20.031950113378684,0.662837,3492
XC635578,33.60054421768707,0.881059,3492
XC529309,185.41396825396825,0.913003,3492
XC546753,62.285215419501135,0.950204,3492
XC517208,260.4038958333333,0.987854,3492
XC453851,20.0605625,0.184031,3492
XC628299,35.815215419501136,0.990654,3492
XC516658,8.959729166666667,0.917311,3492
XC204802,42.44512471655329,0.0,3492
XC322878,13.331020408163266,0.389375,3492
XC694811,14.0211875,0.660773,3492
XC404974,11.807210884353742,0.851718,3492
XC248630,12.650249433106575,0.932776,3492
XC516667,53.1915625,0.854385,3492
XC292809,24.739795918367346,0.989517,3492
XC101062,10.684,0.973023,3492
XC407912,45.51197916666667,0.0,3492
XC96396,99.48275,0.757393,3492
XC10744,10.050952380952381,0.916999,3492
XC322828,31.43124716553288,0.744773,3492
XC514347,83.1265625,0.880871,3492
XC58843,22.625645833333333,0.643851,3492
XC154656,34.75342403628118,0.826137,3492
XC156104,81.933125,0.430398,3492
XC151021,19.971950113378686,0.837739,3492
XC439380,3.89031746031746,0.112499,3492
XC514217,9.056541666666666,0.826351,3492
XC307973,34.13006802721088,0.922062,3492
XC20102,28.66963718820862,0.331262,3492
XC390736,1.9159183673469389,0.0,3492
XC577034,24.169145833333335,0.0,3492
XC446971,10.401791383219955,0.0,3492
XC694815,24.2966875,0.550649,3492
XC150941,19.68018140589569,0.622651,3492
XC577947,43.54891156462585,0.854965,3492
XC139701,118.66945578231292,0.917453,3492
XC736636,414.53229166666665,0.968837,3492
XC516649,43.76385416666667,0.995674,3492
XC250040,10.45702947845805,0.810671,3492
XC134456,25.509160997732426,0.835929,3492
XC714954,82.59877551020408,0.599752,3492
XC634325,5.088979166666666,0.802583,3492
XC376366,10.957074829931972,0.894205,3492
XC196809,61.760226757369615,0.721337,3492
XC429909,44.9499375,0.966007,3492
XC63960,80.995,0.0,3492
XC449936,46.243219954648524,0.977118,3492
XC180857,94.54210884353742,0.693609,3492
XC239388,47.25700680272109,0.0,3492
XC180515,4.3277551020408165,0.968032,3492
XC51175,14.037732426303855,0.0,3492
XC155988,34.800583333333336,0.0,3492
XC36105,13.428798185941043,0.946571,3492
XC291039,30.07777777777778,0.195028,3492
XC423078,7.176734693877551,0.0,3492
XC494097,24.91392290249433,0.107257,3492
XC37704,10.405215419501134,0.563394,3492
XC433376,35.05750566893424,0.957207,3492
XC39381,23.67687074829932,0.882321,3492
XC517140,37.5845625,0.950894,3492
XC514357,35.67420833333333,0.919661,3492
XC95309,171.54025,0.0,3492
XC390488,54.57977324263039,0.0,3492
XC228523,59.3289375,0.381583,3492
XC497552,72.8741875,0.736775,3492
XC312505,66.32625850340136,0.0,3492
XC248855,16.517868480725625,0.949957,3492
XC159956,453.3951875,0.33368,3492
XC60124,9.753106575963718,0.922033,3492
XC634056,92.63497916666667,0.91838,3492
XC205157,245.3039909297052,0.690044,3492
XC229241,25.51265306122449,0.925949,3492
XC687036,9.2811875,0.0,3492
XC140327,20.255729166666665,0.136395,3492
XC500308,30.1810625,0.951607,3492
XC332162,6.060181405895691,0.0,3492
XC524072,111.31770975056689,0.86169,3492
XC360007,45.32784580498866,0.977736,3492
XC250299,24.018526077097505,0.481452,3492
XC192428,39.49131519274376,0.772129,3492
XC717473,73.37691609977324,0.942156,3492
XC536672,14.889591836734693,0.127188,3492
XC614722,3.0129478458049888,0.175513,3492
XC409332,46.566757369614514,0.72076,3492
XC235598,28.194920634920635,0.441112,3492
XC51176,10.302539682539683,0.0,3492
XC517005,426.87564583333335,0.995203,3492
XC740664,39.296893424036284,0.0,3492
XC572899,86.47772916666666,0.593982,3492
XC616147,52.7543537414966,0.870032,3492
XC524075,151.34555555555556,0.881343,3492
XC535147,77.0,0.245925,3492
XC228524,19.54040625,0.846336,3492
XC205305,89.02530612244898,0.884722,3492
XC279627,31.02108843537415,0.703048,3492
XC182759,20.208979166666666,0.6267,3492
XC248856,16.49124716553288,0.925542,3492
XC529371,167.16485260770975,0.352447,3492
XC447210,3.255532879818594,0.0,3492
XC255346,73.46954648526076,0.0,3492
XC694813,14.449333333333334,0.523937,3492
XC286019,46.137573696145125,0.137174,3492
XC420195,47.60729166666667,0.89189,3492
XC7209,23.76562358276644,0.874013,3492
XC28806,22.415238095238095,0.824785,3492
XC90214,84.19120181405896,0.916138,3492
XC228522,25.8214375,0.308435,3492
XC714474,45.781333333333336,0.404795,3492
XC83837,10.080291666666668,0.106604,3492
XC270006,40.50791666666667,0.792146,3492
XC517242,100.96316666666667,0.981719,3492
XC229522,27.18603125,0.885919,3492
XC300814,60.16419501133787,0.266948,3492
XC694823,21.484125,0.876939,3492
XC589194,116.30933333333333,0.0,3492
XC384977,24.65775,0.0,3492
XC634100,16.788020833333334,0.974258,3492
XC524073,95.68301587301588,0.91302,3492
XC324612,32.626666666666665,0.396144,3492
XC155526,33.47666666666667,0.79357,3492
XC286127,32.894784580498865,0.87465,3492
XC53923,33.33185941043084,0.988027,3492
XC595546,5.994166666666667,0.875254,3492
XC196807,58.44353741496599,0.99179,3492
XC457304,38.262458333333335,0.0,3492
XC369190,43.16170068027211,0.805046,3492
XC614861,84.34408163265306,0.962791,3492
XC184673,24.862766439909297,0.953599,3492
XC438183,6.533333333333333,0.813019,3492
XC604416,18.413424036281178,0.0,3492
XC640141,18.08,0.0,3492
XC604709,14.332517006802721,0.0,3492
XC543646,4.971770833333333,0.0,3492
XC161622,50.08595833333333,0.190069,3492
XC156249,47.280833333333334,0.768417,3492
XC294272,39.34580498866213,0.946118,3492
XC500312,78.356375,0.9166,3492
XC223708,49.5214375,0.778101,3492
XC317857,41.66222222222222,0.924884,3492
XC514318,6.6645625,0.15708,3492
XC514342,49.42541666666666,0.927535,3492
XC152065,21.110204081632652,0.103795,3492
XC514358,12.640875,0.735444,3492
XC455169,18.760657596371882,0.916834,3492
XC236314,14.286757369614513,0.451624,3492
XC714482,70.3744375,0.708406,3492
XC396491,41.64451247165533,0.22233,3492
XC292718,30.162902494331068,0.139308,3492
XC192769,17.511043083900226,0.808273,3492
XC74984,14.690045351473923,0.856643,3492
XC410658,63.657006802721085,0.0,3492
XC754608,37.6627664399093,0.726482,3492
XC291041,63.170702947845804,0.0,3492
XC18946,11.783401360544218,0.837449,3492
XC708006,19.86875,0.330087,3492
XC528968,36.08883333333333,0.842067,3492
XC207975,58.208662131519276,0.566677,3492
XC634049,36.47272916666667,0.987852,3492
XC4352,4.949637188208617,0.512353,3492
XC580956,25.473197278911563,0.781254,3492
XC511966,13.992,0.0,3492
XC359332,88.4721768707483,0.992708,3492
XC291038,88.24580498866213,0.264018,3492
XC77104,33.5697052154195,0.926719,3492
XC529310,186.69507936507935,0.965231,3492
XC255344,18.92612244897959,0.0,3492
XC523399,60.43625850340136,0.741147,3492
XC165953,89.07385487528344,0.914563,3492
XC615085,37.22013605442177,0.424338,3492
XC229230,15.592585034013606,0.776302,3492
XC514345,61.21516666666667,0.915192,3492
XC292282,7.598866213151927,0.108352,3492
XC500275,37.8416875,0.926497,3492
XC604327,56.06458049886621,0.0,3492
XC229229,18.077732426303854,0.682016,3492
XC207972,47.15936507936508,0.68378,3492
XC283456,38.53802721088435,0.403736,3492
XC398492,90.14204081632653,0.0,3492
XC409206,26.853291666666667,0.892444,3492
XC152187,25.726643990929706,0.484111,3492
XC517082,65.55347916666666,0.980285,3492
XC321288,34.94451247165533,0.0,3492
XC1026,11.737256235827664,0.868033,3492
XC334884,43.10845804988662,0.0,3492
XC552339,32.020975056689345,0.0,3492
XC145004,30.625873015873015,0.667882,3492
XC193080,4.0,0.855821,3492
XC344197,12.996167800453515,0.706404,3492
XC431602,28.094331065759636,0.0,3492
XC166000,2.054920634920635,0.0,3492
XC515030,42.279,0.977564,3492
XC255347,105.23356009070295,0.0,3492
XC572282,29.95952380952381,0.871932,3492
XC136316,53.788625,0.0,3492
XC83099,14.4375625,0.961854,3492
XC128011,42.97501133786848,0.189542,3492
XC352084,10.728163265306122,0.73314,3492
XC121782,9.813020833333333,0.821205,3492
XC690240,12.530333333333333,0.218934,3492
XC86089,111.69886621315193,0.845075,3492
XC542267,22.0821768707483,0.0,3492
XC291487,24.000979166666667,0.925646,3492
XC595548,6.603729166666667,0.849747,3492
XC640148,2.913718820861678,0.0,3492
XC154186,126.50063492063492,0.974137,3492
XC196806,68.78648526077097,0.974661,3492
XC314361,50.0,0.834167,3492
XC429969,48.45379166666667,0.295852,3492
XC494231,96.56133333333334,0.920714,3492
XC133150,33.04541666666667,0.835235,3492
XC736608,124.6215,0.570763,3492
XC37284,22.361428571428572,0.412824,3492
XC223709,15.71571875,0.958641,3492
XC514331,125.67566666666667,0.959697,3492
XC578917,23.235229166666667,0.272122,3492
XC158018,22.423038548752835,0.791483,3492
XC633661,478.908,0.978937,3492
XC440161,90.9956462585034,0.0,3492
XC208009,53.323696145124714,0.848644,3492
XC182874,43.92097916666667,0.0,3492
XC86090,41.01839002267574,0.673612,3492
XC610747,19.973020833333333,0.525426,3492
XC634176,3.6899375,0.586372,3492
XC407905,55.99427083333333,0.679471,3492
XC524074,66.03469387755102,0.82366,3492
XC204579,14.438684807256235,0.757617,3492
XC497899,55.356371882086165,0.0,3492
XC634062,18.0268125,0.881794,3492
XC634098,63.5705625,0.988733,3492
XC514962,78.24991666666666,0.856627,3492
XC634174,66.28920833333333,0.989239,3492
XC576693,42.316208333333336,0.950389,3492
XC210965,50.8118820861678,0.829728,3492
XC640144,2.2936054421768706,0.0,3492
XC736643,66.03547916666666,0.930052,3492
XC482072,59.114875283446715,0.0,3492
XC335309,132.39931972789117,0.9327,3492
XC159983,52.3578125,0.0,3492
XC59517,6.117460317460317,0.850348,3492
XC1122,20.34108843537415,0.927919,3492
XC204800,9.00609977324263,0.0,3492
XC745270,20.818520833333334,0.719256,3492
XC584136,32.92589569160998,0.0,3492
XC196810,31.64451247165533,0.508692,3492
XC386425,58.1669375,0.874752,3492
XC451453,111.64875283446712,0.211784,3492
XC62685,34.736,0.482494,3492
XC635488,32.845827664399096,0.882673,3492
XC248387,21.297732426303856,0.881115,3492
XC610748,185.02497916666667,0.216742,3492
XC286133,20.200566893424035,0.926416,3492
XC144443,107.38370833333333,0.601884,3492
XC234291,10.039863945578231,0.0,3492
XC552369,21.191111111111113,0.969594,3492
XC640168,15.275963718820861,0.0,3492
XC122189,18.454333333333334,0.0,3492
XC307555,30.661678004535148,0.224128,3492
XC42254,16.46251700680272,0.695094,3492
XC441195,34.07809523809524,0.523801,3492
XC292445,36.41689342403628,0.957141,3492
XC736647,458.91277083333335,0.971438,3492
XC222857,22.60997732426304,0.749151,3492
XC417492,4.883875,0.104766,3492
XC398811,6.277301587301587,0.0,3492
XC517122,67.733375,0.987383,3492
XC65324,53.771360544217686,0.860743,3492
XC68999,48.7721768707483,0.690949,3492
XC504459,9.147596371882086,0.136948,3492
XC51177,4.712902494331066,0.0,3492
XC614715,2.536689342403628,0.0,3492
XC634097,77.45027083333333,0.992865,3492
XC694814,6.023770833333334,0.767403,3492
XC156103,71.061125,0.167058,3492
XC470518,15.681904761904763,0.647536,3492
XC246020,48.59655328798186,0.930516,3492
XC24867,17.97798185941043,0.379685,3492
XC140755,59.50275,0.0,3492
XC42252,27.144897959183673,0.535139,3492
XC634053,131.50808333333333,0.990557,3492
XC621565,37.897233560090704,0.580231,3492
XC151206,18.513356009070296,0.863073,3492
XC36104,50.44074829931973,0.970218,3492
XC606263,14.939342403628117,0.0,3492
XC543645,35.69175,0.0,3492
XC516680,25.9408125,0.915843,3492
XC626897,16.84172335600907,0.923025,3492
XC572865,12.447729166666667,0.0,3492
XC36025,92.41321995464853,0.982758,3492
XC296619,79.2878231292517,0.9867,3492
XC515023,13.5230625,0.924721,3492
XC409295,28.936009070294784,0.720009,3492
XC51170,13.567528344671201,0.785497,3492
XC184117,39.20410416666667,0.767142,3492
XC543594,20.7658125,0.117698,3492
XC464974,26.06172335600907,0.0,3492
XC47645,40.62027210884354,0.597566,3492
XC307556,48.24836734693878,0.951488,3492
XC453968,14.208979166666667,0.858143,3492
XC150,13.8802947845805,0.973115,3492
XC242994,19.420408163265307,0.6928,3492
XC500328,216.483625,0.97832,3492
XC321292,9.68342403628118,0.0,3492
XC473472,55.31752083333333,0.772376,3492
XC596355,18.130045351473925,0.0,3492
XC634054,330.72,0.981999,3492
XC237394,151.53632653061226,0.0,3492
XC47106,28.58544217687075,0.177399,3492
XC90653,18.46225,0.971879,3492
XC223706,10.898049886621315,0.529183,3492
XC475032,7.632979166666667,0.344054,3492
XC396048,23.70421768707483,0.468495,3492
XC714472,27.577333333333332,0.876033,3492
XC410657,49.77961451247165,0.0,3492
XC423,24.985850340136054,0.86785,3492
XC444049,28.33859410430839,0.895451,3492
XC634051,24.812520833333334,0.960396,3492
XC245492,29.292541666666665,0.651137,3492
XC500277,143.826625,0.906445,3492
XC172589,24.886125,0.811414,3492
XC321291,29.611609977324264,0.0,3492
XC451920,26.28097916666667,0.0,3492
XC634293,11.489024943310657,0.207658,3492
XC209062,27.302267573696145,0.974041,3492
XC703841,38.593375,0.0,3492
XC471099,7.191041666666667,0.679104,3492
XC476259,13.113287981859411,0.631916,3492
XC276417,5.992721088435374,0.965041,3492
XC663611,14.744671201814059,0.106094,3492
XC39856,8.30374149659864,0.937016,3492
XC202654,17.99310657596372,0.647536,3492
XC609378,2.005442176870748,0.0,3492
XC180606,51.61190476190476,0.971737,3492
XC156008,79.72983333333333,0.494506,3492
XC152186,64.08707482993198,0.341288,3492
XC729259,34.804229166666666,0.242589,3492
XC303388,4.9159410430839,0.841066,3492
XC287695,8.287052154195012,0.131514,3492
XC236362,26.579591836734693,0.932316,3492
XC634169,78.67679166666667,0.962613,3492
XC714485,36.292,0.904686,3492
XC89192,31.611587301587303,0.0,3492
XC48484,29.623151927437643,0.0,3492
XC151022,20.332267573696146,0.884269,3492
XC443573,13.02891156462585,0.907083,3492
XC228777,7.158571428571428,0.0,3492
XC602308,25.685333333333332,0.0,3492
XC248631,77.40274376417234,0.952193,3492
XC717474,131.55557823129251,0.969165,3492
XC38865,141.8850113378685,0.857509,3492
XC446763,26.088979166666668,0.863868,3492
XC514326,17.973270833333334,0.952111,3492
XC570880,5.38124716553288,0.353558,3492
XC291040,31.931292517006803,0.139847,3492
XC640152,62.936190476190475,0.0,3492
XC402880,37.205333333333336,0.0,3492
XC473420,186.53596371882085,0.595268,3492
XC288810,46.58374149659864,0.120498,3492
XC12113,18.65142857142857,0.929615,3492
XC628298,58.16702947845805,0.97117,3492
XC717471,36.247074829931975,0.976092,3492
XC95306,82.01922902494331,0.0,3492
XC149129,18.178707482993197,0.697954,3492
XC249777,48.623492063492066,0.943777,3492
XC543593,18.2918125,0.0,3492
XC122165,28.3718125,0.0,3492
XC535143,95.0,0.0,3492
XC142209,33.89294784580499,0.480807,3492
XC376241,10.396825396825397,0.768965,3492
XC1074,16.1615873015873,0.782975,3492
XC731548,31.764897959183674,0.958197,3492
XC369191,43.0572335600907,0.803823,3492
XC572779,13.413560090702948,0.940918,3492
XC431766,12.097891156462586,0.0,3492
XC38940,47.551587301587304,0.871482,3492
XC516909,123.36460416666667,0.987477,3492
XC611619,49.0,0.868731,3492
XC291821,126.58365079365079,0.871595,3492
XC444563,3.282199546485261,0.215438,3492
XC234277,65.48639455782313,0.83243,3492
XC82816,37.40702947845805,0.911838,3492
XC165133,25.15111111111111,0.0,3492
XC514363,154.48091666666667,0.957656,3492
XC156250,90.81841666666666,0.65024,3492
XC694825,45.73866666666667,0.729139,3492
XC514475,24.916916666666665,0.978112,3492
XC517347,89.3329375,0.990189,3492
XC479973,54.383151927437645,0.716785,3492
XC36091,12.89548752834467,0.771856,3492
XC429907,49.5339375,0.988863,3492
XC286050,40.91383219954648,0.0,3492
XC453416,47.080839002267574,0.0,3492
XC33921,40.74857142857143,0.744171,3492
XC109803,6.728367346938776,0.931662,3492
XC634057,10.879520833333334,0.535066,3492
XC223704,15.1460625,0.0,3492
XC614855,25.490226757369616,0.957914,3492
XC694819,22.9315625,0.762324,3492
XC28805,39.74977324263038,0.778308,3492
XC41664,45.41823129251701,0.872498,3492
XC154229,5.602857142857143,0.90971,3492
XC429691,50.518166666666666,0.958187,3492
XC171180,45.16975,0.0,3492
XC512612,29.714166666666667,0.612117,3492
XC42243,27.93027210884354,0.0,3492
XC455030,6.250385487528344,0.84495,3492
XC256652,15.597395833333334,0.0,3492
XC517373,324.0,0.986718,3492
XC543592,2.9318125,0.0,3492
XC690108,19.921770833333333,0.975144,3492
XC40408,42.74766666666667,0.766834,3492
XC34469,20.301201814058956,0.668792,3492
XC179939,42.5640625,0.666012,3492
XC79322,16.00170068027211,0.0,3492
XC639813,4.945442176870748,0.951133,3492
XC514230,69.10972916666667,0.225948,3492
XC545235,6.4104081632653065,0.0,3492
XC16627,25.37975,0.836708,3492
XC197559,5.9570068027210885,0.45705,3492
XC190711,24.339916666666667,0.484025,3492
XC389157,14.7910625,0.784879,3492
XC351681,3.282675736961451,0.339345,3492
XC147742,30.34482993197279,0.468892,3492
XC446970,46.79897959183673,0.0,3492
XC286021,123.50467120181406,0.195861,3492
XC182353,37.86517006802721,0.958831,3492
XC500316,215.6656875,0.961067,3492
XC91192,23.902131519274377,0.720621,3492
XC249491,43.86614512471655,0.733885,3492
XC618655,56.12266666666667,0.0,3492
XC180517,6.710068027210884,0.384326,3492
XC13293,25.398684807256235,0.700943,3492
XC347192,7.784648526077097,0.0,3492
XC415876,57.8518125,0.466074,3492
XC352083,29.18027210884354,0.772637,3492
XC51169,32.34777777777778,0.503945,3492
XC535145,66.0,0.594659,3492
XC204799,68.90768707482994,0.0,3492
XC398482,32.57233333333333,0.993697,3492
XC251529,16.069795918367348,0.957204,3492
XC159982,295.5018125,0.0,3492
XC448919,362.28467120181404,0.978545,3492
XC235597,11.399931972789116,0.928166,3492
XC41256,35.02950113378685,0.557857,3492
XC466093,61.908875,0.0,3492
XC69352,44.995124716553285,0.517445,3492
XC454532,54.54925170068027,0.855009,3492
XC249776,48.80467120181406,0.968233,3492
XC493303,48.33480725623583,0.956912,3492
XC362122,34.3538125,0.450382,3492
XC168785,72.86866213151927,0.962113,3492
XC243336,18.941904761904762,0.647368,3492
XC442564,22.172947845804988,0.0,3492
XC42244,70.8730612244898,0.854986,3492
XC64976,46.40172335600907,0.767644,3492
XC140414,16.2759375,0.0,3492
XC388834,106.18775510204081,0.853711,3492
XC318412,7.079183673469387,0.761643,3492
XC312992,19.666645833333334,0.844451,3492
XC29659,118.43705215419502,0.947421,3492
XC122166,34.9961875,0.0,3492
XC208007,43.16312925170068,0.781818,3492
XC717472,28.441133786848074,0.952713,3492
XC694822,23.077333333333332,0.73502,3492
XC39060,21.2431746031746,0.858661,3492
XC514366,87.59595833333333,0.913652,3492
XC717476,275.6954195011338,0.983702,3492
XC664632,75.13709750566893,0.747859,3492
XC334883,64.13428571428571,0.956499,3492
XC230215,30.27478125,0.987765,3492
XC424687,77.52208333333333,0.479603,3492
XC100391,60.14,0.901562,3492
XC230211,18.612375,0.785344,3492
XC44500,18.93657596371882,0.82961,3492
XC192431,38.07705215419501,0.853789,3492
XC516606,276.34447916666664,0.965751,3492
XC569502,59.88077097505669,0.391543,3492
XC446115,68.4120634920635,0.0,3492
XC191924,25.436394557823128,0.684911,3492
XC346041,94.3296875,0.817039,3492
XC754572,47.01170068027211,0.0,3492
XC465823,16.590657596371884,0.0,3492
XC15737,31.004172335600906,0.958606,3492
XC338843,115.98922902494331,0.0,3492
XC622762,48.61866666666667,0.730259,3492
XC517018,62.850520833333334,0.947703,3492
XC284123,63.09421768707483,0.304633,3492
XC286166,38.27603174603175,0.229573,3492
XC152084,26.6615873015873,0.0,3492
XC473594,19.221520833333333,0.858918,3492
XC292721,18.763197278911566,0.0,3492
XC40705,20.8765306122449,0.0,3492
XC513772,65.69047619047619,0.876928,3492
XC248610,5.67907029478458,0.915949,3492
XC535146,261.0,0.526947,3492
XC514351,13.275791666666667,0.382053,3492
XC714470,17.717333333333332,0.68344,3492
XC241931,23.850022675736962,0.716334,3492
XC513769,70.23487528344671,0.868029,3492
XC438454,6.936979166666666,0.39418,3492
XC101061,7.469,0.873013,3492
XC515031,41.45,0.995457,3492
XC83490,27.64090702947846,0.967821,3492
XC335304,27.00378684807256,0.876336,3492
XC514338,23.4770625,0.925664,3492
XC192631,11.604580498866213,0.840302,3492
XC640143,23.68106575963719,0.0,3492
XC308189,5.433469387755102,0.70571,3492
XC61884,33.8665,0.768846,3492
XC535144,91.0,0.733849,3492
XC508249,3.7877551020408164,0.374261,3492
XC164206,9.380861678004536,0.0,3492
XC454101,27.72453514739229,0.970678,3492
XC102681,17.2106875,0.9787,3492
XC253758,26.3016875,0.504475,3492
XC635471,33.60047619047619,0.881059,3492
XC121788,20.829770833333335,0.896206,3492
XC699151,11.622166666666667,0.0,3492
XC640150,11.925963718820862,0.0,3492
XC14388,33.273990929705214,0.151086,3492
XC159929,10.8615,0.0,3492
XC66172,46.55231292517007,0.53415,3492
XC657037,23.73079365079365,0.346321,3492
XC706612,30.414604166666667,0.473868,3492
XC694816,25.49747916666667,0.766523,3492
XC23836,40.96714285714286,0.159174,3492
XC204805,18.11,0.0,3492
XC69102,51.09560090702948,0.556877,3492
XC515029,41.7090625,0.950534,3492
XC333327,34.02761904761905,0.0,3492
XC229228,20.642721088435373,0.61373,3492
XC101056,17.023,0.947808,3492
XC616455,83.2645351473923,0.946142,3492
XC731539,160.13419501133788,0.988877,3492
XC385745,44.7749433106576,0.85056,3492
XC634064,13.953604166666667,0.698258,3492
XC416030,20.232979166666667,0.703328,3492
XC102680,35.9314375,0.876222,3492
XC22791,7.518253968253968,0.0,3492
XC192630,145.51267573696146,0.484235,3492
XC64655,43.01124716553288,0.605974,3492
XC185174,31.850249433106576,0.710845,3492
XC33934,38.6875283446712,0.683332,3492
XC106501,42.31961451247165,0.895809,3492
XC129295,41.817460317460316,0.978586,3492
XC397624,81.3788888888889,0.336188,3492
XC690241,10.1055,0.500263,3492
XC572866,23.676520833333335,0.828111,3492
XC203382,69.59419501133787,0.595473,3492
XC37725,9.695986394557822,0.0,3492
XC640162,6.596984126984127,0.0,3492
XC51171,11.94814058956916,0.827928,3492
XC177925,14.314988662131519,0.863768,3492
XC106502,25.054739229024943,0.876946,3492
XC511547,9.008662131519275,0.919554,3492
XC36092,33.653333333333336,0.908566,3492
XC529370,55.76136054421769,0.424107,3492
XC96896,28.34285714285714,0.200419,3492
XC152064,23.908185941043083,0.126033,3492
XC634058,5.576333333333333,0.295337,3492
XC406078,20.0611875,0.862522,3492
XC514283,81.99458333333334,0.96635,3492
XC166307,18.000725623582767,0.993863,3492
XC543644,33.7755,0.0,3492
XC155991,13.8718125,0.0,3492
XC317721,68.95909297052154,0.814423,3492
XC714486,35.42302083333333,0.770335,3492
XC666746,24.189160997732426,0.517994,3492
XC506919,33.58140589569161,0.527566,3492
XC180856,37.46639455782313,0.413292,3492
XC363841,31.908707482993197,0.154074,3492
XC763502,16.0,0.321753,3492
XC620277,1.9975736961451247,0.0,3492
XC694809,35.676625,0.824284,3492
XC39382,27.389569160997734,0.78361,3492
XC845937,0.3838321995464853,0.0,3492
XC190497,40.48979591836735,0.960056,3492
XC45555,35.65625850340136,0.0,3492
XC194118,80.47818594104308,0.0,3492
XC159925,7.4249375,0.0,3492
XC37805,1.4216780045351474,0.0,3492
XC1105554,118.358375,0.0,3492
XC517321,19.241958333333333,0.130286,3492
XC95325,12.55233560090703,0.0,3492
XC125292,31.46387755102041,0.0,3492
XC187405,61.23886621315193,0.0,3492
XC514374,8.716479166666666,0.911563,3492
XC576694,34.88645833333333,0.757465,3492
XC156009,56.11320833333333,0.758436,3492
XC251530,139.6995918367347,0.420329,3492
XC151529,78.33945578231292,0.0,3492
XC317807,29.931133786848072,0.798648,3492
XC575654,68.44733333333333,0.0,3492
XC845938,4.550680272108844,0.17173,3492
XC437381,3.2649791666666665,0.0,3492
XC362112,2.469138321995465,0.475988,3492
XC845936,0.46908333333333335,0.0,3492
XC46725,12.071065759637188,0.0,3492
XC127143,1.9997505668934241,0.0,3492
XC39069,76.76986394557824,0.957656,3492
XC23625,31.5997052154195,0.0,3492
XC448918,65.69226757369614,0.898493,3492
XC132934,17.8,0.0,3492
XC156006,62.68958333333333,0.632615,3492
XC34467,21.89374149659864,0.70996,3492
XC351435,101.7902947845805,0.827933,3492
XC59518,4.838888888888889,0.343097,3492
XC83907,14.19175,0.950717,3492
XC126989,134.9059410430839,0.616603,3492
XC89244,5.357083333333334,0.0,3492
XC938430,73.30735416666667,0.0,3492
XC159202,4.1884375,0.0,3492
XC139295,21.65575,0.0,3492
XC207950,58.86190476190476,0.101556,3492
XC445986,90.6,0.966024,3492
XC514467,22.1523125,0.962705,3492
XC517142,13.124833333333333,0.961918,3492
XC260233,12.321088435374149,0.0,3492
XC358304,121.635,0.254925,3492
XC845932,0.8420861678004535,0.0,3492
XC577709,12.851927437641724,0.0,3492
XC356322,23.41185941043084,0.0,3492
XC516656,11.244854166666666,0.953859,3492
XC42246,78.65462585034014,0.970905,3492
XC956516,15.375600907029478,0.0,3492
XC155990,18.816395833333335,0.104232,3492
XC75900,24.26825396825397,0.0,3492
XC482438,15.081360544217688,0.0,3492
XC41666,90.95836734693877,0.896333,3492
XC615602,13.040975056689343,0.462535,3492
XC1016005,112.15907029478458,0.0,3492
XC515615,466.10654166666666,0.996003,3492
XC521535,32.632625,0.996855,3492
XC597154,37.79414583333333,0.0,3492
XC687033,6.314875,0.0,3492
XC845949,0.6150793650793651,0.0,3492
XC240128,21.2834375,0.770411,3492
XC7170,8.703968253968254,0.938871,3492
XC187404,40.52526077097506,0.0,3492
XC1080575,40.5671875,0.140495,3492
XC249439,5.4956916099773245,0.92486,3492
XC457315,22.464,0.209422,3492
XC123020,21.697823129251702,0.875503,3492
XC316214,112.24789115646259,0.0,3492
XC150779,21.24625850340136,0.335658,3492
XC706613,20.975916666666667,0.183186,3492
XC1959,8.353038548752835,0.0,3492
XC343777,3.5434240362811793,0.0,3492
XC498079,27.6110625,0.994894,3492
XC287026,28.0,0.0,3492
XC514429,82.79752083333334,0.320809,3492
XC314643,2.9985034013605443,0.0,3492
XC188220,87.7571201814059,0.965091,3492
XC334269,68.11727083333334,0.153462,3492
XC881663,198.94683333333333,0.0,3492
XC184186,54.089795918367344,0.0,3492
XC229053,16.658049886621317,0.0,3492
XC21587,24.897868480725624,0.657746,3492
XC42248,11.862131519274376,0.621095,3492
XC526184,37.43360416666667,0.877634,3492
XC135745,35.651814058956916,0.0,3492
XC83865,37.519614512471655,0.156911,3492
XC304506,23.088480725623583,0.0,3492
XC767562,15.108979166666666,0.17389,3492
XC335143,24.90625850340136,0.740512,3492
XC238665,48.593492063492064,0.982519,3492
XC629962,16.775555555555556,0.978938,3492
XC117399,401.8933333333333,0.974618,3492
XC182258,2.774375,0.185694,3492
XC61372,6.1265,0.0,3492
XC54924,81.70732426303854,0.0,3492
XC6192,76.72,0.921078,3492
XC705473,19.759478458049887,0.882315,3492
XC782813,22.038480725623582,0.161098,3492
XC141610,24.064399092970522,0.940608,3492
XC262859,40.73102040816327,0.943973,3492
XC1183762,20.161729166666667,0.850991,3492
XC221822,62.59140589569161,0.905814,3492
XC213072,59.7259410430839,0.966411,3492
XC955344,112.26628117913832,0.988604,3492
XC452850,53.49183673469388,0.952769,3492
XC1096938,10.512721088435374,0.0,3492
XC221834,38.15709375,0.901362,3492
XC63323,14.533125,0.869237,3492
XC332903,26.73750566893424,0.975909,3492
XC117357,48.013333333333335,0.0,3492
XC609506,9.473416666666667,0.0,3492
XC35361,52.58922902494331,0.910174,3492
XC958225,94.8302947845805,0.969156,3492
XC1035574,5.491269841269841,0.0,3492
XC551201,13.056791666666667,0.269209,3492
XC117343,12.986666666666666,0.859132,3492
XC4724,25.74596371882086,0.931714,3492
XC486438,21.753166666666665,0.971412,3492
XC123657,100.62714583333333,0.949019,3492
XC289850,5.012698412698413,0.827469,3492
XC1050604,6.301632653061224,0.16052,3492
XC965412,87.13579166666666,0.965866,3492
XC986715,202.28485260770975,0.936221,3492
XC64282,86.562,0.442883,3492
XC217200,17.16199546485261,0.912243,3492
XC1096873,5.382854166666666,0.0,3492
XC920874,3.7789166666666665,0.286297,3492
XC117390,12.213333333333333,0.343307,3492
XC955066,94.66487528344672,0.979647,3492
XC1099,10.498049886621315,0.909977,3492
XC238216,31.86219954648526,0.903304,3492
XC117361,75.65333333333334,0.0,3492
XC527911,13.823696145124716,0.0,3492
XC965428,225.17152083333335,0.963376,3492
XC117969,13.306666666666667,0.833846,3492
XC462182,31.947573696145124,0.468039,3492
XC9338,8.473015873015873,0.687434,3492
XC1035920,104.37224489795918,0.859396,3492
XC690055,29.57299319727891,0.0,3492
XC953398,5.0705215419501135,0.810415,3492
XC221836,26.3018820861678,0.796287,3492
XC239090,34.39206349206349,0.962239,3492
XC552350,7.946643990929705,0.230214,3492
XC221828,36.211292517006804,0.794642,3492
XC401413,75.96385487528345,0.961731,3492
XC276293,40.739002267573696,0.961822,3492
XC1182467,21.77403628117914,0.96735,3492
XC1068423,61.36609977324263,0.907717,3492
XC570356,86.12571428571428,0.273112,3492
XC639880,43.33975056689342,0.921737,3492
XC47907,56.71325,0.932283,3492
XC94,15.19124716553288,0.356564,3492
XC315061,28.185351473922903,0.0,3492
XC450786,34.83668934240363,0.930101,3492
XC481239,4.73175,0.903582,3492
XC1009773,40.49725623582766,0.887096,3492
XC871978,44.66647916666667,0.429545,3492
XC1146723,24.08491666666667,0.0,3492
XC619043,10.444,0.319713,3492
XC717260,94.48070833333334,0.989949,3492
XC117341,12.84,0.862349,3492
XC1173801,39.459833333333336,0.336574,3492
XC563191,28.276281179138323,0.959854,3492
XC982174,13.753265306122449,0.933914,3492
XC119909,22.59766439909297,0.918442,3492
XC117940,119.14666666666666,0.910423,3492
XC1142042,41.27466666666667,0.956105,3492
XC648682,40.071768707482995,0.970175,3492
XC717257,94.48070833333334,0.989949,3492
XC830684,29.208979591836734,0.0,3492
XC1068898,14.093041666666666,0.620941,3492
XC670079,35.846009070294784,0.970143,3492
XC862953,92.7345,0.914981,3492
XC1139578,22.739274376417235,0.953826,3492
XC817025,13.815873015873017,0.78564,3492
XC117237,128.2,0.104614,3492
XC92072,42.184603174603176,0.880342,3492
XC6265,94.82510204081633,0.925745,3492
XC231238,30.850625,0.953386,3492
XC124943,24.33219954648526,0.878746,3492
XC74276,96.79399092970522,0.931547,3492
XC273514,7.9720861678004535,0.957546,3492
XC9939,11.153401360544217,0.818452,3492
XC13506,9.441950113378685,0.963172,3492
XC986718,15.428208616780045,0.875045,3492
XC683921,124.59192743764173,0.916558,3492
XC401264,38.59519274376417,0.89616,3492
XC698536,44.93528344671202,0.842869,3492
XC167252,38.32870833333333,0.928108,3492
XC673176,15.894263038548752,0.887861,3492
XC472076,7.053061224489796,0.804465,3492
XC231233,11.99716553287982,0.0,3492
XC730108,10.863378684807257,0.895721,3492
XC353537,96.08533333333334,0.664904,3492
XC821559,2.693514739229025,0.806493,3492
XC1019664,46.583492063492066,0.954879,3492
XC574867,23.302458333333334,0.937341,3492
XC117441,114.38666666666667,0.0,3492
XC231245,16.53827664399093,0.916757,3492
XC36720,19.562766439909296,0.934046,3492
XC446610,32.59444444444444,0.898605,3492
XC117402,15.0,0.319178,3492
XC439082,39.91725,0.131328,3492
XC176263,247.29598639455781,0.855529,3492
XC329091,37.420291666666664,0.916248,3492
XC65691,14.031496598639455,0.918931,3492
XC9840,23.265804988662133,0.926518,3492
XC639885,19.987732426303854,0.946514,3492
XC239092,469.5379591836735,0.551312,3492
XC881545,84.77321995464852,0.949975,3492
XC176277,233.15698412698413,0.801784,3492
XC685672,13.224353741496598,0.833498,3492
XC609167,33.06045351473923,0.901721,3492
XC75049,13.257324263038548,0.873523,3492
XC326393,8.842721088435374,0.0,3492
XC124860,270.799433106576,0.977275,3492
XC209066,56.575532879818596,0.436655,3492
XC593289,25.18204081632653,0.492573,3492
XC330075,7.4193125,0.592544,3492
XC54798,158.18709750566893,0.833345,3492
XC127813,17.72390022675737,0.849358,3492
XC549355,5.2085,0.223073,3492
XC609913,23.1825,0.961886,3492
XC140621,16.941179138321996,0.951025,3492
XC104125,7.880136054421769,0.878346,3492
XC203677,18.279931972789115,0.91991,3492
XC349414,66.069410430839,0.778585,3492
XC529165,97.29866666666666,0.969837,3492
XC217695,47.72170068027211,0.22702,3492
XC733965,30.426666666666666,0.976817,3492
XC1150401,4.6865,0.611512,3492
XC284945,7.106875,0.913378,3492
XC380710,70.60439909297052,0.952333,3492
XC743526,76.52600907029479,0.924134,3492
XC173433,5.826598639455782,0.324063,3492
XC260327,21.917981859410432,0.975869,3492
XC1180204,157.26353741496598,0.827967,3492
XC43730,2.279410430839002,0.19641,3492
XC881546,11.139750566893424,0.0,3492
XC11871,29.62074829931973,0.957562,3492
XC795926,12.10922902494331,0.693222,3492
XC353906,18.02370833333333,0.945704,3492
XC251636,45.511972789115646,0.894402,3492
XC1068886,7.606791666666667,0.930035,3492
XC117475,91.97333333333333,0.932797,3492
XC614772,7.580997732426304,0.282755,3492
XC769477,12.45750566893424,0.89676,3492
XC156972,14.628571428571428,0.944125,3492
XC192238,31.411895833333332,0.963025,3492
XC346417,99.0568253968254,0.976816,3492
XC698535,101.05324263038548,0.944691,3492
XC221885,88.9754375,0.95954,3492
XC24203,63.704308390022675,0.973658,3492
XC1183429,92.66893424036282,0.945281,3492
XC387680,56.774625850340136,0.902872,3492
XC122487,47.31666666666667,0.926752,3492
XC97090,58.62814058956916,0.961511,3492
XC839360,31.09641723356009,0.0,3492
XC318739,27.723208333333332,0.799083,3492
XC944387,26.822086167800453,0.930649,3492
XC537897,21.928843537414966,0.374953,3492
XC115877,33.04283446712018,0.859427,3492
XC694205,42.91370833333333,0.957722,3492
XC187295,10.245238095238095,0.866875,3492
XC155416,112.81374149659864,0.892357,3492
XC127951,47.8684126984127,0.175871,3492
XC391429,30.00375,0.876447,3492
XC801655,138.984,0.851067,3492
XC952952,23.641496598639456,0.984876,3492
XC117868,126.38666666666667,0.0,3492
XC236298,5.4759863945578235,0.0,3492
XC1078023,12.173696145124717,0.928744,3492
XC175840,62.794058956916096,0.0,3492
XC1175092,5.376643990929705,0.232327,3492
XC34,13.202448979591837,0.94028,3492
XC687037,30.2,0.100946,3492
XC168205,94.44648526077097,0.0,3492
XC3145,5.244852607709751,0.783189,3492
XC158488,20.835020833333335,0.0,3492
XC335574,5.748027210884354,0.0,3492
XC512211,115.8965,0.832928,3492
XC582797,26.553174603174604,0.943769,3492
XC188875,40.11530612244898,0.853726,3492
XC85442,42.14419501133787,0.870693,3492
XC221821,21.052380952380954,0.875826,3492
XC122569,56.76233333333333,0.838643,3492
XC390190,55.36660416666667,0.553103,3492
XC556639,10.357791666666667,0.892651,3492
XC514464,47.140145833333335,0.979081,3492
XC353330,47.532,0.726008,3492
XC1080574,38.498916666666666,0.0,3492
XC294118,6.192471655328799,0.165676,3492
XC529481,129.22578231292516,0.984874,3492
XC333322,52.30056689342403,0.939018,3492
XC752666,28.394666666666666,0.96752,3492
XC334270,51.237604166666664,0.78413,3492
XC65380,19.52702947845805,0.707685,3492
XC249415,11.84140589569161,0.855565,3492
XC657320,114.75883333333333,0.970809,3492
XC514280,35.762791666666665,0.917746,3492
XC395757,9.739354166666667,0.747126,3492
XC124264,76.70963718820862,0.942915,3492
XC6189,9.360997732426304,0.632757,3492
XC521538,62.538125,0.978913,3492
XC755016,2.5309791666666666,0.0,3492
XC282306,49.2807029478458,0.958216,3492
XC117398,118.93333333333334,0.97605,3492
XC986563,14.89750566893424,0.531108,3492
XC724679,29.146099773242632,0.979362,3492
XC616210,23.418934240362812,0.949167,3492
XC557622,48.773537414965986,0.499132,3492
XC621782,17.32263038548753,0.904724,3492
XC845933,2.1652604166666665,0.0,3492
XC845927,2.2216553287981857,0.394812,3492
XC428699,5.71825,0.954655,3492
XC350929,46.14229024943311,0.330715,3492
XC243487,13.5855625,0.0,3492
XC536652,7.093333333333334,0.0,3492
XC979864,10.846916099773242,0.965629,3492
XC239087,33.82725623582766,0.954353,3492
XC837123,81.60347916666667,0.923719,3492
XC400646,10.2529375,0.304489,3492
XC209747,7.547395833333334,0.0,3492
XC29427,37.473242630385485,0.947418,3492
XC435857,44.315555555555555,0.89841,3492
XC9904,60.0788125,0.947247,3492
XC117356,14.586666666666666,0.0,3492
XC536695,48.33639455782313,0.937918,3492
XC456377,16.945124716553288,0.898172,3492
XC168351,16.908049886621317,0.0,3492
XC481243,7.252666666666666,0.83959,3492
XC231252,2.4344444444444444,0.427326,3492
XC182608,17.102857142857143,0.518385,3492
XC673696,9.85907029478458,0.0,3492
XC338619,25.662857142857142,0.875604,3492
XC91214,21.764421768707482,0.302293,3492
XC944044,31.818072562358278,0.899564,3492
XC54929,164.06827664399094,0.916586,3492
XC340041,23.04342403628118,0.260696,3492
XC520724,51.85471655328798,0.942339,3492
XC521946,22.466349206349207,0.0,3492
XC202,33.355600907029476,0.893154,3492
XC1158132,10.104172335600907,0.947274,3492
XC117474,58.52,0.869095,3492
XC217201,5.977006802721088,0.762504,3492
XC277175,3.7021768707482994,0.914844,3492
XC71614,12.8920625,0.492297,3492
XC195102,14.849183673469387,0.761436,3492
XC585162,29.707913832199548,0.912535,3492
XC608132,33.4354375,0.933054,3492
XC270977,8.080430839002268,0.824186,3492
XC121330,27.304965986394556,0.317306,3492
XC215249,20.75392290249433,0.0,3492
XC388184,63.73877551020408,0.0,3492
XC221826,24.68580498866213,0.909067,3492
XC40712,47.881,0.958989,3492
XC345319,105.22351473922903,0.413606,3492
XC692855,49.34510204081633,0.967461,3492
XC231248,11.040929705215419,0.959094,3492
XC641695,24.77784580498866,0.964414,3492
XC1181643,107.0451700680272,0.960292,3492
XC102372,12.06,0.830084,3492
XC514319,42.4894375,0.437285,3492
XC329089,57.77229166666667,0.958888,3492
XC525925,25.563741496598638,0.202394,3492
XC221818,35.83,0.827057,3492
XC845941,4.215215419501134,0.311186,3492
XC387444,36.91453514739229,0.911586,3492
XC14634,54.46886621315193,0.0,3492
XC105785,149.309125,0.668278,3492
XC138931,87.67219954648526,0.518549,3492
XC119752,43.386643990929706,0.908012,3492
XC406949,7.948548752834467,0.526747,3492
XC117391,17.133333333333333,0.648267,3492
XC178249,7.145895691609978,0.0,3492
XC1100820,10.228004535147392,0.0,3492
XC1177292,4.667583333333333,0.0,3492
XC769668,47.22938775510204,0.935438,3492
XC506024,9.702721088435375,0.90257,3492
XC239091,21.280544217687076,0.532766,3492
XC1011761,74.87366666666667,0.934915,3492
XC9563,19.020249433106574,0.839419,3492
XC187242,5.447551020408163,0.0,3492
XC1139336,106.88637188208617,0.961965,3492
XC117938,66.24,0.791732,3492
XC127229,110.21484375,0.929016,3492
XC537922,11.245941043083901,0.16048,3492
XC33754,26.73458049886621,0.994627,3492
XC275912,40.65365079365079,0.896327,3492
XC298876,17.012947845804987,0.938579,3492
XC54857,6.987437641723356,0.795954,3492
XC117875,24.226666666666667,0.744519,3492
XC159203,108.4,0.164147,3492
XC576436,45.03272108843537,0.948277,3492
XC251635,24.141632653061226,0.640811,3492
XC95327,12.137755102040817,0.147865,3492
XC100340,110.2096875,0.929016,3492
XC251975,46.56240362811791,0.888826,3492
XC965399,203.81560416666667,0.965827,3492
XC745959,18.5515,0.708565,3492
XC1076679,5.4156916099773245,0.733525,3492
XC13439,20.97598639455782,0.892338,3492
XC597722,50.416291666666666,0.0,3492
XC477771,100.54791383219954,0.92945,3492
XC1085552,19.3401875,0.954441,3492
XC97267,22.450113378684808,0.883674,3492
XC1028543,15.8830625,0.981374,3492
XC248663,14.925714285714285,0.86254,3492
XC483178,3.885,0.4886,3492
XC771791,29.090249433106575,0.916022,3492
XC1174785,23.585645833333334,0.895899,3492
XC845947,0.4466893424036281,0.0,3492
XC517004,324.2202291666667,0.994722,3492
XC257244,49.274308390022675,0.915654,3492
XC449720,9.73326530612245,0.140764,3492
XC493784,14.268662131519275,0.940035,3492
XC472328,115.03190476190476,0.950112,3492
XC24460,9.34907029478458,0.868624,3492
XC64137,33.953151927437645,0.933129,3492
XC517023,42.33583333333333,0.984954,3492
XC354167,104.7256462585034,0.944121,3492
XC516634,84.80689583333333,0.951605,3492
XC706672,13.036167800453514,0.312752,3492
XC117970,11.44,0.927343,3492
XC58422,5.2405625,0.0,3492
XC113130,18.812625,0.0,3492
XC56827,9.64798185941043,0.25653,3492
XC722598,4.068604166666667,0.0,3492
XC748492,64.07786848072563,0.89541,3492
XC767460,28.055458333333334,0.59938,3492
XC295796,17.33238095238095,0.94191,3492
XC933265,38.012358276643994,0.95748,3492
XC984820,31.353378684807257,0.780141,3492
XC1066432,10.24925,0.0,3492
XC71157,13.383945578231293,0.0,3492
XC689828,4.089229024943311,0.0,3492
XC557620,136.7969387755102,0.963109,3492
XC894922,33.29741496598639,0.224251,3492
XC21589,50.33643990929705,0.603222,3492
XC117400,243.02666666666667,0.951851,3492
XC117439,91.21333333333334,0.861803,3492
XC44067,34.0421768707483,0.909319,3492
XC590323,15.399614512471656,0.0,3492
XC490102,25.603922902494332,0.955396,3492
XC315762,8.61829931972789,0.0,3492
XC351780,99.30539682539683,0.775961,3492
XC1145229,35.976697916666666,0.951729,3492
XC33658,25.246167800453513,0.101669,3492
XC58423,4.5684375,0.0,3492
XC94146,86.54,0.697969,3492
XC339994,52.64392290249433,0.942184,3492
XC1033438,200.89358333333334,0.952074,3492
XC575653,47.792833333333334,0.0,3492
XC117866,28.893333333333334,0.885351,3492
XC117354,44.44,0.0,3492
XC524398,9.321145833333333,0.0,3492
XC683916,86.24367346938776,0.929168,3492
XC716217,7.5181875,0.0,3492
XC199263,210.02555555555554,0.889948,3492
XC1152523,5.3201875,0.752799,3492
XC681004,80.80437641723356,0.0,3492
XC944386,21.65265306122449,0.903566,3492
XC9839,10.528367346938776,0.918289,3492
XC122110,12.265270833333334,0.0,3492
XC223712,31.296689342403628,0.544514,3492
XC291909,29.26816326530612,0.881904,3492
XC511115,33.57065759637188,0.17542,3492
XC231237,26.51971875,0.967772,3492
XC95326,15.137573696145125,0.133677,3492
XC507903,50.48875283446712,0.937395,3492
XC353525,82.9025,0.786865,3492
XC517126,55.176375,0.962556,3492
XC17881,62.794104308390025,0.984414,3492
XC514446,1.727,0.795968,3492
XC1044072,49.43920634920635,0.953435,3492
XC517021,21.850208333333335,0.948208,3492
XC435537,2.8733786848072564,0.831619,3492
XC862485,67.82931972789116,0.861351,3492
XC127228,101.03484375,0.926731,3492
XC810505,18.427979166666667,0.528508,3492
XC845929,1.2975736961451247,0.319027,3492
XC698654,13.656979166666666,0.900186,3492
XC845037,35.4014375,0.884988,3492
XC340067,6.000979166666666,0.434822,3492
XC399451,36.35562358276644,0.945478,3492
XC723672,5.862789115646258,0.0,3492
XC137697,90.72475,0.937098,3492
XC178657,50.52111111111111,0.908824,3492
XC980748,68.08004535147393,0.95042,3492
XC514492,27.5141875,0.894548,3492
XC156745,54.518412698412696,0.353285,3492
XC526190,14.746375,0.154705,3492
XC256978,14.083854875283446,0.967972,3492
XC117370,16.586666666666666,0.0,3492
XC333320,32.99857142857143,0.973465,3492
XC656067,94.35428571428571,0.964392,3492
XC372434,17.315510204081633,0.947548,3492
XC834114,45.08140589569161,0.104231,3492
XC64136,31.9415873015873,0.95972,3492
XC2706,61.16226757369615,0.96519,3492
XC117476,28.453333333333333,0.908581,3492
XC1059946,18.7549375,0.0,3492
XC610115,30.717625,0.966838,3492
XC121218,14.1868125,0.926263,3492
XC321483,5.969024943310657,0.424912,3492
XC221820,17.509863945578232,0.874459,3492
XC68054,60.23571428571429,0.895424,3492
XC297690,66.32625850340136,0.786004,3492
XC212849,15.697256235827664,0.852497,3492
XC305368,7.22140589569161,0.963804,3492
XC998172,54.795963718820865,0.933984,3492
XC350134,9.943764172335602,0.0,3492
XC249414,55.72374149659864,0.883602,3492
XC812877,63.12698412698413,0.936539,3492
XC333567,84.44460317460317,0.981154,3492
XC120893,69.21369614512471,0.0,3492
XC1181496,2.8586666666666667,0.516423,3492
XC94149,44.344625,0.0,3492
XC117867,82.14666666666666,0.947722,3492
XC979867,46.99886621315193,0.865154,3492
XC95677,22.75607709750567,0.0,3492
XC982175,25.0,0.929695,3492
XC165994,16.156598639455783,0.338092,3492
XC642569,50.397708333333334,0.935394,3492
XC517269,186.34839583333334,0.943268,3492
XC151221,46.91013605442177,0.293512,3492
XC55897,7.61249433106576,0.289861,3492
XC816990,2.0317460317460316,0.495185,3492
XC428089,7.122583333333333,0.859257,3492
XC564620,269.564149659864,0.969795,3492
XC117338,12.333333333333334,0.611202,3492
XC15033,13.513673469387754,0.953996,3492
XC1085553,33.16031746031746,0.956305,3492
XC117362,36.12,0.0,3492
XC37806,4.253945578231293,0.0,3492
XC65348,52.384739229024945,0.46456,3492
XC76655,47.428163265306125,0.935763,3492
XC1161821,8.728979591836735,0.0,3492
XC152944,25.442520833333333,0.363739,3492
XC117353,18.813333333333333,0.840946,3492
XC245528,157.5645351473923,0.966887,3492
XC360009,19.443877551020407,0.813552,3492
XC106610,23.34766439909297,0.832786,3492
XC54394,30.55825396825397,0.958584,3492
XC3735,14.921723356009071,0.896438,3492
XC463658,80.96523809523809,0.933127,3492
XC377192,60.9233560090703,0.962533,3492
XC1179462,43.559886621315194,0.969068,3492
XC1073177,63.92065759637188,0.937361,3492
XC39855,8.670816326530613,0.956129,3492
XC261514,16.68299319727891,0.387167,3492
XC278337,17.913401360544217,0.0,3492
XC85036,49.006145124716554,0.936495,3492
XC482180,50.548049886621314,0.944393,3492
XC429417,20.549708333333335,0.880954,3492
XC221887,32.281451247165535,0.949945,3492
XC493927,29.506757369614512,0.843126,3492
XC636382,20.850702947845804,0.955623,3492
XC1065170,35.97391666666667,0.924392,3492
XC90693,25.8308125,0.915948,3492
XC257243,27.46437641723356,0.94592,3492
XC634096,57.0945,0.98086,3492
XC363937,104.6878231292517,0.981525,3492
XC73976,60.96700680272109,0.774848,3492
XC444542,34.87866666666667,0.902328,3492
XC872350,4.4976875,0.834933,3492
XC9838,40.338526077097505,0.862896,3492
XC754627,19.969160997732427,0.557232,3492
XC15034,39.869875,0.974871,3492
XC196811,41.83156462585034,0.866401,3492
XC965410,72.56154166666667,0.945929,3492
XC231235,90.59175,0.953114,3492
XC767464,50.01470833333333,0.116818,3492
XC257241,25.871655328798187,0.968644,3492
XC4097,26.50090702947846,0.389841,3492
XC517322,36.993833333333335,0.905888,3492
XC730107,14.34859410430839,0.796968,3492
XC474813,38.59095833333333,0.921238,3492
XC256250,23.995238095238093,0.0,3492
XC117339,47.346666666666664,0.762965,3492
XC979865,21.189954648526076,0.957861,3492
XC482590,19.6359375,0.0,3492
XC171227,111.72941666666667,0.914173,3492
XC5427,20.42498866213152,0.939156,3492
XC455138,22.38986394557823,0.970457,3492
XC239095,21.41297052154195,0.544932,3492
XC131553,25.893,0.980681,3492
XC49632,41.79823129251701,0.0,3492
XC129750,16.509,0.934736,3492
XC277016,58.70331065759637,0.949633,3492
XC17645,8.653650793650794,0.904935,3492
XC521554,2.0559791666666665,0.916287,3492
XC85034,37.35934240362812,0.9397,3492
XC845935,0.35591836734693877,0.0,3492
XC127504,141.4582993197279,0.928252,3492
XC722858,40.362040816326534,0.963585,3492
XC9837,11.23077097505669,0.949672,3492
XC221835,31.8328125,0.907845,3492
XC742257,62.093,0.958459,3492
XC514964,60.27364583333333,0.66981,3492
XC53913,122.94904761904762,0.978176,3492
XC125693,18.23739229024943,0.873958,3492
XC225380,36.12734693877551,0.928515,3492
XC163598,17.382244897959183,0.0,3492
XC1174512,6.574270833333333,0.214551,3492
XC525926,4.375487528344671,0.336062,3492
XC221832,25.8275625,0.844952,3492
XC248386,44.12655328798186,0.911695,3492
XC231261,33.97263038548753,0.103581,3492
XC845920,1.172063492063492,0.161455,3492
XC133287,31.960249433106576,0.747382,3492
XC1142047,33.285333333333334,0.975004,3492
XC85037,32.33938775510204,0.940446,3492
XC715527,2.089795918367347,0.0,3492
XC1043495,4.818125,0.199597,3492
XC75885,6.872630385487528,0.0,3492
XC12055,39.31428571428572,0.975114,3492
XC517265,371.58425,0.991317,3492
XC1180982,22.626802721088435,0.954267,3492
XC982176,15.236780045351473,0.752055,3492
XC51832,20.150839002267574,0.0,3492
XC117904,19.786666666666665,0.79915,3492
XC424163,36.710791666666665,0.932671,3492
XC84175,54.3059375,0.774674,3492
XC517123,55.9785625,0.968914,3492
XC303458,6.096520833333333,0.55751,3492
XC234299,10.399160997732427,0.886131,3492
XC440015,48.78988662131519,0.924028,3492
XC33320,4.2139375,0.853658,3492
XC767563,10.212979166666667,0.110325,3492
XC61371,31.131625,0.896247,3492
XC313986,14.691451247165533,0.0,3492
XC221816,51.66175,0.928911,3492
XC340660,116.3708843537415,0.925852,3492
XC1074885,13.335419501133787,0.565128,3492
XC917458,14.1568125,0.427481,3492
XC862961,58.89525,0.903018,3492
XC231260,3.7823356009070297,0.234824,3492
XC984344,43.7840625,0.908571,3492
XC124265,119.60269841269842,0.961604,3492
XC73975,65.96492063492063,0.920207,3492
XC396019,77.36598639455782,0.0,3492
XC105718,87.14816666666667,0.906524,3492
XC41184,22.244648526077096,0.600292,3492
XC221831,48.2905625,0.846637,3492
XC987304,23.693104166666668,0.527856,3492
XC767564,20.74897916666667,0.17567,3492
XC13372,40.28698412698413,0.931709,3492
XC768540,15.826666666666666,0.921844,3492
XC516908,39.699041666666666,0.963153,3492
XC526186,9.918083333333334,0.0,3492
XC1080573,42.613479166666664,0.205363,3492
XC274416,24.09437641723356,0.966125,3492
XC1009853,94.8118820861678,0.123972,3492
XC261509,54.288820861678005,0.965058,3492
XC1153871,94.19526077097505,0.981088,3492
XC514370,9.3294375,0.78831,3492
XC83389,36.371972789115645,0.0,3492
XC709625,24.20859410430839,0.9348,3492
XC389660,11.9906875,0.0,3492
XC302998,95.6474375,0.187667,3492
XC404787,12.008163265306122,0.0,3492
XC63324,15.0598125,0.956882,3492
XC71158,23.83079365079365,0.0,3492
XC376452,38.742766439909296,0.960092,3492
XC3119,13.299183673469388,0.0,3492
XC615158,87.24666666666667,0.441721,3492
XC987210,368.68997732426305,0.960531,3492
XC251637,12.464467120181405,0.92362,3492
XC510934,5.085625,0.0,3492
XC641683,19.71560090702948,0.954767,3492
XC257240,74.61113378684807,0.972209,3492
XC980749,19.622403628117915,0.888798,3492
XC231244,22.564671201814058,0.896463,3492
XC228537,6.949875,0.638839,3492
XC845948,0.6861451247165533,0.0,3492
XC515377,23.93,0.958801,3492
XC198718,3.612766439909297,0.964298,3492
XC845954,1.172063492063492,0.161455,3492
XC1085558,74.3245351473923,0.974016,3492
XC318740,19.539208333333335,0.576048,3492
XC549356,52.4405,0.611991,3492
XC148702,3.918625,0.576603,3492
XC3135,6.354875283446712,0.461985,3492
XC633784,94.96025,0.977459,3492
XC493786,41.98167800453515,0.942839,3492
XC537720,29.685034013605442,0.923281,3492
XC477102,82.70716553287981,0.948189,3492
XC660666,4.191201814058957,0.133522,3492
XC755078,4.121541950113379,0.929276,3492
XC392986,5.959909297052154,0.824539,3492
XC973634,55.8522902494331,0.940966,3492
XC176977,116.82650793650794,0.903184,3492
XC736611,24.169333333333334,0.324819,3492
XC85066,149.39709750566894,0.948447,3492
XC186987,6.985166666666666,0.931724,3492
XC444283,27.412743764172337,0.974901,3492
XC92,19.72981859410431,0.937483,3492
XC862956,360.98775,0.946836,3492
XC42256,24.35260770975057,0.384414,3492
XC231232,7.901700680272109,0.578421,3492
XC676249,82.68625850340136,0.953886,3492
XC441107,99.72558333333333,0.974398,3492
XC113213,124.07303854875283,0.889184,3492
XC250734,38.03834467120181,0.905987,3492
XC687236,38.226375,0.922242,3492
XC834115,40.82678004535148,0.0,3492
XC119566,80.32839002267573,0.868884,3492
XC251449,15.62734693877551,0.34341,3492
XC902975,27.611609977324264,0.518642,3492
XC1029590,10.58718820861678,0.927204,3492
XC180618,60.85231292517007,0.90529,3492
XC55898,30.049501133786848,0.531679,3492
XC528844,16.353628117913832,0.17065,3492
XC17677,19.81578231292517,0.584981,3492
XC239093,16.892222222222223,0.457709,3492
XC917456,5.024791666666666,0.857592,3492
XC13519,25.495759637188208,0.900603,3492
XC494771,71.0240589569161,0.804223,3492
XC117396,57.77333333333333,0.882363,3492
XC254274,22.000408163265305,0.667237,3492
XC13437,18.64832199546485,0.170877,3492
XC195459,14.105668934240363,0.259465,3492
XC518065,39.314784580498866,0.543526,3492
XC207312,7.254852607709751,0.0,3492
XC313980,51.20049886621315,0.88306,3492
XC767436,19.6093125,0.562973,3492
XC845928,1.1162585034013606,0.717372,3492
XC987209,16.917596371882087,0.930235,3492
XC13373,45.18206349206349,0.971884,3492
XC124266,108.0826984126984,0.962292,3492
XC568023,48.6174375,0.910634,3492
XC638202,16.503604166666666,0.647817,3492
XC236217,77.4802947845805,0.542874,3492
XC832545,52.73491666666666,0.886662,3492
XC717040,73.24498866213152,0.0,3492
XC896032,34.705124716553286,0.595292,3492
XC1146081,5.584208333333334,0.84203,3492
XC794785,26.262854166666667,0.110686,3492
XC688003,23.56249433106576,0.973572,3492
XC1177293,21.1535625,0.439142,3492
XC271934,50.65732426303855,0.950738,3492
XC9641,12.64984126984127,0.25656,3492
XC297010,29.27,0.885695,3492
XC656065,20.259410430839,0.960187,3492
XC120557,13.702131519274376,0.929455,3492
XC482164,44.18866666666667,0.862533,3492
XC334271,234.91627083333333,0.939713,3492
XC1001797,38.25197278911565,0.921699,3492
XC117373,112.72,0.0,3492
XC1016004,76.00566893424036,0.0,3492
XC357041,15.490612244897958,0.942373,3492
XC117440,194.21333333333334,0.0,3492
XC57821,4.393287981859411,0.238696,3492
XC21101,22.495895691609977,0.918062,3492
XC311777,13.370875,0.0,3492
XC42249,60.26421768707483,0.887745,3492
XC1045021,60.47106575963719,0.821877,3492
XC143429,23.484331065759637,0.0,3492
XC238215,52.19514739229025,0.89904,3492
XC231243,13.116167800453514,0.929148,3492
XC156744,85.62857142857143,0.561282,3492
XC694947,36.1663125,0.0,3492
XC157357,44.80947845804989,0.944691,3492
XC191784,34.324895833333336,0.681259,3492
XC494361,17.7862358276644,0.912178,3492
XC1163315,60.19113378684807,0.817202,3492
XC479542,29.458049886621314,0.943429,3492
XC535967,56.09421768707483,0.462455,3492
XC122334,91.089,0.871058,3492
XC516832,8.274729166666667,0.939598,3492
XC285207,15.737573696145125,0.949352,3492
XC272430,31.852290249433107,0.881384,3492
XC75048,62.14666666666667,0.96658,3492
XC345458,43.976122448979595,0.0,3492
XC202363,47.358625,0.974966,3492
XC427686,58.65718820861678,0.0,3492
XC741070,43.518027210884355,0.958948,3492
XC158564,149.64208616780044,0.0,3492
XC514471,38.828583333333334,0.98836,3492
XC552958,13.4669375,0.672092,3492
XC995521,231.6890022675737,0.882578,3492
XC63327,18.45375,0.913942,3492
XC4725,115.86879818594105,0.959907,3492
XC226702,68.44857142857143,0.960061,3492
XC63325,30.0,0.896786,3492
XC862952,153.82641666666666,0.960063,3492
XC634099,79.59739583333334,0.987583,3492
XC117358,43.946666666666665,0.0,3492
XC231249,13.688843537414966,0.75196,3492
XC117437,188.04,0.0,3492
XC85052,35.06018140589569,0.948976,3492
XC264358,38.76671201814059,0.926182,3492
XC526188,20.229208333333332,0.400751,3492
XC323011,10.536167800453514,0.582062,3492
XC390405,16.519659863945577,0.0,3492
XC1068422,55.70412698412699,0.952611,3492
XC154191,560.9434693877552,0.980603,3492
XC236629,43.58497916666666,0.944877,3492
XC44953,92.07761904761905,0.807771,3492
XC229054,7.18655328798186,0.0,3492
XC155989,15.1438125,0.0,3492
XC125695,2.0192290249433107,0.0,3492
XC772536,40.30882086167801,0.895302,3492
XC271633,90.17476190476191,0.968454,3492
XC543987,12.1265,0.0,3492
XC144378,41.2188125,0.849344,3492
XC310825,118.77913832199546,0.905418,3492
XC497975,6.221995464852608,0.157738,3492
XC571382,55.73285416666667,0.650009,3492
XC547147,31.269614512471655,0.865029,3492
XC722601,75.92783333333334,0.111143,3492
XC526185,18.866625,0.0,3492
XC1073178,123.58433106575964,0.871215,3492
XC1046156,24.8331746031746,0.948602,3492
XC755226,12.051156462585034,0.150588,3492
XC251634,103.20659863945578,0.0,3492
XC14781,31.77294784580499,0.813995,3492
XC333417,80.95646258503402,0.932689,3492
XC156007,81.72183333333334,0.588718,3492
XC838961,6.415532879818594,0.927428,3492
XC354901,46.910041666666665,0.877889,3492
XC481240,17.40375,0.826332,3492
XC31427,38.600249433106576,0.308491,3492
XC1166238,28.138666666666666,0.915376,3492
XC261513,12.865600907029478,0.0,3492
XC770944,8.916,0.881733,3492
XC154636,33.902426303854874,0.849074,3492
XC633782,9.040104166666667,0.887454,3492
XC25825,4.206757369614513,0.0,3492
XC449318,25.656054421768708,0.887145,3492
XC238666,111.67201814058957,0.981147,3492
XC1044945,6.408049886621315,0.0,3492
XC698618,21.2095625,0.943113,3492
XC537901,27.988639455782312,0.470233,3492
XC66682,9.774716553287982,0.917079,3492
XC231258,31.787619047619046,0.890699,3492
XC426308,89.66637188208617,0.972488,3492
XC965433,243.07616666666667,0.950332,3492
XC497452,35.72379166666666,0.585372,3492
XC29550,9.9405,0.73822,3492
XC117975,48.78666666666667,0.921324,3492
XC1018701,45.41145124716553,0.829102,3492
XC120310,27.2785,0.723238,3492
XC131552,49.53279166666667,0.968877,3492
XC668545,35.4569375,0.890526,3492
XC231259,6.02249433106576,0.13419,3492
XC53553,8.342925170068026,0.409345,3492
XC249722,29.29206349206349,0.727363,3492
XC872943,28.1859375,0.964561,3492
XC4765,39.51863945578231,0.895935,3492
XC42258,31.505419501133787,0.148704,3492
XC93456,10.98453514739229,0.909558,3492
XC823989,146.14,0.972445,3492
XC174553,27.40244897959184,0.0,3492
XC920781,5.3944375,0.931197,3492
XC163711,29.961927437641723,0.144888,3492
XC300462,5.0272108843537415,0.0,3492
XC316501,53.04609977324263,0.915191,3492
XC721763,23.449916666666667,0.917369,3492
XC581276,35.168730158730156,0.915465,3492
XC717216,40.08714285714286,0.960408,3492
XC221817,49.01709375,0.922882,3492
XC79296,34.3034693877551,0.0,3492
XC517143,61.82877083333333,0.986977,3492
XC172873,49.27072562358277,0.0,3492
XC231228,6.70721875,0.677332,3492
XC405722,15.506122448979593,0.9336,3492
XC445976,50.376979166666665,0.91816,3492
XC246805,29.0545,0.913183,3492
XC534122,23.487755102040815,0.833719,3492
XC56828,7.584557823129252,0.0,3492
XC706582,48.9813125,0.90382,3492
XC426180,14.967460317460317,0.0,3492
XC812645,22.35015873015873,0.0,3492
XC127145,3.475510204081633,0.0,3492
XC338589,53.160979166666664,0.784362,3492
XC55896,7.61249433106576,0.289861,3492
XC85441,16.303083900226756,0.905936,3492
XC139310,102.894375,0.880222,3492
XC634095,62.0946875,0.981294,3492
XC75389,35.15249433106576,0.855678,3492
XC563003,9.447979166666666,0.0,3492
XC686584,9.777369614512471,0.0,3492
XC490752,10.115124716553288,0.365206,3492
XC518707,41.17371882086168,0.86929,3492
XC986564,124.34124716553288,0.955484,3492
XC655146,63.41886621315193,0.966227,3492
XC13440,20.716167800453515,0.880308,3492
XC798139,45.364104166666664,0.9569,3492
XC754086,7.886485260770975,0.901002,3492
XC71650,19.201125,0.897781,3492
XC313987,21.011201814058957,0.0,3492
XC96248,16.518707482993197,0.927075,3492
XC157425,12.3633125,0.0,3492
XC221825,78.6421768707483,0.898385,3492
XC24402,6.525396825396825,0.386879,3492
XC1035652,40.0187074829932,0.886146,3492
XC117368,41.333333333333336,0.0,3492
XC299585,10.008979166666666,0.120411,3492
XC1158134,43.75,0.97526,3492
XC274330,61.29333333333334,0.956424,3492
XC122570,65.16233333333334,0.902017,3492
XC845930,1.0736507936507937,0.574784,3492
XC845925,1.767278911564626,0.242404,3492
XC683512,46.19816326530612,0.931474,3492
XC535969,33.76172335600907,0.804938,3492
XC17377,36.339625,0.898201,3492
XC1050491,45.71027210884354,0.277346,3492
XC504868,15.820589569160997,0.322442,3492
XC117340,13.133333333333333,0.890362,3492
XC972929,44.62312925170068,0.925339,3492
XC117377,17.093333333333334,0.0,3492
XC441801,12.57360544217687,0.936404,3492
XC1183766,8.54625,0.875868,3492
XC525927,9.092448979591836,0.849811,3492
XC767437,18.720791666666667,0.688017,3492
XC217863,43.49399092970521,0.866499,3492
XC14389,23.56485260770975,0.964475,3492
XC38734,7.965147392290249,0.935941,3492
XC214472,41.4700625,0.141388,3492
XC51833,5.286349206349207,0.0,3492
XC124861,111.79208616780045,0.950093,3492
XC276900,39.971655328798185,0.0,3492
XC231234,9.233242630385487,0.0,3492
XC481241,10.444666666666667,0.843419,3492
XC117436,76.48,0.0,3492
XC830857,20.297142857142855,0.876089,3492
XC472327,16.367414965986395,0.411569,3492
XC313988,44.94394557823129,0.0,3492
XC638200,22.635,0.991373,3492
XC62895,17.046643990929706,0.0,3492
XC102373,79.37,0.971516,3492
XC973627,155.8119954648526,0.942607,3492
XC783213,116.13460317460317,0.976328,3492
XC117375,133.76,0.0,3492
XC285539,5.019791666666666,0.926862,3492
XC840280,3.1848541666666668,0.632053,3492
XC686179,14.052222222222222,0.668864,3492
XC233817,9.069645833333333,0.0,3492
XC522227,108.660625,0.965055,3492
XC613866,5.439092970521542,0.204808,3492
XC1079151,87.543625,0.92601,3492
XC1970,7.360022675736961,0.0,3492
XC4273,6.697074829931973,0.459538,3492
XC27219,44.530249433106576,0.924113,3492
XC1153864,39.714512471655325,0.972742,3492
XC314181,2.598125,0.0,3492
XC825159,46.332,0.0,3492
XC358477,113.22120181405896,0.986062,3492
XC453865,29.057006802721087,0.977028,3492
XC407355,18.846530612244898,0.889691,3492
XC231250,3.2961678004535147,0.0,3492
XC1072155,36.49081632653061,0.846559,3492
XC615156,74.9752380952381,0.588405,3492
XC55899,7.564058956916099,0.838516,3492
XC783221,73.7233560090703,0.984406,3492
XC127195,81.41167800453515,0.9574,3492
XC326013,51.725458333333336,0.0,3492
XC411738,46.037416666666665,0.976024,3492
XC244460,23.440041666666666,0.0,3492
XC482162,10.636666666666667,0.72503,3492
XC845955,1.1235374149659865,0.0,3492
XC500971,33.52702947845805,0.98319,3492
XC117344,16.186666666666667,0.0,3492
XC270978,46.11528344671202,0.947897,3492
XC767476,11.254333333333333,0.88749,3492
XC156004,63.64683333333333,0.652051,3492
XC23785,146.1287074829932,0.927821,3492
XC340050,24.800113378684806,0.772456,3492
XC239751,100.18741496598639,0.465761,3492
XC827713,50.89850340136054,0.924049,3492
XC188288,5.4982993197278915,0.392938,3492
XC42251,23.17859410430839,0.580405,3492
XC411906,414.884693877551,0.932371,3492
XC428202,26.645963718820862,0.721455,3492
XC412494,89.87959183673469,0.969389,3492
XC862959,54.1865,0.870428,3492
XC191451,86.566,0.0,3492
XC564679,6.354172335600907,0.891929,3492
XC117865,99.18666666666667,0.717411,3492
XC231253,9.12515625,0.336372,3492
XC781297,21.728072562358278,0.831955,3492
XC238667,23.49968253968254,0.983616,3492
XC221824,42.00492063492064,0.89364,3492
XC609240,42.433875,0.95424,3492
XC925556,186.17814058956915,0.883748,3492
XC845931,1.7149886621315193,0.304953,3492
XC117359,84.28,0.0,3492
XC231255,43.2248125,0.881092,3492
XC821609,70.89052154195011,0.929287,3492
XC448917,39.22641723356009,0.824434,3492
XC429775,128.832,0.880909,3492
XC356323,19.83,0.0,3492
XC261512,28.302902494331065,0.944738,3492
XC14717,13.185034013605442,0.52586,3492
XC517128,20.120458333333332,0.948987,3492
XC404570,19.612562358276644,0.524523,3492
XC1966,25.706349206349206,0.705791,3492
XC167987,90.28167800453515,0.0,3492
XC424036,92.8884375,0.966708,3492
XC993748,1.651,0.0,3492
XC441760,5.48437641723356,0.862672,3492
XC615596,3.518049886621315,0.0,3492
XC939456,13.260979166666667,0.0,3492
XC231240,14.183990929705216,0.907215,3492
XC154635,134.57233560090702,0.107582,3492
XC1097697,8.999979166666666,0.786031,3492
XC477199,35.37086167800454,0.834543,3492
XC986717,121.151179138322,0.949121,3492
XC16707,38.00628117913832,0.858653,3492
XC329090,32.212291666666665,0.950425,3492
XC212996,8.496583333333334,0.784295,3492
XC198702,8.723945578231293,0.898033,3492
XC1080577,42.9498125,0.254456,3492
XC117369,68.82666666666667,0.0,3492
XC125694,2.9857596371882087,0.0,3492
XC378623,10.799478458049887,0.702912,3492
XC88143,51.74324263038549,0.983891,3492
XC121320,8.879614512471655,0.0,3492
XC83256,35.713696145124715,0.979953,3492
XC794786,25.520666666666667,0.58408,3492
XC460667,3.6625170068027213,0.0,3492
XC670077,87.94607709750566,0.958935,3492
XC239088,26.79231292517007,0.925888,3492
XC648856,31.397551020408162,0.645104,3492
XC949767,16.7294375,0.873154,3492
XC363225,227.1057596371882,0.962672,3492
XC302299,6.007891156462585,0.0,3492
XC239094,172.37691609977324,0.636931,3492
XC132935,10.590294784580498,0.0,3492
XC534790,33.28,0.472048,3492
XC65583,12.180453514739229,0.892688,3492
XC401414,13.818548752834467,0.984945,3492
XC537928,3.436122448979592,0.0,3492
XC524937,83.53625850340136,0.702287,3492
XC506369,35.178231292517005,0.923246,3492
XC139218,258.9784580498866,0.919543,3492
XC949778,22.83331065759637,0.908383,3492
XC231231,7.329365079365079,0.0,3492
XC763566,2.47675,0.958582,3492
XC683923,120.40691609977324,0.920754,3492
XC102709,89.834375,0.918542,3492
XC316215,124.25233560090703,0.0,3492
XC1086248,83.30351473922903,0.986651,3492
XC94649,14.406213151927437,0.699393,3492
XC221833,26.5568125,0.927051,3492
XC51834,5.678616780045352,0.131301,3492
XC467767,41.62299319727891,0.413536,3492
XC992046,70.31362811791384,0.0,3492
XC88478,33.88394557823129,0.922181,3492
XC411236,10.8206875,0.964508,3492
XC426307,55.28922902494331,0.941756,3492
XC156005,59.92883333333333,0.540839,3492
XC171789,9.186416666666666,0.0,3492
XC494772,10.399795918367348,0.713789,3492
XC117328,13.346666666666666,0.0,3492
XC371531,17.214081632653063,0.918605,3492
XC297011,9.714875283446712,0.943443,3492
XC231239,11.014399092970521,0.888469,3492
XC1069396,38.26816326530612,0.943216,3492
XC287027,36.887395833333336,0.0,3492
XC117974,158.72,0.848467,3492
XC539735,12.27702947845805,0.75703,3492
XC117360,31.96,0.0,3492
XC845943,4.215215419501134,0.311186,3492
XC138343,7.355442176870748,0.49025,3492
XC463536,39.60970833333333,0.974949,3492
XC416308,191.72716666666668,0.43166,3492
XC66888,29.779591836734692,0.0,3492
XC231230,7.980839002267573,0.24553,3492
XC9804,7.1,0.963102,3492
XC456284,39.88475,0.895512,3492
XC862957,161.50529166666666,0.859952,3492
XC301209,19.31580498866213,0.0,3492
XC45159,36.49467120181406,0.948198,3492
XC199971,27.998321995464853,0.691054,3492
XC890988,12.556104166666668,0.679865,3492
XC557617,11.576802721088436,0.894349,3492
XC1174806,104.33956916099773,0.810244,3492
XC1145896,8.143604166666666,0.926722,3492
XC1053048,5.04641723356009,0.332138,3492
XC955810,50.177460317460316,0.960996,3492
XC403323,16.662539682539684,0.939806,3492
XC939484,15.892358276643991,0.898045,3492
XC954987,28.010666666666665,0.952221,3492
XC389022,11.990204081632653,0.0,3492
XC127798,18.68401360544218,0.89304,3492
XC1066433,121.5626875,0.0,3492
XC845940,4.031950113378684,0.314995,3492
XC231254,23.636875,0.497088,3492
XC221830,59.699375,0.897335,3492
XC6881,30.351179138321996,0.970454,3492
XC122731,71.1043537414966,0.963118,3492
XC845942,4.550680272108844,0.171723,3492
XC732460,11.741020408163266,0.0,3492
XC90811,49.085963718820864,0.0,3492
XC526192,10.906229166666666,0.859832,3492
XC965394,458.95775,0.964929,3492
XC231256,8.632358276643991,0.276757,3492
XC231247,9.274285714285714,0.866379,3492
XC845956,2.724761904761905,0.295642,3492
XC1155311,50.45793650793651,0.900276,3492
XC75918,9.535873015873015,0.0,3492
XC521537,52.318125,0.534057,3492
XC472326,42.359251700680275,0.931412,3492
XC59637,8.844125,0.0,3492
XC403446,11.168458049886622,0.875052,3492
XC20908,64.084125,0.988685,3492
XC231251,5.271791383219955,0.162843,3492
XC174540,1.3322448979591837,0.407453,3492
XC125592,49.094852607709754,0.295847,3492
XC604135,5.0,0.952797,3492
XC657183,84.69478458049886,0.966868,3492
XC516153,53.68879166666667,0.0,3492
XC562438,107.06721088435374,0.976831,3492
XC251988,384.76149659863944,0.923635,3492
XC103034,64.21201814058956,0.835957,3492
XC337534,17.8,0.0,3492
XC85038,24.032766439909295,0.945496,3492
XC5794,8.494897959183673,0.968862,3492
XC412960,28.786938775510205,0.980056,3492
XC238664,80.12115646258503,0.963854,3492
XC1079796,23.697916666666668,0.870219,3492
XC231241,24.517573696145124,0.970232,3492
XC85231,4.002902494331066,0.459086,3492
XC27770,159.73551020408163,0.928321,3492
XC440007,22.805333333333333,0.0,3492
XC178777,22.581451247165532,0.881866,3492
XC91953,16.144353741496598,0.86215,3492
XC490387,51.763945578231294,0.919799,3492
XC64283,31.263,0.133114,3492
XC947776,49.8256875,0.901734,3492
XC33200,49.66013605442177,0.949768,3492
XC95956,15.577891156462584,0.971955,3492
XC306288,82.67628117913833,0.952095,3492
XC1145895,7.424125,0.722522,3492
XC143922,91.927875,0.943187,3492
XC1044626,28.735102040816326,0.0,3492
XC236216,223.85732426303855,0.86765,3492
XC1030177,44.78106575963719,0.924994,3492
XC505069,2.342721088435374,0.0,3492
XC127833,31.86204081632653,0.867116,3492
XC736610,77.40020833333334,0.393872,3492
XC294134,3.480952380952381,0.403944,3492
XC939585,65.30394557823129,0.906746,3492
XC143839,49.637573696145125,0.989523,3492
XC319116,12.152,0.595462,3492
XC204088,14.10718820861678,0.0,3492
XC107420,7.707625,0.0,3492
XC239089,25.510362811791385,0.947493,3492
XC407245,26.085833333333333,0.916767,3492
XC979863,128.9378231292517,0.933747,3492
XC129346,23.67356009070295,0.924455,3492
XC317551,42.03981859410431,0.824933,3492
XC684991,17.423900226757368,0.869002,3492
XC327123,97.78156462585034,0.978613,3492
XC310821,36.49804988662132,0.896979,3492
XC54926,146.5629931972789,0.583642,3492
XC358936,117.0039455782313,0.0,3492
XC1054653,6.0,0.46942,3492
XC609645,132.224,0.969345,3492
XC517016,65.1551875,0.962219,3492
XC441802,21.849977324263037,0.963055,3492
XC387892,4.926757369614513,0.796059,3492
XC138930,33.52798185941043,0.122706,3492
XC117355,13.8,0.0,3492
XC15687,28.668843537414965,0.951562,3492
XC261510,30.937460317460317,0.966679,3492
XC55535,86.066125,0.916219,3492
XC238214,7.301836734693878,0.94463,3492
XC217696,12.738344671201814,0.95178,3492
XC498506,35.69441666666667,0.966818,3492
XC102708,31.1549375,0.922976,3492
XC935058,23.51736961451247,0.958453,3492
XC273513,43.13333333333333,0.963065,3492
XC44074,23.435714285714287,0.899238,3492
XC117371,96.36,0.0,3492
XC195089,29.745351473922902,0.0,3492
XC324374,61.108072562358274,0.958638,3492
XC955637,35.218049886621316,0.957649,3492
XC257242,28.796802721088437,0.924674,3492
XC862962,45.826770833333335,0.183341,3492
XC17471,9.8161875,0.955792,3492
XC392044,61.322833333333335,0.942969,3492
XC117374,131.0,0.0,3492
XC955636,18.752125,0.948942,3492
XC354202,25.810270833333334,0.941421,3492
XC633783,41.46395833333333,0.623301,3492
XC273498,41.750589569161,0.9498,3492
XC65407,66.96091666666666,0.88475,3492
XC151451,17.701791383219955,0.213611,3492
XC424382,20.166625,0.966903,3492
XC233818,27.477666666666668,0.0,3492
XC65809,8.728185941043083,0.0,3492
XC231246,27.005532879818595,0.653504,3492
XC488706,35.56164583333333,0.882599,3492
XC294139,1.1213151927437641,0.0,3492
XC412497,36.23095238095238,0.948571,3492
XC474901,93.33551020408163,0.205368,3492
XC14762,117.7684126984127,0.928269,3492
XC1086381,8.0,0.886897,3492
XC698534,31.590748299319728,0.951862,3492
XC191450,6.420748299319728,0.0,3492
XC493928,34.38401360544218,0.881449,3492
XC125291,114.74192743764172,0.0,3492
XC117376,212.65333333333334,0.0,3492
XC1027110,3.335916666666667,0.0,3492
XC221889,82.09496875,0.957054,3492
XC871979,11.705145833333333,0.438549,3492
XC1183120,47.63541950113379,0.919255,3492
XC427268,58.409375,0.94585,3492
XC1075130,78.12789115646258,0.0,3492
XC278336,6.154988662131519,0.318196,3492
XC456424,36.98773242630386,0.917656,3492
XC221823,66.21410430839002,0.912082,3492
XC143430,2.8200226757369613,0.0,3492
XC221819,24.437891156462584,0.540512,3492
XC482184,64.21736961451248,0.871284,3492
XC1140033,300.0,0.962439,3492
XC119754,71.54961451247165,0.943285,3492
XC1183710,7.8053125,0.762077,3492
XC1071354,32.73413541666667,0.913209,3492
XC209067,49.17541950113379,0.691821,3492
XC395953,22.811791666666668,0.944041,3492
XC821655,6.106848072562358,0.928006,3492
XC315239,32.261655328798184,0.0,3492
XC51086,29.96281179138322,0.919024,3492
XC817213,11.206530612244897,0.637931,3492
XC514469,37.995666666666665,0.953855,3492
XC9841,3.624807256235828,0.879918,3492
XC517124,37.96777083333333,0.967998,3492
XC982173,21.359274376417233,0.937769,3492
XC107758,16.56907029478458,0.983698,3492
XC131496,63.058458049886625,0.810795,3492
XC248415,5.651678004535148,0.811214,3492
XC98243,51.2256462585034,0.971605,3492
XC516642,84.28527083333333,0.987724,3492
XC517207,186.02385416666667,0.995789,3492
XC154455,9.59814058956916,0.922931,3492
XC54183,8.865238095238094,0.0,3492
XC789276,112.14848072562359,0.928754,3492
XC687028,2.408333333333333,0.0,3492
XC85035,28.02981859410431,0.904279,3492
XC735433,41.127875,0.961089,3492
XC140150,15.644444444444444,0.0,3492
XC94148,83.1102947845805,0.127964,3492
XC87826,4.8803125,0.215888,3492
XC229055,3.018390022675737,0.0,3492
XC441799,15.290340136054422,0.911778,3492
XC755231,3.9706041666666665,0.498803,3492
XC909281,47.22666666666667,0.906375,3492
XC845946,0.5290249433106576,0.0,3492
XC34195,8.703945578231293,0.0,3492
XC117477,20.106666666666666,0.934715,3492
XC422786,38.22816326530612,0.683457,3492
XC835840,89.228375,0.830281,3492
XC356321,17.50310657596372,0.197171,3492
XC1050464,41.67836734693878,0.824999,3492
XC272385,12.496349206349207,0.887128,3492
XC231229,11.282312925170068,0.883595,3492
XC1154894,16.98385487528345,0.940157,3492
XC952953,10.80936507936508,0.3841,3492
XC1139472,34.4781179138322,0.934781,3492
XC965436,220.0,0.913449,3492
XC287483,35.543174603174606,0.906678,3492
XC117438,151.81333333333333,0.0,3492
XC1148602,600.0,0.885614,3492
XC37804,1.7341496598639456,0.0,3492
XC755087,18.26249433106576,0.89051,3492
XC845953,0.8420861678004535,0.0,3492
XC348749,20.674897959183674,0.440501,3492
XC1139335,47.90984126984127,0.936633,3492
XC906802,22.05845804988662,0.868057,3492
XC1498,54.51886621315193,0.0,3492
XC33066,6.251315192743764,0.0,3492
XC75901,54.17551020408163,0.0,3492
XC514427,146.1481875,0.994191,3492
XC221884,39.87235827664399,0.93984,3492
XC117372,105.50666666666666,0.0,3492
XC328485,23.732743764172337,0.864807,3492
XC95302,9.857619047619048,0.0,3492
XC947013,41.30133333333333,0.984141,3492
XC54184,2.9882539682539684,0.0,3492
XC1045020,51.98160997732426,0.82555,3492
XC272432,35.09061224489796,0.926399,3492
XC1080576,40.34877083333333,0.0,3492
XC816988,3.1695238095238096,0.383689,3492
XC1066434,10.56125,0.0,3492
XC401416,58.74687074829932,0.976107,3492
XC687030,20.0561875,0.126805,3492
XC69225,13.20718820861678,0.800595,3492
XC514445,28.943520833333334,0.583066,3492
XC119918,23.696734693877552,0.863855,3492
XC1044074,27.337845804988664,0.946598,3492
XC526191,20.093666666666667,0.951047,3492
XC176340,125.05412698412698,0.852854,3492
XC591392,75.49968253968254,0.714535,3492
XC482161,8.860916666666666,0.189258,3492
XC143840,33.86081632653061,0.970812,3492
XC272431,68.86362811791383,0.947146,3492
XC4928,26.438140589569162,0.925835,3492
XC556640,4.622083333333333,0.917358,3492
XC119753,78.12478458049887,0.93992,3492
XC63326,46.0,0.937082,3492
XC517346,159.45689583333333,0.988857,3492
XC22499,30.405102040816328,0.771955,3492
XC84830,23.80748299319728,0.95862,3492
XC536532,13.61360544217687,0.875337,3492
XC686892,91.66990929705216,0.950658,3492
XC2734,31.471791383219955,0.0,3492
XC614721,3.0306802721088437,0.456252,3492
XC469140,77.20529166666667,0.972248,3492
XC231257,39.69238095238095,0.780402,3492
XC834116,41.344852607709754,0.208505,3492
XC557624,94.29927437641723,0.851998,3492
XC342395,56.52897959183674,0.927292,3492
XC1152548,5.584208333333334,0.84197,3492
XC371202,42.74891156462585,0.691552,3492
XC845939,4.283537414965987,0.123583,3492
XC1003005,41.87909297052154,0.976655,3492
XC282307,41.49895691609977,0.963271,3492
XC92766,10.3518820861678,0.927259,3492
XC221888,45.97665625,0.960934,3492
XC845945,1.558843537414966,0.0,3492
XC712644,130.26333333333332,0.98475,3492
XC84099,9.355260770975057,0.846051,3492
XC958222,10.80936507936508,0.630193,3492
XC928650,19.92140589569161,0.893026,3492
XC1177099,14.951833333333333,0.810006,3492
XC1148572,600.0,0.885614,3492
XC701270,496.54401360544216,0.122101,3492
XC716218,6.300625,0.0,3492
XC391377,86.22675736961452,0.940567,3492
XC965403,248.78635416666665,0.947031,3492
XC722609,6.697520833333333,0.0,3492
XC673753,11.65,0.0,3492
XC138520,9.787936507936507,0.0,3492
XC517268,79.23670833333334,0.970984,3492
XC213013,23.760458333333332,0.899136,3492
XC973631,124.21126984126984,0.960396,3492
XC538980,13.252154195011338,0.786189,3492
XC767477,116.47033333333333,0.833122,3492
XC41669,41.365873015873014,0.427827,3492
XC245531,138.98408163265307,0.96115,3492
XC984336,50.965604166666665,0.929247,3492
XC1175234,20.31126984126984,0.137965,3492
XC917448,4.420833333333333,0.832961,3492
XC504867,15.37015873015873,0.786642,3492
XC557618,21.136485260770975,0.0,3492
XC279384,9.879875,0.488814,3492
XC90249,22.52496598639456,0.19834,3492
XC118325,76.8784375,0.0,3492
XC812155,4.34984126984127,0.941029,3492
XC1012363,13.540113378684808,0.0,3492
XC469821,9.83421768707483,0.932656,3492
XC154943,10.504081632653062,0.883428,3492
XC163930,15.0265,0.649563,3492
XC490758,2.5048072562358277,0.762247,3492
XC1022373,66.08333333333333,0.96747,3492
XC430095,22.509433106575965,0.971609,3492
XC334593,98.2412925170068,0.0,3492
XC533161,150.44006802721088,0.98265,3492
XC282032,68.96238095238095,0.896426,3492
XC490293,169.26065759637189,0.978762,3492
XC916083,20.8076875,0.0,3492
XC761130,32.162166666666664,0.951043,3492
XC955233,63.813770833333336,0.930579,3492
XC702518,13.870997732426304,0.883195,3492
XC603629,7.171111111111111,0.884098,3492
XC558634,125.9333125,0.883191,3492
XC833574,3.17124716553288,0.188502,3492
XC420398,47.919546485260774,0.905457,3492
XC27975,60.2649375,0.985832,3492
XC194151,25.766825396825396,0.0,3492
XC762416,1.3868541666666667,0.102259,3492
XC818009,25.607875,0.976306,3492
XC826707,23.071927437641722,0.0,3492
XC1050283,16.42791666666667,0.839167,3492
XC449327,3.439750566893424,0.12518,3492
XC659681,19.198625,0.960927,3492
XC236333,33.05816326530612,0.966212,3492
XC497729,14.428583333333334,0.0,3492
XC703161,123.58204081632653,0.971973,3492
XC925207,15.483696145124716,0.101741,3492
XC551209,6.448412698412699,0.520971,3492
XC376971,17.458231292517006,0.959512,3492
XC794809,48.440729166666664,0.94016,3492
XC1005614,3.6685208333333335,0.0,3492
XC841434,14.337142857142856,0.0,3492
XC66065,30.643061224489795,0.923764,3492
XC51363,33.44546485260771,0.929892,3492
XC190782,49.04829931972789,0.200239,3492
XC162749,34.14585034013606,0.0,3492
XC160185,104.1004375,0.972018,3492
XC692916,25.0,0.97047,3492
XC715257,24.160408163265306,0.834645,3492
XC983661,9.2418820861678,0.901581,3492
XC880985,20.29113378684807,0.0,3492
XC542734,5.6741950113378685,0.899658,3492
XC16680,16.43125,0.690645,3492
XC897709,16.68771875,0.871999,3492
XC711020,14.114353741496599,0.0,3492
XC498927,43.0748125,0.507155,3492
XC352950,23.446303854875282,0.901703,3492
XC441695,40.94800453514739,0.956567,3492
XC571970,456.79016666666666,0.972666,3492
XC174582,10.864557823129251,0.700409,3492
XC237923,11.930317460317461,0.491829,3492
XC585614,175.55766666666668,0.979905,3492
XC437274,49.67025,0.973229,3492
XC333854,168.35961451247167,0.960527,3492
XC880219,47.8566875,0.556435,3492
XC627023,43.62954166666667,0.381713,3492
XC482096,33.4365,0.676156,3492
XC1090752,42.770833333333336,0.975123,3492
XC944388,1.4468253968253968,0.0,3492
XC433619,141.75591836734694,0.980468,3492
XC876125,10.732539682539683,0.0,3492
XC679647,25.335791666666665,0.0,3492
XC238769,54.89049886621315,0.957855,3492
XC216153,11.755625,0.965232,3492
XC637434,6.816791666666667,0.966262,3492
XC1150946,44.108625,0.960008,3492
XC927796,7.875,0.935611,3492
XC603346,36.227777777777774,0.88873,3492
XC1137417,6.496125,0.0,3492
XC935490,19.49297052154195,0.918794,3492
XC41946,7.595555555555555,0.0,3492
XC919070,12.579791666666667,0.967456,3492
XC709974,48.390839002267576,0.935216,3492
XC393807,79.18299319727892,0.675314,3492
XC547138,52.34968253968254,0.92256,3492
XC720796,19.962290249433106,0.94683,3492
XC1065705,19.4905,0.894391,3492
XC342579,51.30671201814059,0.0,3492
XC261775,17.150884353741496,0.0,3492
XC804803,8.057,0.429111,3492
XC164104,31.72,0.901475,3492
XC687791,24.11938775510204,0.921399,3492
XC900272,41.62409375,0.980273,3492
XC847148,12.835736961451246,0.913654,3492
XC961473,46.68920634920635,0.0,3492
XC808615,63.35310657596372,0.948905,3492
XC816269,144.07704166666667,0.969262,3492
XC585536,73.06156462585034,0.720674,3492
XC387118,7.936916099773242,0.940928,3492
XC266736,40.878367346938774,0.959685,3492
XC862711,15.9515625,0.357956,3492
XC319234,62.98596371882086,0.785897,3492
XC747476,22.491678004535146,0.866137,3492
XC946633,4.756009070294785,0.864568,3492
XC96532,24.238185941043085,0.964624,3492
XC993657,6.6065986394557825,0.834866,3492
XC254120,40.62866213151928,0.961855,3492
XC958827,22.001133786848072,0.946179,3492
XC138789,31.132426303854874,0.932303,3492
XC895115,4.484197916666667,0.823908,3492
XC416702,20.960181405895693,0.967722,3492
XC881430,13.53675,0.932253,3492
XC86404,33.64596371882086,0.796542,3492
XC640190,8.114557823129251,0.542187,3492
XC544314,1.5462585034013605,0.956992,3492
XC817420,24.293877551020408,0.92309,3492
XC186102,32.64725623582766,0.922618,3492
XC814143,37.69047619047619,0.945447,3492
XC246701,8.974126984126984,0.0,3492
XC757075,77.92616780045351,0.675071,3492
XC724313,4.0221875,0.983291,3492
XC710866,33.425396825396824,0.96081,3492
XC307123,16.820068027210883,0.905069,3492
XC495462,31.1898125,0.959073,3492
XC442988,15.97025,0.951095,3492
XC54251,17.034081632653063,0.596311,3492
XC732478,45.4225,0.0,3492
XC480059,29.418956916099773,0.958302,3492
XC532294,38.6331875,0.762496,3492
XC1001205,101.00995833333333,0.766338,3492
XC843135,18.633,0.964317,3492
XC1180487,6.304988662131519,0.899942,3492
XC486823,10.13750566893424,0.0,3492
XC1135889,19.696,0.952722,3492
XC549979,10.637,0.965183,3492
XC178529,87.19391666666667,0.935897,3492
XC864130,6.696166666666667,0.868628,3492
XC829903,30.158730158730158,0.926226,3492
XC573183,10.120022675736962,0.0,3492
XC330572,13.680979166666667,0.96082,3492
XC1176267,34.82993197278912,0.987971,3492
XC27091,24.77326530612245,0.979736,3492
XC40140,137.33315192743765,0.599126,3492
XC233039,12.017392290249433,0.964141,3492
XC507180,43.736984126984126,0.952918,3492
XC58707,13.487437641723355,0.961024,3492
XC827140,24.58700680272109,0.861568,3492
XC416923,45.80111111111111,0.962024,3492
XC1087301,47.463537414965984,0.951251,3492
XC712320,15.276281179138323,0.860519,3492
XC368447,88.95185941043084,0.960206,3492
XC1163554,4.983968253968254,0.669926,3492
XC162177,22.315555555555555,0.0,3492
XC161888,5.731859410430839,0.920205,3492
XC722485,15.75920634920635,0.919375,3492
XC630605,11.484399092970522,0.952344,3492
XC126403,47.30850340136055,0.966329,3492
XC607494,20.878866213151927,0.941257,3492
XC547426,16.0295625,0.340376,3492
XC72727,39.12303854875283,0.972812,3492
XC608718,35.64022675736962,0.911176,3492
XC1011624,16.495759637188208,0.943277,3492
XC139835,26.993197278911566,0.136205,3492
XC76245,4.863922902494331,0.0,3492
XC421360,11.219931972789116,0.770779,3492
XC492561,46.31333333333333,0.964103,3492
XC598284,1.7045416666666666,0.0,3492
XC938778,9.898666666666667,0.802504,3492
XC632068,5.751904761904762,0.96619,3492
XC35236,49.63879818594104,0.118862,3492
XC1049856,69.87659863945578,0.949734,3492
XC991353,41.64349206349206,0.474799,3492
XC521196,6.901678004535148,0.964637,3492
XC594445,55.68693877551021,0.624633,3492
XC668732,103.563375,0.417267,3492
XC604692,38.25031746031746,0.967656,3492
XC126289,6.3001587301587305,0.86339,3492
XC982035,39.00399092970522,0.901792,3492
XC606202,12.550583333333334,0.940121,3492
XC991990,10.406984126984128,0.908997,3492
XC395769,7.127755102040816,0.789976,3492
XC348022,44.976979166666666,0.965064,3492
XC458926,14.672625,0.953793,3492
XC24934,60.63249433106576,0.954615,3492
XC147651,55.18072562358277,0.919439,3492
XC122219,6.54925,0.0,3492
XC1083085,225.297052154195,0.83173,3492
XC799489,5.592979166666667,0.955603,3492
XC75882,10.580589569160997,0.0,3492
XC1177666,3.8482708333333333,0.0,3492
XC517012,150.00089583333335,0.951409,3492
XC998780,148.58602083333332,0.967977,3492
XC234612,25.739319727891157,0.972592,3492
XC871704,11.779977324263038,0.945303,3492
XC650591,17.547270833333332,0.180601,3492
XC288411,10.25294784580499,0.893851,3492
XC701838,9.485351473922902,0.901989,3492
XC152240,70.37882086167801,0.848645,3492
XC16332,16.905215419501133,0.894173,3492
XC813660,39.40925,0.993325,3492
XC151807,6.363514739229025,0.445277,3492
XC407889,8.337369614512472,0.925678,3492
XC136045,173.31833333333333,0.984042,3492
XC1058305,10.178958333333334,0.728159,3492
XC59632,42.8906875,0.0,3492
XC883734,14.712993197278912,0.417418,3492
XC570910,11.813877551020408,0.828314,3492
XC1140305,76.28158730158731,0.96656,3492
XC1068115,121.39503401360544,0.512652,3492
XC927579,15.094807256235828,0.933686,3492
XC702509,11.923990929705216,0.897398,3492
XC564146,21.37065759637188,0.965512,3492
XC238441,10.49140589569161,0.931065,3492
XC177146,22.841043083900228,0.967423,3492
XC1082243,7.893605442176871,0.0,3492
XC64022,16.131632653061224,0.821583,3492
XC482545,19.797333333333334,0.939245,3492
XC620243,41.838875,0.872521,3492
XC1043757,15.739854166666667,0.971588,3492
XC252846,11.090045351473924,0.923594,3492
XC353721,32.0014375,0.973632,3492
XC232558,15.088412698412698,0.94653,3492
XC192990,181.032,0.909275,3492
XC182848,37.94619047619047,0.894189,3492
XC844118,23.846041666666668,0.561035,3492
XC160497,72.5124375,0.895285,3492
XC861038,21.5087074829932,0.0,3492
XC1038622,15.26734693877551,0.95961,3492
XC684192,7.6157823129251705,0.93631,3492
XC713423,13.015729166666667,0.366175,3492
XC48806,62.823356009070295,0.774993,3492
XC1053479,4.45718820861678,0.204788,3492
XC750070,1.417233560090703,0.0,3492
XC833314,78.144,0.950368,3492
XC256795,120.00299319727891,0.961589,3492
XC506656,84.16897916666667,0.968862,3492
XC1167577,26.756349206349206,0.0,3492
XC55029,3.765691609977324,0.0,3492
XC709620,73.49572916666666,0.922165,3492
XC307546,3.3436281179138323,0.920209,3492
XC448104,7.367416666666666,0.942648,3492
XC689680,7.966770833333333,0.792107,3492
XC605194,136.7986394557823,0.962057,3492
XC341898,13.975714285714286,0.382045,3492
XC576547,92.92333333333333,0.0,3492
XC1035757,3.010249433106576,0.0,3492
XC709197,9.257145833333333,0.869459,3492
XC545747,3.573673469387755,0.16631,3492
XC1067263,2.517333333333333,0.916827,3492
XC712200,5.176122448979592,0.759522,3492
XC218954,12.48312925170068,0.949814,3492
XC954941,15.188145833333333,0.877035,3492
XC289508,18.63798185941043,0.895998,3492
XC683817,10.205583333333333,0.888355,3492
XC560150,17.5,0.913641,3492
XC94550,17.956621315192745,0.878822,3492
XC564102,11.2002947845805,0.939985,3492
XC1104503,20.6315,0.970885,3492
XC249321,7.785351473922902,0.0,3492
XC302477,72.93697916666666,0.787226,3492
XC160910,15.896375,0.771914,3492
XC482212,38.47725,0.840815,3492
XC1084353,15.3114375,0.719125,3492
XC939767,38.86163265306122,0.923573,3492
XC404238,34.72725623582767,0.868718,3492
XC369709,48.03516666666667,0.931303,3492
XC774089,54.98482993197279,0.969188,3492
XC753541,71.8890022675737,0.959792,3492
XC372776,15.00673469387755,0.94864,3492
XC1018054,29.413145833333335,0.94744,3492
XC1018293,72.39235827664399,0.915122,3492
XC570997,3.612,0.0,3492
XC326220,5.164965986394558,0.920406,3492
XC35662,73.59192743764173,0.946912,3492
XC38968,27.45705215419501,0.924645,3492
XC479015,5.592,0.74641,3492
XC955638,44.86825396825397,0.974133,3492
XC1139202,9.583174603174603,0.943174,3492
XC40892,74.54004535147392,0.796914,3492
XC854708,11.085850340136055,0.878941,3492
XC700330,561.672,0.973013,3492
XC409395,18.7645625,0.841019,3492
XC426624,12.835578231292518,0.931983,3492
XC508425,60.76798185941043,0.0,3492
XC360300,35.49541950113379,0.921129,3492
XC1066178,3.7616326530612243,0.888472,3492
XC260508,22.710340136054423,0.743755,3492
XC981172,13.718231292517007,0.543284,3492
XC226752,21.292562358276644,0.798609,3492
XC223875,6.057346938775511,0.0,3492
XC990816,76.08505668934241,0.944637,3492
XC238205,4.327256235827664,0.834708,3492
XC815251,18.102857142857143,0.983422,3492
XC19308,58.887074829931976,0.0,3492
XC933671,7.851156462585034,0.941925,3492
