recording_id,condition,snr_db,original_confidence,confidence_mean,total_recordings
XC542031,0 dB,0.0,0.748806,0.286529,2937
XC717038,0 dB,0.0,0.987573,0.545965,2937
XC251447,0 dB,0.0,0.969183,0.8989514,2937
XC193611,0 dB,0.0,0.946015,0.7783268,2937
XC165403,0 dB,0.0,0.840401,0.256264,2937
XC90213,0 dB,0.0,0.919224,0.078494,2937
XC497903,0 dB,0.0,0.32962,0.0,2937
XC682585,0 dB,0.0,0.308264,0.0,2937
XC153465,0 dB,0.0,0.889957,0.609629,2937
XC3514,0 dB,0.0,0.957722,0.8501595999999999,2937
XC449938,0 dB,0.0,0.961031,0.958369,2937
XC990257,0 dB,0.0,0.939484,0.8260500000000001,2937
XC262136,0 dB,0.0,0.958439,0.8938202000000001,2937
XC424555,0 dB,0.0,0.831408,0.49419240000000003,2937
XC694774,0 dB,0.0,0.843946,0.89408,2937
XC266398,0 dB,0.0,0.941273,0.4427446,2937
XC282475,0 dB,0.0,0.779631,0.0,2937
XC90898,0 dB,0.0,0.640307,0.2882482,2937
XC539753,0 dB,0.0,0.961329,0.8494328,2937
XC439088,0 dB,0.0,0.915558,0.9337258,2937
XC741461,0 dB,0.0,0.696367,0.1592636,2937
XC269402,0 dB,0.0,0.975879,0.641988,2937
XC676028,0 dB,0.0,0.29048,0.023413,2937
XC290827,0 dB,0.0,0.898791,0.26639219999999997,2937
XC286048,0 dB,0.0,0.870418,0.3268972,2937
XC242995,0 dB,0.0,0.936658,0.8704145999999999,2937
XC197700,0 dB,0.0,0.980793,0.3577024,2937
XC276046,0 dB,0.0,0.958609,0.9248658000000001,2937
XC730873,0 dB,0.0,0.932704,0.156561,2937
XC417506,0 dB,0.0,0.336344,0.13563319999999998,2937
XC162647,0 dB,0.0,0.561829,0.3553548,2937
XC731561,0 dB,0.0,0.962278,0.9258179999999999,2937
XC666766,0 dB,0.0,0.945582,0.9252202,2937
XC701724,0 dB,0.0,0.418166,0.2872384,2937
XC183937,0 dB,0.0,0.604472,0.1360538,2937
XC736674,0 dB,0.0,0.575466,0.3403712,2937
XC12598,0 dB,0.0,0.800506,0.865918,2937
XC235763,0 dB,0.0,0.95246,0.9244752,2937
XC525016,0 dB,0.0,0.806854,0.7056008,2937
XC158132,0 dB,0.0,0.872114,0.10719680000000001,2937
XC8565,0 dB,0.0,0.96136,0.8072798000000001,2937
XC108542,0 dB,0.0,0.907893,0.0,2937
XC731493,0 dB,0.0,0.974966,0.774982,2937
XC614881,0 dB,0.0,0.911326,0.707045,2937
XC228513,0 dB,0.0,0.833949,0.6368042,2937
XC633647,0 dB,0.0,0.874187,0.7263708,2937
XC717024,0 dB,0.0,0.990225,0.944375,2937
XC658138,0 dB,0.0,0.548326,0.5043662,2937
XC732280,0 dB,0.0,0.851586,0.7498538,2937
XC486154,0 dB,0.0,0.957303,0.9599281999999999,2937
XC268493,0 dB,0.0,0.1174,0.0,2937
XC688133,0 dB,0.0,0.699202,0.41842940000000006,2937
XC718295,0 dB,0.0,0.987347,0.932878,2937
XC753982,0 dB,0.0,0.62195,0.0219824,2937
XC731499,0 dB,0.0,0.94102,0.9384072,2937
XC223693,0 dB,0.0,0.97893,0.8504676,2937
XC410185,0 dB,0.0,0.945921,0.8232670000000001,2937
XC731558,0 dB,0.0,0.969703,0.8529722,2937
XC400280,0 dB,0.0,0.746822,0.1690172,2937
XC674130,0 dB,0.0,0.91645,0.5463034,2937
XC382526,0 dB,0.0,0.812956,0.7895646000000001,2937
XC183493,0 dB,0.0,0.939848,0.7019580000000001,2937
XC189826,0 dB,0.0,0.965184,0.89774,2937
XC740662,0 dB,0.0,0.101652,0.0,2937
XC409718,0 dB,0.0,0.910189,0.786848,2937
XC694808,0 dB,0.0,0.759381,0.4982812,2937
XC360002,0 dB,0.0,0.995623,0.5645152,2937
XC674749,0 dB,0.0,0.730305,0.3192766,2937
XC578931,0 dB,0.0,0.772837,0.6356066,2937
XC714960,0 dB,0.0,0.677227,0.0226758,2937
XC265618,0 dB,0.0,0.897378,0.19024459999999999,2937
XC229218,0 dB,0.0,0.937253,0.942426,2937
XC511967,0 dB,0.0,0.802974,0.1835204,2937
XC229222,0 dB,0.0,0.988451,0.9693742000000001,2937
XC17548,0 dB,0.0,0.942661,0.932154,2937
XC773037,0 dB,0.0,0.10336,0.0,2937
XC235762,0 dB,0.0,0.282444,0.15043199999999998,2937
XC244192,0 dB,0.0,0.824029,0.119349,2937
XC731587,0 dB,0.0,0.984625,0.4873444,2937
XC676217,0 dB,0.0,0.954201,0.8162172,2937
XC429908,0 dB,0.0,0.870766,0.5131094,2937
XC718293,0 dB,0.0,0.968829,0.9672098,2937
XC736633,0 dB,0.0,0.906567,0.7833058,2937
XC19024,0 dB,0.0,0.951792,0.3886568,2937
XC415875,0 dB,0.0,0.721994,0.6527082,2937
XC567311,0 dB,0.0,0.920661,0.7955642,2937
XC731590,0 dB,0.0,0.982773,0.9377328,2937
XC32383,0 dB,0.0,0.922962,0.8704114000000001,2937
XC773753,0 dB,0.0,0.839633,0.3404982,2937
XC223701,0 dB,0.0,0.932119,0.7924874,2937
XC718291,0 dB,0.0,0.988451,0.956612,2937
XC718292,0 dB,0.0,0.988451,0.9257249999999999,2937
XC149604,0 dB,0.0,0.900185,0.7945798,2937
XC718323,0 dB,0.0,0.994848,0.9367604,2937
XC736604,0 dB,0.0,0.992973,0.9533571999999999,2937
XC242993,0 dB,0.0,0.868318,0.7818305999999999,2937
XC36065,0 dB,0.0,0.716531,0.4039636,2937
XC296721,0 dB,0.0,0.892503,0.8711424000000001,2937
XC500320,0 dB,0.0,0.930578,0.795868,2937
XC717284,0 dB,0.0,0.982787,0.8476079999999999,2937
XC275047,0 dB,0.0,0.934169,0.6129792000000001,2937
XC682184,0 dB,0.0,0.222711,0.059104000000000004,2937
XC158693,0 dB,0.0,0.765714,0.7411326,2937
XC260813,0 dB,0.0,0.403828,0.2682276,2937
XC736667,0 dB,0.0,0.908242,0.7005094,2937
XC732889,0 dB,0.0,0.361042,0.1737514,2937
XC534791,0 dB,0.0,0.707699,0.1565858,2937
XC680802,0 dB,0.0,0.928912,0.8779859999999999,2937
XC289593,0 dB,0.0,0.869918,0.6433412000000001,2937
XC773176,0 dB,0.0,0.452691,0.3720412,2937
XC736670,0 dB,0.0,0.950779,0.7940292,2937
XC682188,0 dB,0.0,0.460177,0.4212034,2937
XC663295,0 dB,0.0,0.702629,0.5600456,2937
XC275048,0 dB,0.0,0.901795,0.623786,2937
XC166540,0 dB,0.0,0.949161,0.0679314,2937
XC302616,0 dB,0.0,0.598899,0.0678112,2937
XC190423,0 dB,0.0,0.931757,0.0753208,2937
XC731576,0 dB,0.0,0.976924,0.9798904,2937
XC157561,0 dB,0.0,0.978771,0.9431362,2937
XC223699,0 dB,0.0,0.889724,0.6084332,2937
XC100367,0 dB,0.0,0.973404,0.9495136000000001,2937
XC729594,0 dB,0.0,0.967187,0.8341464000000001,2937
XC598388,0 dB,0.0,0.44902,0.0,2937
XC286132,0 dB,0.0,0.990933,0.9184242000000001,2937
XC259429,0 dB,0.0,0.850971,0.718848,2937
XC112665,0 dB,0.0,0.52869,0.0,2937
XC712359,0 dB,0.0,0.940639,0.9397368,2937
XC425470,0 dB,0.0,0.828233,0.174152,2937
XC614858,0 dB,0.0,0.967604,0.129533,2937
XC736592,0 dB,0.0,0.968567,0.1035866,2937
XC470230,0 dB,0.0,0.802707,0.3991606,2937
XC156108,0 dB,0.0,0.79858,0.06114699999999999,2937
XC682186,0 dB,0.0,0.490935,0.062182400000000006,2937
XC508607,0 dB,0.0,0.911315,0.8511632,2937
XC471112,0 dB,0.0,0.934841,0.8956144,2937
XC190315,0 dB,0.0,0.396828,0.076062,2937
XC567309,0 dB,0.0,0.857315,0.775356,2937
XC166995,0 dB,0.0,0.104648,0.0,2937
XC229221,0 dB,0.0,0.956302,0.0,2937
XC42250,0 dB,0.0,0.954448,0.9352921999999999,2937
XC731582,0 dB,0.0,0.912715,0.7205938,2937
XC223697,0 dB,0.0,0.966086,0.2937106,2937
XC729581,0 dB,0.0,0.931808,0.7410648,2937
XC731570,0 dB,0.0,0.932299,0.8538482000000001,2937
XC215864,0 dB,0.0,0.449914,0.19831959999999998,2937
XC717481,0 dB,0.0,0.995948,0.9897952,2937
XC326023,0 dB,0.0,0.95316,0.7958156,2937
XC249515,0 dB,0.0,0.964574,0.9373646000000001,2937
XC688128,0 dB,0.0,0.736839,0.6034418,2937
XC153466,0 dB,0.0,0.960311,0.9009539999999999,2937
XC461846,0 dB,0.0,0.828185,0.8718324000000001,2937
XC96395,0 dB,0.0,0.743766,0.0,2937
XC101059,0 dB,0.0,0.950141,0.9054855999999999,2937
XC152732,0 dB,0.0,0.893182,0.9292778,2937
XC731550,0 dB,0.0,0.888277,0.0700982,2937
XC562165,0 dB,0.0,0.554556,0.0273746,2937
XC47463,0 dB,0.0,0.550333,0.5028564,2937
XC265617,0 dB,0.0,0.832497,0.031630599999999995,2937
XC335300,0 dB,0.0,0.940537,0.9060862000000001,2937
XC423696,0 dB,0.0,0.774951,0.0,2937
XC717020,0 dB,0.0,0.979493,0.9472158,2937
XC717025,0 dB,0.0,0.945649,0.652101,2937
XC388600,0 dB,0.0,0.916895,0.4366398,2937
XC229224,0 dB,0.0,0.947017,0.8958373999999999,2937
XC173092,0 dB,0.0,0.943683,0.8246155999999999,2937
XC156252,0 dB,0.0,0.680857,0.023382800000000002,2937
XC223695,0 dB,0.0,0.986856,0.9386832,2937
XC961873,0 dB,0.0,0.847438,0.28095119999999996,2937
XC235765,0 dB,0.0,0.942459,0.9590322,2937
XC730027,0 dB,0.0,0.911009,0.8599596,2937
XC360006,0 dB,0.0,0.855493,0.0,2937
XC80263,0 dB,0.0,0.870917,0.8043397999999999,2937
XC275576,0 dB,0.0,0.760767,0.7367356,2937
XC407518,0 dB,0.0,0.9124,0.8840252,2937
XC736599,0 dB,0.0,0.992737,0.9075076,2937
XC410400,0 dB,0.0,0.969176,0.8213106,2937
XC767450,0 dB,0.0,0.594492,0.4944636,2937
XC335317,0 dB,0.0,0.945797,0.7299208,2937
XC688132,0 dB,0.0,0.310423,0.0241372,2937
XC197701,0 dB,0.0,0.959194,0.401331,2937
XC433336,0 dB,0.0,0.945734,0.8209835999999999,2937
XC616141,0 dB,0.0,0.934795,0.2661096,2937
XC736603,0 dB,0.0,0.953259,0.8138273999999999,2937
XC186212,0 dB,0.0,0.974465,0.9511692,2937
XC718300,0 dB,0.0,0.984877,0.5124283999999999,2937
XC432539,0 dB,0.0,0.156913,0.0,2937
XC510184,0 dB,0.0,0.964108,0.8943342,2937
XC302619,0 dB,0.0,0.456217,0.0207874,2937
XC276432,0 dB,0.0,0.115415,0.049008,2937
XC771829,0 dB,0.0,0.959401,0.8483202000000001,2937
XC754583,0 dB,0.0,0.707791,0.5200774,2937
XC6464,0 dB,0.0,0.755482,0.5689208000000001,2937
XC598391,0 dB,0.0,0.397643,0.3826616,2937
XC175882,0 dB,0.0,0.908494,0.5668648000000001,2937
XC576108,0 dB,0.0,0.592335,0.2882148,2937
XC266105,0 dB,0.0,0.835319,0.0,2937
XC177114,0 dB,0.0,0.936045,0.889985,2937
XC48483,0 dB,0.0,0.903539,0.7443212,2937
XC729269,0 dB,0.0,0.906778,0.174845,2937
XC215865,0 dB,0.0,0.556292,0.3583732,2937
XC158394,0 dB,0.0,0.751066,0.6125461999999999,2937
XC510186,0 dB,0.0,0.987192,0.9725656,2937
XC271103,0 dB,0.0,0.964346,0.9189869999999999,2937
XC35112,0 dB,0.0,0.972371,0.9409029999999999,2937
XC45119,0 dB,0.0,0.864639,0.1482904,2937
XC101060,0 dB,0.0,0.975507,0.9097276000000001,2937
XC767027,0 dB,0.0,0.916752,0.8900304,2937
XC86464,0 dB,0.0,0.867845,0.8751964000000001,2937
XC166727,0 dB,0.0,0.837462,0.8674111999999999,2937
XC296631,0 dB,0.0,0.88383,0.48054939999999996,2937
XC29517,0 dB,0.0,0.907578,0.8864601999999999,2937
XC696404,0 dB,0.0,0.919407,0.841925,2937
XC47027,0 dB,0.0,0.399831,0.082588,2937
XC441040,0 dB,0.0,0.812174,0.7891292,2937
XC694179,0 dB,0.0,0.955061,0.8757623999999999,2937
XC72398,0 dB,0.0,0.945573,0.862374,2937
XC717466,0 dB,0.0,0.149853,0.0,2937
XC22934,0 dB,0.0,0.933812,0.9582343999999999,2937
XC106499,0 dB,0.0,0.887756,0.550703,2937
XC317798,0 dB,0.0,0.804891,0.479957,2937
XC408504,0 dB,0.0,0.95126,0.0,2937
XC614880,0 dB,0.0,0.951884,0.8546124,2937
XC573311,0 dB,0.0,0.587048,0.5014596,2937
XC731533,0 dB,0.0,0.972733,0.8464195999999999,2937
XC19517,0 dB,0.0,0.962782,0.0,2937
XC645629,0 dB,0.0,0.864427,0.7400606,2937
XC682180,0 dB,0.0,0.723934,0.0294844,2937
XC500327,0 dB,0.0,0.979818,0.8551698,2937
XC503618,0 dB,0.0,0.984683,0.5192228,2937
XC543045,0 dB,0.0,0.977239,0.8949630000000001,2937
XC654886,0 dB,0.0,0.721448,0.8569232,2937
XC731553,0 dB,0.0,0.988135,0.980469,2937
XC42245,0 dB,0.0,0.915308,0.92409,2937
XC736631,0 dB,0.0,0.985661,0.975671,2937
XC736629,0 dB,0.0,0.993152,0.9268196,2937
XC102559,0 dB,0.0,0.88641,0.2629206,2937
XC728901,0 dB,0.0,0.214852,0.0,2937
XC730872,0 dB,0.0,0.4225,0.0,2937
XC688126,0 dB,0.0,0.852044,0.4097862,2937
XC102682,0 dB,0.0,0.921932,0.838141,2937
XC332678,0 dB,0.0,0.979328,0.9837450000000001,2937
XC11117,0 dB,0.0,0.941292,0.9263259999999999,2937
XC320935,0 dB,0.0,0.579031,0.0,2937
XC223698,0 dB,0.0,0.74638,0.252816,2937
XC676029,0 dB,0.0,0.231999,0.0807168,2937
XC736586,0 dB,0.0,0.834868,0.7542876,2937
XC703838,0 dB,0.0,0.843787,0.6610102,2937
XC716835,0 dB,0.0,0.791763,0.5257156000000001,2937
XC5918,0 dB,0.0,0.535077,0.4103058,2937
XC664422,0 dB,0.0,0.948893,0.6761318000000001,2937
XC276832,0 dB,0.0,0.290456,0.0,2937
XC102371,0 dB,0.0,0.564928,0.29061159999999997,2937
XC264621,0 dB,0.0,0.824991,0.8355651999999999,2937
XC202780,0 dB,0.0,0.986485,0.7543928,2937
XC729595,0 dB,0.0,0.873293,0.7322424,2937
XC312994,0 dB,0.0,0.984996,0.9224840000000001,2937
XC734232,0 dB,0.0,0.955521,0.7056464,2937
XC102620,0 dB,0.0,0.922718,0.6084942,2937
XC234286,0 dB,0.0,0.776695,0.072972,2937
XC767031,0 dB,0.0,0.916752,0.8864280000000001,2937
XC719745,0 dB,0.0,0.473742,0.1015128,2937
XC98040,0 dB,0.0,0.807297,0.7637008,2937
XC731547,0 dB,0.0,0.951225,0.9525276,2937
XC606787,0 dB,0.0,0.608662,0.440608,2937
XC621497,0 dB,0.0,0.155932,0.18712420000000002,2937
XC718312,0 dB,0.0,0.97735,0.9615525999999999,2937
XC121784,0 dB,0.0,0.91878,0.6428078,2937
XC28335,0 dB,0.0,0.868106,0.8407828,2937
XC767424,0 dB,0.0,0.500557,0.0,2937
XC718325,0 dB,0.0,0.995509,0.9866606000000001,2937
XC676027,0 dB,0.0,0.269185,0.0212394,2937
XC734199,0 dB,0.0,0.17708,0.0236124,2937
XC741170,0 dB,0.0,0.253746,0.2520102,2937
XC579290,0 dB,0.0,0.595566,0.5611202000000001,2937
XC2652,0 dB,0.0,0.288404,0.0,2937
XC328132,0 dB,0.0,0.971152,0.9387755999999999,2937
XC202061,0 dB,0.0,0.934816,0.8889569999999999,2937
XC717021,0 dB,0.0,0.991596,0.8623765999999999,2937
XC717218,0 dB,0.0,0.970521,0.8525145999999999,2937
XC717249,0 dB,0.0,0.9199,0.6764032,2937
XC754581,0 dB,0.0,0.722601,0.46495220000000004,2937
XC717026,0 dB,0.0,0.991246,0.7849516,2937
XC60123,0 dB,0.0,0.973369,0.9311902,2937
XC36282,0 dB,0.0,0.85653,0.4123672,2937
XC775447,0 dB,0.0,0.828688,0.17051739999999999,2937
XC286140,0 dB,0.0,0.95011,0.0322938,2937
XC429970,0 dB,0.0,0.257942,0.0,2937
XC682178,0 dB,0.0,0.643503,0.4684864,2937
XC343646,0 dB,0.0,0.586751,0.44786020000000004,2937
XC100396,0 dB,0.0,0.934057,0.8832224,2937
XC45741,0 dB,0.0,0.619424,0.025770599999999998,2937
XC756221,0 dB,0.0,0.820228,0.5526096,2937
XC774740,0 dB,0.0,0.856992,0.6563872,2937
XC506999,0 dB,0.0,0.806926,0.0,2937
XC731531,0 dB,0.0,0.991273,0.9369464000000001,2937
XC736673,0 dB,0.0,0.968752,0.9603942,2937
XC471403,0 dB,0.0,0.951994,0.9033300000000001,2937
XC614859,0 dB,0.0,0.978768,0.5003132,2937
XC56872,0 dB,0.0,0.65154,0.2985574,2937
XC682181,0 dB,0.0,0.650267,0.2505722,2937
XC693558,0 dB,0.0,0.889829,0.47889680000000007,2937
XC156110,0 dB,0.0,0.614092,0.0207702,2937
XC670637,0 dB,0.0,0.912971,0.8891368,2937
XC500329,0 dB,0.0,0.973182,0.0964046,2937
XC688125,0 dB,0.0,0.750127,0.4564526,2937
XC540091,0 dB,0.0,0.970054,0.9236732,2937
XC763293,0 dB,0.0,0.145428,0.168412,2937
XC405905,0 dB,0.0,0.900367,0.8978906,2937
XC717477,0 dB,0.0,0.955174,0.8996176,2937
XC609129,0 dB,0.0,0.872266,0.8768882,2937
XC693559,0 dB,0.0,0.960938,0.81017,2937
XC750668,0 dB,0.0,0.910551,0.8819393999999999,2937
XC512494,0 dB,0.0,0.951037,0.9462562,2937
XC322052,0 dB,0.0,0.13737,0.0930986,2937
XC674748,0 dB,0.0,0.389131,0.0,2937
XC410249,0 dB,0.0,0.886182,0.7863118,2937
XC690482,0 dB,0.0,0.940699,0.932094,2937
XC251448,0 dB,0.0,0.583805,0.4957858,2937
XC632493,0 dB,0.0,0.11552,0.0,2937
XC582828,0 dB,0.0,0.877695,0.7598618,2937
XC65533,0 dB,0.0,0.932618,0.0,2937
XC500314,0 dB,0.0,0.977843,0.9431314000000001,2937
XC432541,0 dB,0.0,0.984682,0.9229812000000001,2937
XC118200,0 dB,0.0,0.910893,0.6856206,2937
XC179936,0 dB,0.0,0.851757,0.23315140000000004,2937
XC424564,0 dB,0.0,0.813958,0.41783159999999997,2937
XC413894,0 dB,0.0,0.333135,0.0,2937
XC37796,0 dB,0.0,0.918362,0.3816794,2937
XC648909,0 dB,0.0,0.664042,0.0465258,2937
XC449940,0 dB,0.0,0.976563,0.7798296,2937
XC631070,0 dB,0.0,0.85453,0.1001334,2937
XC268492,0 dB,0.0,0.308379,0.0,2937
XC766349,0 dB,0.0,0.916384,0.8366116,2937
XC522023,0 dB,0.0,0.943799,0.7861482,2937
XC731527,0 dB,0.0,0.979071,0.9656978,2937
XC719297,0 dB,0.0,0.221448,0.0204226,2937
XC1016,0 dB,0.0,0.897621,0.9491113999999999,2937
XC290396,0 dB,0.0,0.384571,0.026752599999999998,2937
XC567776,0 dB,0.0,0.9812,0.9033132,2937
XC132312,0 dB,0.0,0.963358,0.9215554000000001,2937
XC745439,0 dB,0.0,0.88123,0.7423976,2937
XC199211,0 dB,0.0,0.570502,0.248446,2937
XC47915,0 dB,0.0,0.916043,0.8044914000000001,2937
XC774741,0 dB,0.0,0.872223,0.3969678,2937
XC690537,0 dB,0.0,0.924747,0.0432588,2937
XC731546,0 dB,0.0,0.966025,0.9835423999999999,2937
XC725685,0 dB,0.0,0.966974,0.0769032,2937
XC378531,0 dB,0.0,0.947387,0.8181682,2937
XC729591,0 dB,0.0,0.903227,0.9210329999999999,2937
XC717299,0 dB,0.0,0.977245,0.8619198000000001,2937
XC35884,0 dB,0.0,0.816676,0.6829288,2937
XC19002,0 dB,0.0,0.578389,0.1500096,2937
XC269836,0 dB,0.0,0.928949,0.37377099999999996,2937
XC561222,0 dB,0.0,0.5929,0.025131999999999998,2937
XC233468,0 dB,0.0,0.943309,0.8566876000000001,2937
XC270008,0 dB,0.0,0.953116,0.6660914,2937
XC505532,0 dB,0.0,0.885785,0.7489806,2937
XC258603,0 dB,0.0,0.932741,0.9420352,2937
XC158700,0 dB,0.0,0.544383,0.0,2937
XC361682,0 dB,0.0,0.956996,0.8685639999999999,2937
XC446866,0 dB,0.0,0.890736,0.708094,2937
XC97827,0 dB,0.0,0.856068,0.6041996,2937
XC730671,0 dB,0.0,0.774902,0.0789744,2937
XC718324,0 dB,0.0,0.992618,0.9555798,2937
XC177167,0 dB,0.0,0.918561,0.6077484,2937
XC38467,0 dB,0.0,0.892781,0.2775318,2937
XC244191,0 dB,0.0,0.883005,0.829744,2937
XC511425,0 dB,0.0,0.154363,0.23785819999999996,2937
XC121783,0 dB,0.0,0.904955,0.7091268,2937
XC721436,0 dB,0.0,0.707374,0.2390972,2937
XC17671,0 dB,0.0,0.706941,0.741069,2937
XC700399,0 dB,0.0,0.848298,0.7627965999999999,2937
XC286047,0 dB,0.0,0.906443,0.4513378,2937
XC718316,0 dB,0.0,0.989,0.9075103999999999,2937
XC290826,0 dB,0.0,0.835303,0.559544,2937
XC234208,0 dB,0.0,0.970737,0.9575402000000001,2937
XC89196,0 dB,0.0,0.588833,0.3116402,2937
XC763551,0 dB,0.0,0.724885,0.8077327999999999,2937
XC360005,0 dB,0.0,0.839391,0.0,2937
XC360008,0 dB,0.0,0.969552,0.0,2937
XC578723,0 dB,0.0,0.65463,0.0930174,2937
XC533973,0 dB,0.0,0.149337,0.0,2937
XC152734,0 dB,0.0,0.4372,0.2313234,2937
XC542585,0 dB,0.0,0.917885,0.64882,2937
XC717035,0 dB,0.0,0.990217,0.4718338,2937
XC449939,0 dB,0.0,0.981021,0.9517302000000001,2937
XC731532,0 dB,0.0,0.994979,0.9406124,2937
XC767411,0 dB,0.0,0.662615,0.40628359999999997,2937
XC152853,0 dB,0.0,0.67379,0.07098059999999999,2937
XC544941,0 dB,0.0,0.937376,0.8803346,2937
XC699154,0 dB,0.0,0.22833,0.0,2937
XC736632,0 dB,0.0,0.971682,0.5976972,2937
XC34466,0 dB,0.0,0.904901,0.7926822,2937
XC615468,0 dB,0.0,0.27145,0.0,2937
XC533294,0 dB,0.0,0.747964,0.7410954000000001,2937
XC234289,0 dB,0.0,0.819357,0.14891079999999998,2937
XC512775,0 dB,0.0,0.677748,0.3231172,2937
XC688127,0 dB,0.0,0.826317,0.7604634,2937
XC498298,0 dB,0.0,0.504056,0.23646440000000002,2937
XC4240,0 dB,0.0,0.906574,0.7908228,2937
XC736666,0 dB,0.0,0.973945,0.7052267999999999,2937
XC100368,0 dB,0.0,0.988045,0.9783548,2937
XC721437,0 dB,0.0,0.92002,0.752221,2937
XC703839,0 dB,0.0,0.963273,0.8718665999999999,2937
XC774101,0 dB,0.0,0.981888,0.8297321999999999,2937
XC389515,0 dB,0.0,0.867847,0.8092007999999999,2937
XC164674,0 dB,0.0,0.941493,0.5843532,2937
XC736669,0 dB,0.0,0.975183,0.9408628,2937
XC353224,0 dB,0.0,0.966686,0.8116474,2937
XC400278,0 dB,0.0,0.833339,0.5513054000000001,2937
XC100388,0 dB,0.0,0.854123,0.7906139999999999,2937
XC736664,0 dB,0.0,0.979031,0.9665701999999999,2937
XC412839,0 dB,0.0,0.960282,0.8905744,2937
XC414999,0 dB,0.0,0.564373,0.0,2937
XC674136,0 dB,0.0,0.653543,0.7261374,2937
XC276434,0 dB,0.0,0.951645,0.9397598,2937
XC660626,0 dB,0.0,0.868044,0.0217058,2937
XC22356,0 dB,0.0,0.949621,0.9111495999999999,2937
XC695312,0 dB,0.0,0.390592,0.0,2937
XC27619,0 dB,0.0,0.568465,0.0932394,2937
XC700047,0 dB,0.0,0.0,0.0,2937
XC260814,0 dB,0.0,0.341447,0.0,2937
XC461974,0 dB,0.0,0.390982,0.4283906,2937
XC69100,0 dB,0.0,0.455883,0.0,2937
XC45843,0 dB,0.0,0.84911,0.6249996,2937
XC259430,0 dB,0.0,0.873152,0.41267440000000005,2937
XC754598,0 dB,0.0,0.381654,0.23341979999999998,2937
XC258605,0 dB,0.0,0.929653,0.9199412,2937
XC180811,0 dB,0.0,0.875721,0.8388806000000001,2937
XC178515,0 dB,0.0,0.789228,0.7770806,2937
XC425472,0 dB,0.0,0.852959,0.17474,2937
XC731555,0 dB,0.0,0.947927,0.9374404000000001,2937
XC229223,0 dB,0.0,0.969263,0.9748867999999999,2937
XC767023,0 dB,0.0,0.935254,0.9058708,2937
XC25789,0 dB,0.0,0.946922,0.9349518,2937
XC718327,0 dB,0.0,0.996642,0.9220466,2937
XC390487,0 dB,0.0,0.659958,0.0,2937
XC229225,0 dB,0.0,0.880764,0.81939,2937
XC736675,0 dB,0.0,0.954584,0.8631926,2937
XC242992,0 dB,0.0,0.942891,0.8671536,2937
XC39854,0 dB,0.0,0.907756,0.9460062,2937
XC693800,0 dB,0.0,0.908428,0.6833948000000001,2937
XC718318,0 dB,0.0,0.97079,0.9076494,2937
XC614878,0 dB,0.0,0.916707,0.0,2937
XC33211,0 dB,0.0,0.940535,0.8194524,2937
XC219565,0 dB,0.0,0.833926,0.7097244,2937
XC565141,0 dB,0.0,0.956861,0.8459692000000001,2937
XC717049,0 dB,0.0,0.993777,0.9391484,2937
XC504710,0 dB,0.0,0.977756,0.8470382000000001,2937
XC767020,0 dB,0.0,0.91835,0.8761986,2937
XC29589,0 dB,0.0,0.661687,0.2787076,2937
XC731580,0 dB,0.0,0.873556,0.09837560000000001,2937
XC736605,0 dB,0.0,0.83266,0.6555358,2937
XC598390,0 dB,0.0,0.264442,0.0,2937
XC568427,0 dB,0.0,0.96207,0.9401234,2937
XC614885,0 dB,0.0,0.957951,0.3449692,2937
XC717238,0 dB,0.0,0.99077,0.8666088000000001,2937
XC317546,0 dB,0.0,0.951407,0.7041388,2937
XC389514,0 dB,0.0,0.80934,0.7541458,2937
XC189385,0 dB,0.0,0.804938,0.5560662000000001,2937
XC248385,0 dB,0.0,0.932354,0.9454284,2937
XC471402,0 dB,0.0,0.943816,0.9181086,2937
XC297631,0 dB,0.0,0.77635,0.4839516,2937
XC70597,0 dB,0.0,0.9587,0.38304419999999995,2937
XC92620,0 dB,0.0,0.488333,0.0,2937
XC432542,0 dB,0.0,0.911751,0.9188934,2937
XC102621,0 dB,0.0,0.821455,0.7967584,2937
XC736651,0 dB,0.0,0.777672,0.2475682,2937
XC731535,0 dB,0.0,0.948849,0.9138033999999999,2937
XC664109,0 dB,0.0,0.501826,0.194078,2937
XC717219,0 dB,0.0,0.967107,0.958494,2937
XC717220,0 dB,0.0,0.989014,0.9516854,2937
XC196808,0 dB,0.0,0.627092,0.0,2937
XC690428,0 dB,0.0,0.392786,0.0635664,2937
XC754579,0 dB,0.0,0.353749,0.0977034,2937
XC682174,0 dB,0.0,0.651824,0.4462326,2937
XC717027,0 dB,0.0,0.948342,0.9776869999999999,2937
XC266914,0 dB,0.0,0.903272,0.11964820000000001,2937
XC258604,0 dB,0.0,0.86381,0.8839311999999999,2937
XC273826,0 dB,0.0,0.813279,0.8154356,2937
XC669919,0 dB,0.0,0.849843,0.3665248,2937
XC769413,0 dB,0.0,0.895846,0.6686032,2937
XC736595,0 dB,0.0,0.984474,0.6529073999999999,2937
XC731585,0 dB,0.0,0.986652,0.9363265999999999,2937
XC717480,0 dB,0.0,0.993785,0.9844934000000001,2937
XC663426,0 dB,0.0,0.856369,0.8375556,2937
XC700617,0 dB,0.0,0.951775,0.9406945999999999,2937
XC156253,0 dB,0.0,0.908304,0.382375,2937
XC236712,0 dB,0.0,0.116603,0.0,2937
XC95320,0 dB,0.0,0.176338,0.0,2937
XC731501,0 dB,0.0,0.950519,0.8824799999999999,2937
XC349276,0 dB,0.0,0.119765,0.0,2937
XC256117,0 dB,0.0,0.957299,0.8255732,2937
XC449941,0 dB,0.0,0.987538,0.789408,2937
XC674134,0 dB,0.0,0.851722,0.6207902,2937
XC614863,0 dB,0.0,0.956483,0.1948346,2937
XC29084,0 dB,0.0,0.752275,0.47804159999999996,2937
XC8798,0 dB,0.0,0.93164,0.8729372,2937
XC717237,0 dB,0.0,0.950663,0.966562,2937
XC552378,0 dB,0.0,0.554888,0.4607464,2937
XC286141,0 dB,0.0,0.911243,0.0,2937
XC741171,0 dB,0.0,0.351072,0.18730600000000003,2937
XC47914,0 dB,0.0,0.700544,0.7903100000000001,2937
XC717235,0 dB,0.0,0.910424,0.6160804000000001,2937
XC721914,0 dB,0.0,0.491283,0.29180419999999996,2937
XC731495,0 dB,0.0,0.989849,0.9418811999999999,2937
XC242996,0 dB,0.0,0.903548,0.7384624000000001,2937
XC264622,0 dB,0.0,0.826215,0.8069466000000001,2937
XC512493,0 dB,0.0,0.940372,0.9436235999999999,2937
XC88181,0 dB,0.0,0.270947,0.0,2937
XC276831,0 dB,0.0,0.382756,0.0,2937
XC729587,0 dB,0.0,0.80833,0.368358,2937
XC756137,0 dB,0.0,0.879587,0.1525358,2937
XC262473,0 dB,0.0,0.923897,0.7229563999999999,2937
XC756136,0 dB,0.0,0.56931,0.1003686,2937
XC100390,0 dB,0.0,0.893868,0.7331524,2937
XC155510,0 dB,0.0,0.847199,0.758899,2937
XC276857,0 dB,0.0,0.94587,0.9339164,2937
XC731584,0 dB,0.0,0.202214,0.127797,2937
XC692727,0 dB,0.0,0.254298,0.0954794,2937
XC717490,0 dB,0.0,0.993856,0.9738656000000001,2937
XC42257,0 dB,0.0,0.597734,0.7650384000000001,2937
XC725922,0 dB,0.0,0.928123,0.4074168,2937
XC13142,0 dB,0.0,0.965363,0.9214041999999999,2937
XC292446,0 dB,0.0,0.959576,0.8962768000000001,2937
XC654582,0 dB,0.0,0.952697,0.8063705999999999,2937
XC717487,0 dB,0.0,0.123423,0.0,2937
XC121431,0 dB,0.0,0.696888,0.1930548,2937
XC329832,0 dB,0.0,0.961713,0.6518732,2937
XC731545,0 dB,0.0,0.963136,0.7444682,2937
XC717465,0 dB,0.0,0.621879,0.30027039999999994,2937
XC772588,0 dB,0.0,0.652678,0.249948,2937
XC154860,0 dB,0.0,0.499101,0.3050726,2937
XC102558,0 dB,0.0,0.926402,0.5379698,2937
XC273706,0 dB,0.0,0.845511,0.6118634000000001,2937
XC664303,0 dB,0.0,0.447017,0.2083176,2937
XC388833,0 dB,0.0,0.927875,0.8419700000000001,2937
XC616439,0 dB,0.0,0.195177,0.044227,2937
XC667363,0 dB,0.0,0.438691,0.43615139999999997,2937
XC717292,0 dB,0.0,0.963023,0.8070744,2937
XC614857,0 dB,0.0,0.961276,0.0712222,2937
XC250901,0 dB,0.0,0.921467,0.7258091999999999,2937
XC721435,0 dB,0.0,0.310279,0.1652688,2937
XC688131,0 dB,0.0,0.794203,0.3030984,2937
XC724334,0 dB,0.0,0.899396,0.1689748,2937
XC101820,0 dB,0.0,0.939293,0.8730076,2937
XC69101,0 dB,0.0,0.253204,0.0,2937
XC19877,0 dB,0.0,0.686421,0.0516516,2937
XC335298,0 dB,0.0,0.957455,0.7196488000000001,2937
XC86463,0 dB,0.0,0.949737,0.9221792000000001,2937
XC684297,0 dB,0.0,0.598258,0.4573754,2937
XC166728,0 dB,0.0,0.925737,0.7091904,2937
XC736677,0 dB,0.0,0.980296,0.9393483999999999,2937
XC717051,0 dB,0.0,0.984274,0.7221866,2937
XC23005,0 dB,0.0,0.75896,0.8138128,2937
XC718294,0 dB,0.0,0.990601,0.8140718,2937
XC702898,0 dB,0.0,0.388728,0.0,2937
XC676216,0 dB,0.0,0.975664,0.887067,2937
XC614886,0 dB,0.0,0.775564,0.2341358,2937
XC70596,0 dB,0.0,0.957533,0.7351208,2937
XC731583,0 dB,0.0,0.990412,0.9712092,2937
XC260190,0 dB,0.0,0.972059,0.9623556000000001,2937
XC683958,0 dB,0.0,0.955365,0.9617229999999999,2937
XC167271,0 dB,0.0,0.737388,0.0,2937
XC229220,0 dB,0.0,0.930928,0.3280314,2937
XC774109,0 dB,0.0,0.979116,0.9486744,2937
XC769403,0 dB,0.0,0.842146,0.3121682,2937
XC736671,0 dB,0.0,0.994128,0.9641956,2937
XC171181,0 dB,0.0,0.813533,0.6768054,2937
XC371203,0 dB,0.0,0.922706,0.6775352,2937
XC314821,0 dB,0.0,0.89316,0.4387828,2937
XC728485,0 dB,0.0,0.242533,0.0,2937
XC90655,0 dB,0.0,0.428637,0.6313831999999999,2937
XC259427,0 dB,0.0,0.729806,0.6908906,2937
XC502836,0 dB,0.0,0.609617,0.603085,2937
XC30747,0 dB,0.0,0.892206,0.5797732,2937
XC98038,0 dB,0.0,0.125203,0.19009700000000002,2937
XC169248,0 dB,0.0,0.793751,0.5435052,2937
XC114396,0 dB,0.0,0.909527,0.15786280000000003,2937
XC673025,0 dB,0.0,0.669806,0.3467282,2937
XC3103,0 dB,0.0,0.906641,0.8419473999999999,2937
XC511424,0 dB,0.0,0.756101,0.40944699999999995,2937
XC665584,0 dB,0.0,0.760671,0.44591459999999994,2937
XC729602,0 dB,0.0,0.98605,0.8543884,2937
XC47028,0 dB,0.0,0.383988,0.19184800000000002,2937
XC616142,0 dB,0.0,0.90103,0.5472376,2937
XC407547,0 dB,0.0,0.912769,0.0,2937
XC286049,0 dB,0.0,0.832461,0.1041832,2937
XC505533,0 dB,0.0,0.914331,0.5249854,2937
XC258606,0 dB,0.0,0.926899,0.805184,2937
XC729592,0 dB,0.0,0.980207,0.7726264,2937
XC676030,0 dB,0.0,0.135283,0.0,2937
XC229513,0 dB,0.0,0.894467,0.1939702,2937
XC393488,0 dB,0.0,0.599671,0.6356446,2937
XC500310,0 dB,0.0,0.975309,0.24758180000000002,2937
XC676311,0 dB,0.0,0.945575,0.909051,2937
XC483641,0 dB,0.0,0.891417,0.0,2937
XC90691,0 dB,0.0,0.868168,0.0518844,2937
XC717217,0 dB,0.0,0.970521,0.8560687999999999,2937
XC717483,0 dB,0.0,0.973816,0.9616136000000001,2937
XC19263,0 dB,0.0,0.949799,0.4787248,2937
XC400279,0 dB,0.0,0.852711,0.1607594,2937
XC525014,0 dB,0.0,0.741094,0.6743924,2937
XC190314,0 dB,0.0,0.825934,0.0924474,2937
XC106498,0 dB,0.0,0.461803,0.12143960000000001,2937
XC7811,0 dB,0.0,0.884542,0.7864938,2937
XC736668,0 dB,0.0,0.981965,0.9174606000000001,2937
XC259426,0 dB,0.0,0.743299,0.5385402,2937
XC39061,0 dB,0.0,0.860013,0.8380008,2937
XC271533,0 dB,0.0,0.937651,0.7886876,2937
XC674751,0 dB,0.0,0.392926,0.0,2937
XC718317,0 dB,0.0,0.986781,0.9533278,2937
XC731496,0 dB,0.0,0.952491,0.5559674,2937
XC648910,0 dB,0.0,0.853264,0.3106784,2937
XC320936,0 dB,0.0,0.976353,0.7026988000000001,2937
XC298946,0 dB,0.0,0.49585,0.0,2937
XC567310,0 dB,0.0,0.819955,0.8471686,2937
XC771599,0 dB,0.0,0.934881,0.8784136,2937
XC470048,0 dB,0.0,0.955232,0.8538439999999999,2937
XC510185,0 dB,0.0,0.972433,0.8723734000000001,2937
XC143144,0 dB,0.0,0.723952,0.5954488,2937
XC736653,0 dB,0.0,0.982341,0.9234262,2937
XC422286,0 dB,0.0,0.764193,0.6113484,2937
XC731519,0 dB,0.0,0.283946,0.0,2937
XC158131,0 dB,0.0,0.939651,0.9166563999999999,2937
XC53928,0 dB,0.0,0.649654,0.13929560000000002,2937
XC717288,0 dB,0.0,0.983878,0.9643988,2937
XC249632,0 dB,0.0,0.854201,0.9083287999999999,2937
XC725972,0 dB,0.0,0.354516,0.2841836,2937
XC190305,0 dB,0.0,0.943863,0.5996589999999999,2937
XC264620,0 dB,0.0,0.946112,0.9186099999999999,2937
XC235761,0 dB,0.0,0.556766,0.18593880000000002,2937
XC717047,0 dB,0.0,0.973781,0.8819136000000001,2937
XC101036,0 dB,0.0,0.968004,0.9523678,2937
XC29020,0 dB,0.0,0.915031,0.0,2937
XC729582,0 dB,0.0,0.953112,0.42630100000000004,2937
XC67991,0 dB,0.0,0.859604,0.4331302,2937
XC616145,0 dB,0.0,0.854764,0.6281914000000001,2937
XC616440,0 dB,0.0,0.237444,0.2215046,2937
XC302613,0 dB,0.0,0.403653,0.22809819999999997,2937
XC717034,0 dB,0.0,0.969458,0.6919002,2937
XC614879,0 dB,0.0,0.919153,0.446303,2937
XC228774,0 dB,0.0,0.966145,0.24042500000000003,2937
XC316482,0 dB,0.0,0.981466,0.869862,2937
XC674133,0 dB,0.0,0.935611,0.8712047999999999,2937
XC149603,0 dB,0.0,0.864213,0.7681988,2937
XC368209,0 dB,0.0,0.763641,0.6365022,2937
XC664297,0 dB,0.0,0.878349,0.7392126,2937
XC404985,0 dB,0.0,0.874745,0.7117494000000001,2937
XC322053,0 dB,0.0,0.703788,0.72264,2937
XC120380,0 dB,0.0,0.366457,0.2317428,2937
XC447875,0 dB,0.0,0.88129,0.7241372,2937
XC730672,0 dB,0.0,0.816328,0.7877896,2937
XC19485,0 dB,0.0,0.982827,0.931987,2937
XC189388,0 dB,0.0,0.610304,0.11216759999999999,2937
XC150454,0 dB,0.0,0.866017,0.1238292,2937
XC525015,0 dB,0.0,0.879014,0.6678756,2937
XC142551,0 dB,0.0,0.908938,0.9121159999999999,2937
XC741460,0 dB,0.0,0.361815,0.0213276,2937
XC229219,0 dB,0.0,0.963575,0.9608918,2937
XC731540,0 dB,0.0,0.967258,0.3676288,2937
XC347210,0 dB,0.0,0.843747,0.4833294,2937
XC69103,0 dB,0.0,0.435354,0.0,2937
XC246018,0 dB,0.0,0.627376,0.9011241999999999,2937
XC96022,0 dB,0.0,0.972504,0.42575140000000006,2937
XC452171,0 dB,0.0,0.205981,0.0,2937
XC767025,0 dB,0.0,0.93324,0.8889782,2937
XC534760,0 dB,0.0,0.123365,0.0,2937
XC388835,0 dB,0.0,0.956076,0.272119,2937
XC729583,0 dB,0.0,0.873896,0.5212952,2937
XC132907,0 dB,0.0,0.937913,0.9303122,2937
XC730735,0 dB,0.0,0.789194,0.8308312000000001,2937
XC674968,0 dB,0.0,0.879732,0.575319,2937
XC266540,0 dB,0.0,0.916273,0.7699106,2937
XC425471,0 dB,0.0,0.950348,0.0,2937
XC676159,0 dB,0.0,0.875297,0.40159700000000004,2937
XC290828,0 dB,0.0,0.895504,0.7209812,2937
XC266109,0 dB,0.0,0.930259,0.37371,2937
XC731581,0 dB,0.0,0.945207,0.47732359999999996,2937
XC736672,0 dB,0.0,0.958302,0.8806521999999999,2937
XC729596,0 dB,0.0,0.975632,0.9342052000000001,2937
XC634294,0 dB,0.0,0.884913,0.454685,2937
XC199210,0 dB,0.0,0.593232,0.45866860000000004,2937
XC674132,0 dB,0.0,0.857505,0.0344316,2937
XC286046,0 dB,0.0,0.946661,0.4720198,2937
XC90654,0 dB,0.0,0.891592,0.4169144,2937
XC530054,0 dB,0.0,0.878909,0.563382,2937
XC731509,0 dB,0.0,0.941204,0.833933,2937
XC731497,0 dB,0.0,0.934676,0.824609,2937
XC695999,0 dB,0.0,0.88506,0.1366058,2937
XC100397,0 dB,0.0,0.878376,0.913715,2937
XC500330,0 dB,0.0,0.976452,0.9053606000000001,2937
XC773731,0 dB,0.0,0.653703,0.3887866,2937
XC736593,0 dB,0.0,0.983988,0.811981,2937
XC714487,0 dB,0.0,0.904667,0.7542123999999999,2937
XC962669,0 dB,0.0,0.852329,0.3829272,2937
XC614856,0 dB,0.0,0.838582,0.3651542,2937
XC269406,0 dB,0.0,0.955698,0.6893819999999999,2937
XC483640,0 dB,0.0,0.81207,0.0,2937
XC213785,0 dB,0.0,0.934978,0.794709,2937
XC223700,0 dB,0.0,0.915067,0.8305346,2937
XC223696,0 dB,0.0,0.9841,0.9651336,2937
XC235262,0 dB,0.0,0.921385,0.8426188,2937
XC506969,0 dB,0.0,0.953276,0.910277,2937
XC641658,0 dB,0.0,0.958249,0.829232,2937
XC731566,0 dB,0.0,0.958004,0.752407,2937
XC387316,0 dB,0.0,0.985946,0.9514742,2937
XC742587,0 dB,0.0,0.832026,0.8249472000000001,2937
XC735332,0 dB,0.0,0.893767,0.8219834,2937
XC223694,0 dB,0.0,0.985647,0.9657058,2937
XC29921,0 dB,0.0,0.875998,0.8379125999999999,2937
XC72396,0 dB,0.0,0.96768,0.9134638,2937
XC398497,0 dB,0.0,0.443442,0.0,2937
XC766350,0 dB,0.0,0.922354,0.7601829999999999,2937
XC763503,0 dB,0.0,0.950068,0.8405965999999999,2937
XC732886,0 dB,0.0,0.200696,0.047686400000000004,2937
XC36024,0 dB,0.0,0.309123,0.35413100000000003,2937
XC19161,0 dB,0.0,0.457025,0.0,2937
XC214239,0 dB,0.0,0.880764,0.5248722,2937
XC568425,0 dB,0.0,0.973542,0.9465085999999999,2937
XC412325,0 dB,0.0,0.300473,0.0,2937
XC46538,0 dB,0.0,0.856884,0.6618476,2937
XC329831,0 dB,0.0,0.949617,0.5123356,2937
XC635422,0 dB,0.0,0.387415,0.0,2937
XC296852,0 dB,0.0,0.712705,0.5622498,2937
XC121785,0 dB,0.0,0.921393,0.3458208,2937
XC161619,0 dB,0.0,0.531044,0.34509439999999997,2937
XC134455,0 dB,0.0,0.582811,0.47877919999999996,2937
XC262474,0 dB,0.0,0.75905,0.5684416,2937
XC445512,0 dB,0.0,0.901691,0.17150400000000002,2937
XC90171,0 dB,0.0,0.964879,0.0,2937
XC428318,0 dB,0.0,0.941265,0.493826,2937
XC525017,0 dB,0.0,0.84282,0.7866641999999999,2937
XC102557,0 dB,0.0,0.854667,0.8689646,2937
XC432119,0 dB,0.0,0.470463,0.0,2937
XC500324,0 dB,0.0,0.972911,0.7581429999999999,2937
XC386207,0 dB,0.0,0.940833,0.8561144,2937
XC688129,0 dB,0.0,0.854819,0.6844514,2937
XC320009,0 dB,0.0,0.964228,0.9416846,2937
XC6395,0 dB,0.0,0.946839,0.9000214,2937
XC27768,0 dB,0.0,0.215503,0.0,2937
XC410359,0 dB,0.0,0.886943,0.8335542,2937
XC744136,0 dB,0.0,0.956003,0.8391272000000001,2937
XC594854,0 dB,0.0,0.37132,0.12444820000000001,2937
XC397023,0 dB,0.0,0.866554,0.0278756,2937
XC731530,0 dB,0.0,0.98409,0.9567043999999999,2937
XC250902,0 dB,0.0,0.898152,0.8120666,2937
XC276435,0 dB,0.0,0.200872,0.1400376,2937
XC251446,0 dB,0.0,0.881449,0.7148024,2937
XC641716,0 dB,0.0,0.93138,0.8960560000000001,2937
XC614882,0 dB,0.0,0.667178,0.1621426,2937
XC496267,0 dB,0.0,0.95261,0.8075136,2937
XC682171,0 dB,0.0,0.627097,0.4638106000000001,2937
XC156107,0 dB,0.0,0.637537,0.110354,2937
XC736590,0 dB,0.0,0.967129,0.7413822000000001,2937
XC741172,0 dB,0.0,0.200696,0.0218456,2937
XC693801,0 dB,0.0,0.969058,0.9577273999999999,2937
XC264623,0 dB,0.0,0.152212,0.0,2937
XC407634,0 dB,0.0,0.864585,0.9200108,2937
XC717482,0 dB,0.0,0.987176,0.8738726,2937
XC48482,0 dB,0.0,0.829411,0.7857725999999999,2937
XC756164,0 dB,0.0,0.983726,0.41233640000000005,2937
XC470278,0 dB,0.0,0.865965,0.8255990000000001,2937
XC106500,0 dB,0.0,0.86446,0.174085,2937
XC742588,0 dB,0.0,0.836816,0.0,2937
XC642287,0 dB,0.0,0.895806,0.7373959999999999,2937
XC731522,0 dB,0.0,0.90388,0.7960414,2937
XC736602,0 dB,0.0,0.987,0.8654368,2937
XC28597,0 dB,0.0,0.898287,0.8115496,2937
XC8042,0 dB,0.0,0.86405,0.722298,2937
XC731494,0 dB,0.0,0.953399,0.9019786,2937
XC684298,0 dB,0.0,0.533632,0.5119412,2937
XC209072,0 dB,0.0,0.939338,0.7533718,2937
XC229515,0 dB,0.0,0.952894,0.8350522,2937
XC731586,0 dB,0.0,0.991898,0.9079729999999999,2937
XC675082,0 dB,0.0,0.750383,0.11257299999999999,2937
XC552376,0 dB,0.0,0.950595,0.7404536,2937
XC707796,0 dB,0.0,0.40207,0.0,2937
XC429971,0 dB,0.0,0.161421,0.0,2937
XC40751,0 dB,0.0,0.978225,0.9297428,2937
XC631177,0 dB,0.0,0.964716,0.8369384,2937
XC259431,0 dB,0.0,0.534084,0.4406608,2937
XC100389,0 dB,0.0,0.82931,0.794208,2937
XC731537,0 dB,0.0,0.95922,0.9077766,2937
XC320934,0 dB,0.0,0.542316,0.0,2937
XC115775,0 dB,0.0,0.986365,0.9529650000000001,2937
XC2514,0 dB,0.0,0.91396,0.7820541999999999,2937
XC1625,0 dB,0.0,0.838958,0.8007072000000001,2937
XC552370,0 dB,0.0,0.883267,0.8550000000000001,2937
XC773151,0 dB,0.0,0.642192,0.0,2937
XC505536,0 dB,0.0,0.900151,0.6551672,2937
XC456902,0 dB,0.0,0.877499,0.8663412000000001,2937
XC364191,0 dB,0.0,0.190898,0.0973912,2937
XC731579,0 dB,0.0,0.427366,0.4243004,2937
XC729586,0 dB,0.0,0.816313,0.40444579999999997,2937
XC156106,0 dB,0.0,0.965274,0.5030736,2937
XC290829,0 dB,0.0,0.912648,0.0,2937
XC336751,0 dB,0.0,0.898464,0.338022,2937
XC676160,0 dB,0.0,0.78066,0.0244726,2937
XC669920,0 dB,0.0,0.663661,0.0,2937
XC638143,0 dB,0.0,0.194361,0.0,2937
XC674750,0 dB,0.0,0.495565,0.0,2937
XC156109,0 dB,0.0,0.746109,0.2785146,2937
XC539755,0 dB,0.0,0.200576,0.0,2937
XC731543,0 dB,0.0,0.985118,0.9603176,2937
XC717023,0 dB,0.0,0.98663,0.8887554,2937
XC436107,0 dB,0.0,0.953104,0.8996308,2937
XC268491,0 dB,0.0,0.573147,0.0,2937
XC736658,0 dB,0.0,0.289536,0.214501,2937
XC670632,0 dB,0.0,0.769371,0.4375648,2937
XC127523,0 dB,0.0,0.810709,0.6545984,2937
XC154859,0 dB,0.0,0.565848,0.079517,2937
XC470231,0 dB,0.0,0.962432,0.2563082,2937
XC284124,0 dB,0.0,0.364614,0.06644760000000001,2937
XC717234,0 dB,0.0,0.969046,0.9129818000000001,2937
XC170826,0 dB,0.0,0.92749,0.8685729999999999,2937
XC717233,0 dB,0.0,0.968102,0.4749098,2937
XC400282,0 dB,0.0,0.300667,0.040399000000000004,2937
XC718320,0 dB,0.0,0.984107,0.8515566,2937
XC166730,0 dB,0.0,0.90219,0.2526966,2937
XC174050,0 dB,0.0,0.801002,0.685249,2937
XC731573,0 dB,0.0,0.97659,0.579999,2937
XC645630,0 dB,0.0,0.947894,0.8167872,2937
XC92618,0 dB,0.0,0.943041,0.3101368,2937
XC628125,0 dB,0.0,0.967711,0.9235796000000001,2937
XC335316,0 dB,0.0,0.970712,0.8668851999999999,2937
XC387317,0 dB,0.0,0.966204,0.9568844000000001,2937
XC717022,0 dB,0.0,0.988082,0.8447226000000001,2937
XC717222,0 dB,0.0,0.97628,0.9656140000000001,2937
XC23622,0 dB,0.0,0.937302,0.8334824,2937
XC92619,0 dB,0.0,0.960516,0.21133079999999999,2937
XC1940,0 dB,0.0,0.855042,0.6159188,2937
XC496266,0 dB,0.0,0.920381,0.8108968000000001,2937
XC317808,0 dB,0.0,0.866119,0.201992,2937
XC321867,0 dB,0.0,0.966284,0.9307753999999999,2937
XC424472,0 dB,0.0,0.270151,0.0,2937
XC262940,0 dB,0.0,0.959279,0.9136656000000001,2937
XC322051,0 dB,0.0,0.947823,0.6077208,2937
XC732891,0 dB,0.0,0.214192,0.1429184,2937
XC492567,0 dB,0.0,0.957365,0.9101374,2937
XC731565,0 dB,0.0,0.982066,0.8763156000000001,2937
XC562169,0 dB,0.0,0.314269,0.0,2937
XC663424,0 dB,0.0,0.886214,0.843755,2937
XC447739,0 dB,0.0,0.983137,0.9364708,2937
XC682538,0 dB,0.0,0.420835,0.3189142,2937
XC520027,0 dB,0.0,0.804594,0.7097424,2937
XC614665,0 dB,0.0,0.689615,0.31816520000000004,2937
XC736624,0 dB,0.0,0.906542,0.6000308,2937
XC671372,0 dB,0.0,0.947546,0.6602988,2937
XC627071,0 dB,0.0,0.895706,0.8390758,2937
XC408327,0 dB,0.0,0.967778,0.9371883999999999,2937
XC403698,0 dB,0.0,0.581439,0.23748640000000001,2937
XC204225,0 dB,0.0,0.29607,0.07148,2937
XC7089,0 dB,0.0,0.317717,0.318507,2937
XC453867,0 dB,0.0,0.853234,0.7093556000000001,2937
XC634052,0 dB,0.0,0.991125,0.9699194,2937
XC313446,0 dB,0.0,0.139222,0.0,2937
XC544431,0 dB,0.0,0.849615,0.0,2937
XC517320,0 dB,0.0,0.941784,0.9364169999999999,2937
XC223710,0 dB,0.0,0.881973,0.5885838,2937
XC205322,0 dB,0.0,0.870129,0.49284819999999996,2937
XC360004,0 dB,0.0,0.885913,0.4177994,2937
XC578918,0 dB,0.0,0.180467,0.0,2937
XC322680,0 dB,0.0,0.795281,0.095742,2937
XC270007,0 dB,0.0,0.882418,0.2767446,2937
XC400281,0 dB,0.0,0.693626,0.0429806,2937
XC529368,0 dB,0.0,0.919624,0.8337388000000001,2937
XC192429,0 dB,0.0,0.426871,0.2075702,2937
XC714481,0 dB,0.0,0.580729,0.24624959999999999,2937
XC229240,0 dB,0.0,0.970286,0.8090916,2937
XC3112,0 dB,0.0,0.900683,0.9029094000000001,2937
XC360403,0 dB,0.0,0.920213,0.0699842,2937
XC717223,0 dB,0.0,0.991387,0.9615767999999999,2937
XC180516,0 dB,0.0,0.988832,0.967981,2937
XC432254,0 dB,0.0,0.835563,0.5074162,2937
XC203384,0 dB,0.0,0.20138,0.10572,2937
XC303510,0 dB,0.0,0.15038,0.0,2937
XC475035,0 dB,0.0,0.529916,0.08949180000000001,2937
XC192768,0 dB,0.0,0.887537,0.8289918000000001,2937
XC229236,0 dB,0.0,0.87457,0.7657022,2937
XC409291,0 dB,0.0,0.715363,0.168811,2937
XC580583,0 dB,0.0,0.299232,0.0949968,2937
XC511965,0 dB,0.0,0.727937,0.0785428,2937
XC514470,0 dB,0.0,0.980272,0.9233684,2937
XC514371,0 dB,0.0,0.990334,0.9851144,2937
XC235764,0 dB,0.0,0.478424,0.186805,2937
XC322783,0 dB,0.0,0.649421,0.5100618,2937
XC150942,0 dB,0.0,0.924073,0.31800660000000003,2937
XC634066,0 dB,0.0,0.955468,0.7857758,2937
XC694812,0 dB,0.0,0.774172,0.3766446,2937
XC229227,0 dB,0.0,0.807264,0.1986562,2937
XC767412,0 dB,0.0,0.179927,0.0,2937
XC614719,0 dB,0.0,0.343933,0.43104259999999994,2937
XC127469,0 dB,0.0,0.472103,0.0,2937
XC424685,0 dB,0.0,0.448359,0.0,2937
XC314359,0 dB,0.0,0.744756,0.0536296,2937
XC516659,0 dB,0.0,0.975788,0.9339202,2937
XC407838,0 dB,0.0,0.696985,0.27433640000000004,2937
XC15775,0 dB,0.0,0.768388,0.6648946,2937
XC598394,0 dB,0.0,0.251692,0.0,2937
XC23740,0 dB,0.0,0.922289,0.8917498,2937
XC41668,0 dB,0.0,0.952368,0.9052545999999999,2937
XC421983,0 dB,0.0,0.907517,0.8605408000000001,2937
XC141634,0 dB,0.0,0.185806,0.0,2937
XC15448,0 dB,0.0,0.979555,0.9810138,2937
XC514364,0 dB,0.0,0.930573,0.19371719999999998,2937
XC516660,0 dB,0.0,0.544888,0.0,2937
XC100395,0 dB,0.0,0.943346,0.795382,2937
XC734236,0 dB,0.0,0.909052,0.7414316,2937
XC634173,0 dB,0.0,0.97804,0.9674122,2937
XC64975,0 dB,0.0,0.439773,0.40266979999999997,2937
XC438599,0 dB,0.0,0.260235,0.0,2937
XC205321,0 dB,0.0,0.819642,0.5899162,2937
XC517081,0 dB,0.0,0.987478,0.9706102,2937
XC365344,0 dB,0.0,0.951755,0.5724422,2937
XC514328,0 dB,0.0,0.785354,0.5170315999999999,2937
XC34470,0 dB,0.0,0.816289,0.7534612,2937
XC229235,0 dB,0.0,0.956422,0.959916,2937
XC670847,0 dB,0.0,0.519141,0.0,2937
XC512203,0 dB,0.0,0.953956,0.8548652000000001,2937
XC351193,0 dB,0.0,0.246618,0.0,2937
XC514350,0 dB,0.0,0.934051,0.8511652,2937
XC287834,0 dB,0.0,0.449445,0.2409366,2937
XC514442,0 dB,0.0,0.34057,0.5697996,2937
XC515018,0 dB,0.0,0.98198,0.8664916,2937
XC714479,0 dB,0.0,0.724054,0.2205584,2937
XC680456,0 dB,0.0,0.195046,0.0,2937
XC694817,0 dB,0.0,0.784936,0.6538666,2937
XC646146,0 dB,0.0,0.289708,0.0439572,2937
XC289858,0 dB,0.0,0.907951,0.9030616,2937
XC99239,0 dB,0.0,0.820128,0.0,2937
XC694821,0 dB,0.0,0.734631,0.45782159999999994,2937
XC717475,0 dB,0.0,0.976809,0.7832264,2937
XC515019,0 dB,0.0,0.99083,0.9289198000000001,2937
XC250060,0 dB,0.0,0.82793,0.8076382000000001,2937
XC83491,0 dB,0.0,0.862197,0.4829676,2937
XC694824,0 dB,0.0,0.846821,0.7447853999999999,2937
XC655652,0 dB,0.0,0.521031,0.12172000000000001,2937
XC69226,0 dB,0.0,0.903348,0.411151,2937
XC335303,0 dB,0.0,0.97542,0.7658389999999999,2937
XC512210,0 dB,0.0,0.911096,0.8377416,2937
XC528843,0 dB,0.0,0.19966,0.14345940000000001,2937
XC485257,0 dB,0.0,0.891331,0.9188892,2937
XC40409,0 dB,0.0,0.906697,0.7027834000000001,2937
XC353379,0 dB,0.0,0.634092,0.0,2937
XC736598,0 dB,0.0,0.97053,0.9549374,2937
XC269392,0 dB,0.0,0.33808,0.0538814,2937
XC453969,0 dB,0.0,0.362302,0.0,2937
XC150944,0 dB,0.0,0.402676,0.0205152,2937
XC125125,0 dB,0.0,0.594918,0.2969334,2937
XC468745,0 dB,0.0,0.406276,0.0,2937
XC500276,0 dB,0.0,0.941925,0.8925736000000001,2937
XC512204,0 dB,0.0,0.967844,0.8023062,2937
XC119864,0 dB,0.0,0.956694,0.9107108,2937
XC736644,0 dB,0.0,0.981624,0.9835636000000001,2937
XC529367,0 dB,0.0,0.945213,0.9478674,2937
XC535142,0 dB,0.0,0.515795,0.24254799999999999,2937
XC731551,0 dB,0.0,0.221143,0.2298302,2937
XC529369,0 dB,0.0,0.949639,0.90319,2937
XC497550,0 dB,0.0,0.750149,0.536088,2937
XC479514,0 dB,0.0,0.86716,0.43832519999999997,2937
XC235766,0 dB,0.0,0.840726,0.7587430000000001,2937
XC100394,0 dB,0.0,0.907606,0.8691784,2937
XC545236,0 dB,0.0,0.961648,0.790475,2937
XC55379,0 dB,0.0,0.995479,0.965035,2937
XC360395,0 dB,0.0,0.814901,0.7363884,2937
XC243335,0 dB,0.0,0.182285,0.0,2937
XC8283,0 dB,0.0,0.964535,0.7078846000000001,2937
XC305629,0 dB,0.0,0.342994,0.0,2937
XC714483,0 dB,0.0,0.830483,0.6737984,2937
XC147427,0 dB,0.0,0.917243,0.764917,2937
XC634168,0 dB,0.0,0.994038,0.9616279999999999,2937
XC69224,0 dB,0.0,0.922734,0.1286512,2937
XC616148,0 dB,0.0,0.947166,0.43110020000000004,2937
XC239425,0 dB,0.0,0.995859,0.0,2937
XC514373,0 dB,0.0,0.784054,0.45265580000000005,2937
XC184507,0 dB,0.0,0.768989,0.5651834,2937
XC287294,0 dB,0.0,0.892516,0.8899368000000001,2937
XC169430,0 dB,0.0,0.57416,0.26105,2937
XC69099,0 dB,0.0,0.167599,0.0,2937
XC514375,0 dB,0.0,0.962897,0.9421037999999999,2937
XC180511,0 dB,0.0,0.923688,0.7639374,2937
XC546704,0 dB,0.0,0.957078,0.9188702,2937
XC361125,0 dB,0.0,0.834651,0.7504246,2937
XC269394,0 dB,0.0,0.980538,0.7539208000000001,2937
XC150940,0 dB,0.0,0.19631,0.0,2937
XC118201,0 dB,0.0,0.817382,0.2644504,2937
XC514451,0 dB,0.0,0.623259,0.21561840000000002,2937
XC516613,0 dB,0.0,0.968231,0.9641572,2937
XC408101,0 dB,0.0,0.207684,0.1743838,2937
XC294269,0 dB,0.0,0.849069,0.0,2937
XC14220,0 dB,0.0,0.740058,0.6502582,2937
XC626780,0 dB,0.0,0.368859,0.0,2937
XC470049,0 dB,0.0,0.902548,0.9023488000000001,2937
XC635474,0 dB,0.0,0.89685,0.0,2937
XC308164,0 dB,0.0,0.849069,0.0,2937
XC144613,0 dB,0.0,0.889308,0.8878668000000001,2937
XC145028,0 dB,0.0,0.782059,0.5179959999999999,2937
XC378934,0 dB,0.0,0.263624,0.0,2937
XC56864,0 dB,0.0,0.823811,0.1273142,2937
XC512208,0 dB,0.0,0.97602,0.9523158,2937
XC42255,0 dB,0.0,0.345677,0.174523,2937
XC489566,0 dB,0.0,0.980583,0.9369607999999999,2937
XC714957,0 dB,0.0,0.757905,0.0728638,2937
XC250059,0 dB,0.0,0.816899,0.7886162,2937
XC514333,0 dB,0.0,0.889699,0.7115796,2937
XC717484,0 dB,0.0,0.9864,0.9187559999999999,2937
XC438590,0 dB,0.0,0.475512,0.0,2937
XC193601,0 dB,0.0,0.122784,0.0685074,2937
XC158699,0 dB,0.0,0.735542,0.6499702,2937
XC714484,0 dB,0.0,0.883699,0.5867866,2937
XC754618,0 dB,0.0,0.873309,0.4509552,2937
XC517141,0 dB,0.0,0.956992,0.4636888,2937
XC135352,0 dB,0.0,0.964026,0.9464624,2937
XC511539,0 dB,0.0,0.948205,0.8476144,2937
XC704870,0 dB,0.0,0.736523,0.0,2937
XC118189,0 dB,0.0,0.925633,0.874648,2937
XC616454,0 dB,0.0,0.908061,0.565124,2937
XC292511,0 dB,0.0,0.940967,0.6697134,2937
XC635493,0 dB,0.0,0.559213,0.4655938,2937
XC634059,0 dB,0.0,0.982548,0.932042,2937
XC109776,0 dB,0.0,0.973539,0.2407254,2937
XC433216,0 dB,0.0,0.785006,0.5347082000000001,2937
XC334885,0 dB,0.0,0.917195,0.838355,2937
XC100392,0 dB,0.0,0.938054,0.8886944,2937
XC230213,0 dB,0.0,0.780249,0.7002244,2937
XC42253,0 dB,0.0,0.528374,0.4225758,2937
XC286142,0 dB,0.0,0.991491,0.9616102,2937
XC438587,0 dB,0.0,0.803165,0.030137599999999997,2937
XC67990,0 dB,0.0,0.868525,0.5308182,2937
XC390191,0 dB,0.0,0.510229,0.2552756,2937
XC304221,0 dB,0.0,0.820685,0.1976562,2937
XC292709,0 dB,0.0,0.918476,0.2664376,2937
XC132412,0 dB,0.0,0.899951,0.8652716,2937
XC28542,0 dB,0.0,0.934811,0.916628,2937
XC436517,0 dB,0.0,0.801712,0.33697520000000003,2937
XC425441,0 dB,0.0,0.142917,0.0570754,2937
XC429692,0 dB,0.0,0.958136,0.9019788,2937
XC499849,0 dB,0.0,0.889796,0.8769874,2937
XC586742,0 dB,0.0,0.982888,0.0,2937
XC428468,0 dB,0.0,0.966873,0.8828495999999999,2937
XC269399,0 dB,0.0,0.980538,0.8015038000000001,2937
XC711613,0 dB,0.0,0.965789,0.969331,2937
XC634140,0 dB,0.0,0.986564,0.8799464,2937
XC159928,0 dB,0.0,0.404753,0.1300646,2937
XC520280,0 dB,0.0,0.843319,0.5770934000000001,2937
XC102910,0 dB,0.0,0.948395,0.8868228,2937
XC634170,0 dB,0.0,0.986815,0.8984902,2937
XC520311,0 dB,0.0,0.185006,0.1241892,2937
XC514327,0 dB,0.0,0.986889,0.8245100000000001,2937
XC517372,0 dB,0.0,0.986731,0.9780002,2937
XC617454,0 dB,0.0,0.892824,0.8064045999999999,2937
XC457418,0 dB,0.0,0.468529,0.37087000000000003,2937
XC548893,0 dB,0.0,0.921356,0.8735564,2937
XC444491,0 dB,0.0,0.95951,0.8380991999999999,2937
XC694818,0 dB,0.0,0.829784,0.716762,2937
XC451919,0 dB,0.0,0.553353,0.0,2937
XC322879,0 dB,0.0,0.485712,0.21137579999999997,2937
XC615864,0 dB,0.0,0.112261,0.0,2937
XC229234,0 dB,0.0,0.959432,0.9187744,2937
XC514340,0 dB,0.0,0.932166,0.8416104000000001,2937
XC514334,0 dB,0.0,0.973401,0.1226242,2937
XC249658,0 dB,0.0,0.906935,0.8741201999999999,2937
XC514376,0 dB,0.0,0.857565,0.8576098,2937
XC529311,0 dB,0.0,0.467945,0.0976808,2937
XC441196,0 dB,0.0,0.238907,0.0666128,2937
XC360003,0 dB,0.0,0.125158,0.0205052,2937
XC216827,0 dB,0.0,0.72443,0.6050762,2937
XC22978,0 dB,0.0,0.959882,0.8279032000000001,2937
XC20655,0 dB,0.0,0.429619,0.1764586,2937
XC222858,0 dB,0.0,0.57273,0.47676099999999993,2937
XC516662,0 dB,0.0,0.98643,0.9773158000000001,2937
XC531463,0 dB,0.0,0.939212,0.0216376,2937
XC386424,0 dB,0.0,0.871144,0.0,2937
XC671404,0 dB,0.0,0.57976,0.0,2937
XC208011,0 dB,0.0,0.639586,0.723739,2937
XC517205,0 dB,0.0,0.781046,0.4643702,2937
XC694810,0 dB,0.0,0.380889,0.2183962,2937
XC279341,0 dB,0.0,0.73486,0.0309472,2937
XC148214,0 dB,0.0,0.897663,0.656829,2937
XC274899,0 dB,0.0,0.970631,0.9365043999999999,2937
XC514284,0 dB,0.0,0.973975,0.9300203999999999,2937
XC708008,0 dB,0.0,0.562648,0.0,2937
XC223711,0 dB,0.0,0.242984,0.156175,2937
XC714477,0 dB,0.0,0.612569,0.5239064,2937
XC438589,0 dB,0.0,0.545444,0.0,2937
XC119198,0 dB,0.0,0.922494,0.5443032000000001,2937
XC635475,0 dB,0.0,0.870357,0.7897299999999999,2937
XC514472,0 dB,0.0,0.991044,0.9781502,2937
XC332172,0 dB,0.0,0.479234,0.0,2937
XC652264,0 dB,0.0,0.824734,0.611622,2937
XC230214,0 dB,0.0,0.639447,0.4889614,2937
XC514377,0 dB,0.0,0.989252,0.9381304,2937
XC736645,0 dB,0.0,0.982032,0.9714868000000001,2937
XC239387,0 dB,0.0,0.96937,0.9494858,2937
XC717224,0 dB,0.0,0.985518,0.9823858,2937
XC19484,0 dB,0.0,0.929283,0.2527718,2937
XC514473,0 dB,0.0,0.992787,0.9599774,2937
XC314360,0 dB,0.0,0.865965,0.10376,2937
XC452638,0 dB,0.0,0.947245,0.9253992,2937
XC206979,0 dB,0.0,0.215571,0.0,2937
XC307458,0 dB,0.0,0.906041,0.6296634,2937
XC514480,0 dB,0.0,0.98703,0.9618254,2937
XC349245,0 dB,0.0,0.948543,0.9038002,2937
XC286143,0 dB,0.0,0.84713,0.0,2937
XC732479,0 dB,0.0,0.5031,0.0,2937
XC572864,0 dB,0.0,0.366193,0.12412959999999999,2937
XC354168,0 dB,0.0,0.894716,0.8803091999999999,2937
XC736646,0 dB,0.0,0.979911,0.9250260000000001,2937
XC330499,0 dB,0.0,0.91197,0.5772923999999999,2937
XC413250,0 dB,0.0,0.217473,0.0206648,2937
XC90268,0 dB,0.0,0.611128,0.0522416,2937
XC42247,0 dB,0.0,0.980037,0.9487055999999999,2937
XC250223,0 dB,0.0,0.714126,0.7925936,2937
XC223707,0 dB,0.0,0.318027,0.080808,2937
XC500325,0 dB,0.0,0.976893,0.9412041999999999,2937
XC477356,0 dB,0.0,0.925375,0.22918719999999998,2937
XC389156,0 dB,0.0,0.722507,0.6496033999999999,2937
XC514354,0 dB,0.0,0.816155,0.2004696,2937
XC516588,0 dB,0.0,0.843641,0.3277616,2937
XC36066,0 dB,0.0,0.97332,0.0,2937
XC351680,0 dB,0.0,0.937569,0.7733856,2937
XC514372,0 dB,0.0,0.815012,0.8748596,2937
XC514336,0 dB,0.0,0.914103,0.7364762,2937
XC449937,0 dB,0.0,0.856935,0.6767718,2937
XC121787,0 dB,0.0,0.96906,0.58415,2937
XC634063,0 dB,0.0,0.976135,0.9330082000000001,2937
XC405346,0 dB,0.0,0.938217,0.7972706,2937
XC37726,0 dB,0.0,0.11317,0.0,2937
XC176402,0 dB,0.0,0.581645,0.5225654000000001,2937
XC286115,0 dB,0.0,0.75472,0.0,2937
XC167026,0 dB,0.0,0.90161,0.41063720000000004,2937
XC156743,0 dB,0.0,0.64284,0.5981453999999999,2937
XC47913,0 dB,0.0,0.905856,0.6679378,2937
XC517155,0 dB,0.0,0.948921,0.9126434,2937
XC28333,0 dB,0.0,0.973405,0.9643492,2937
XC415874,0 dB,0.0,0.609547,0.0564032,2937
XC150786,0 dB,0.0,0.963343,0.6135274,2937
XC616146,0 dB,0.0,0.85672,0.695868,2937
XC39851,0 dB,0.0,0.662945,0.40956840000000005,2937
XC635578,0 dB,0.0,0.881271,0.5719832,2937
XC529309,0 dB,0.0,0.912996,0.878965,2937
XC546753,0 dB,0.0,0.951813,0.91754,2937
XC517208,0 dB,0.0,0.987879,0.9853588,2937
XC453851,0 dB,0.0,0.177251,0.0,2937
XC628299,0 dB,0.0,0.990384,0.5218756,2937
XC516658,0 dB,0.0,0.91734,0.6778478,2937
XC322878,0 dB,0.0,0.387196,0.23001900000000003,2937
XC694811,0 dB,0.0,0.659293,0.3745828,2937
XC404974,0 dB,0.0,0.850903,0.8058576000000001,2937
XC248630,0 dB,0.0,0.932761,0.8788615999999999,2937
XC516667,0 dB,0.0,0.849567,0.6811543999999999,2937
XC292809,0 dB,0.0,0.989534,0.14939940000000002,2937
XC101062,0 dB,0.0,0.972016,0.9301972,2937
XC96396,0 dB,0.0,0.757315,0.0,2937
XC10744,0 dB,0.0,0.917023,0.9106273999999999,2937
XC322828,0 dB,0.0,0.744814,0.36491480000000004,2937
XC514347,0 dB,0.0,0.877953,0.5387546000000001,2937
XC58843,0 dB,0.0,0.643621,0.1215446,2937
XC154656,0 dB,0.0,0.826438,0.8688138000000001,2937
XC156104,0 dB,0.0,0.428911,0.1656202,2937
XC151021,0 dB,0.0,0.85026,0.7051808,2937
XC439380,0 dB,0.0,0.115549,0.0,2937
XC514217,0 dB,0.0,0.811181,0.6950106,2937
XC307973,0 dB,0.0,0.922313,0.7322678,2937
XC20102,0 dB,0.0,0.332232,0.0,2937
XC694815,0 dB,0.0,0.553414,0.0,2937
XC150941,0 dB,0.0,0.622775,0.0,2937
XC577947,0 dB,0.0,0.852442,0.7365932,2937
XC139701,0 dB,0.0,0.91414,0.594159,2937
XC736636,0 dB,0.0,0.968831,0.7060806000000001,2937
XC516649,0 dB,0.0,0.992972,0.9877345999999999,2937
XC250040,0 dB,0.0,0.810707,0.8256494,2937
XC134456,0 dB,0.0,0.836021,0.7113718,2937
XC714954,0 dB,0.0,0.580904,0.086985,2937
XC634325,0 dB,0.0,0.809174,0.0,2937
XC376366,0 dB,0.0,0.894139,0.8273196,2937
XC196809,0 dB,0.0,0.721157,0.0,2937
XC429909,0 dB,0.0,0.966089,0.22913719999999999,2937
XC449936,0 dB,0.0,0.977162,0.9063782,2937
XC180857,0 dB,0.0,0.69346,0.0214474,2937
XC180515,0 dB,0.0,0.968059,0.7828844,2937
XC36105,0 dB,0.0,0.946641,0.925235,2937
XC291039,0 dB,0.0,0.195153,0.0,2937
XC494097,0 dB,0.0,0.101757,0.0,2937
XC37704,0 dB,0.0,0.565864,0.43254580000000004,2937
XC433376,0 dB,0.0,0.957209,0.579722,2937
XC39381,0 dB,0.0,0.883219,0.6470178000000001,2937
XC517140,0 dB,0.0,0.95086,0.9334828,2937
XC514357,0 dB,0.0,0.916487,0.3883346,2937
XC228523,0 dB,0.0,0.381082,0.3223502,2937
XC497552,0 dB,0.0,0.731893,0.47350080000000005,2937
XC248855,0 dB,0.0,0.94996,0.926825,2937
XC159956,0 dB,0.0,0.329919,0.0424254,2937
XC60124,0 dB,0.0,0.930906,0.5523434,2937
XC634056,0 dB,0.0,0.903625,0.8040708000000001,2937
XC205157,0 dB,0.0,0.690099,0.0,2937
XC229241,0 dB,0.0,0.925921,0.20728999999999997,2937
XC140327,0 dB,0.0,0.136688,0.0,2937
XC500308,0 dB,0.0,0.951494,0.8179040000000001,2937
XC524072,0 dB,0.0,0.861678,0.7861094,2937
XC360007,0 dB,0.0,0.976026,0.7851102,2937
XC250299,0 dB,0.0,0.481467,0.25346159999999995,2937
XC192428,0 dB,0.0,0.77223,0.2908528,2937
XC717473,0 dB,0.0,0.942511,0.880721,2937
XC536672,0 dB,0.0,0.127992,0.0,2937
XC614722,0 dB,0.0,0.176699,0.4382084,2937
XC409332,0 dB,0.0,0.720965,0.0,2937
XC235598,0 dB,0.0,0.441775,0.8635866,2937
XC517005,0 dB,0.0,0.994919,0.8942475999999999,2937
XC572899,0 dB,0.0,0.593118,0.057601400000000004,2937
XC616147,0 dB,0.0,0.855916,0.6122516,2937
XC524075,0 dB,0.0,0.88142,0.5975016,2937
XC535147,0 dB,0.0,0.243552,0.34127640000000004,2937
XC228524,0 dB,0.0,0.835877,0.79947,2937
XC205305,0 dB,0.0,0.884796,0.1869036,2937
XC279627,0 dB,0.0,0.703621,0.5020138,2937
XC182759,0 dB,0.0,0.667589,0.3604518,2937
XC248856,0 dB,0.0,0.925547,0.8747024,2937
XC529371,0 dB,0.0,0.352372,0.0,2937
XC694813,0 dB,0.0,0.523559,0.2850144,2937
XC286019,0 dB,0.0,0.142243,0.0,2937
XC420195,0 dB,0.0,0.891797,0.868324,2937
XC7209,0 dB,0.0,0.874153,0.8816488,2937
XC28806,0 dB,0.0,0.823401,0.0,2937
XC90214,0 dB,0.0,0.916197,0.0,2937
XC228522,0 dB,0.0,0.309535,0.3509778,2937
XC714474,0 dB,0.0,0.404676,0.18512279999999998,2937
XC83837,0 dB,0.0,0.104859,0.0,2937
XC270006,0 dB,0.0,0.792493,0.2711034,2937
XC517242,0 dB,0.0,0.981721,0.9622118000000001,2937
XC229522,0 dB,0.0,0.886286,0.7651627999999999,2937
XC300814,0 dB,0.0,0.237524,0.0,2937
XC694823,0 dB,0.0,0.877581,0.6517256,2937
XC634100,0 dB,0.0,0.974363,0.9794976,2937
XC524073,0 dB,0.0,0.913024,0.8326162,2937
XC324612,0 dB,0.0,0.397425,0.0,2937
XC155526,0 dB,0.0,0.796223,0.6063676,2937
XC286127,0 dB,0.0,0.863175,0.24554079999999998,2937
XC53923,0 dB,0.0,0.988055,0.8758716,2937
XC595546,0 dB,0.0,0.875261,0.8444442000000001,2937
XC196807,0 dB,0.0,0.991797,0.08884600000000001,2937
XC369190,0 dB,0.0,0.805436,0.199638,2937
XC614861,0 dB,0.0,0.962436,0.838989,2937
XC184673,0 dB,0.0,0.953566,0.9247732,2937
XC438183,0 dB,0.0,0.801935,0.4255682,2937
XC161622,0 dB,0.0,0.189685,0.0,2937
XC156249,0 dB,0.0,0.756673,0.3433328,2937
XC294272,0 dB,0.0,0.948256,0.0731166,2937
XC500312,0 dB,0.0,0.911882,0.5415576,2937
XC223708,0 dB,0.0,0.77554,0.2764698,2937
XC317857,0 dB,0.0,0.926672,0.9175994,2937
XC514318,0 dB,0.0,0.162396,0.0927872,2937
XC514342,0 dB,0.0,0.931919,0.82772,2937
XC152065,0 dB,0.0,0.104124,0.0803228,2937
XC514358,0 dB,0.0,0.746135,0.0,2937
XC455169,0 dB,0.0,0.916706,0.7999008,2937
XC236314,0 dB,0.0,0.451711,0.0218006,2937
XC714482,0 dB,0.0,0.708075,0.504007,2937
XC396491,0 dB,0.0,0.220513,0.0,2937
XC292718,0 dB,0.0,0.139283,0.2570038,2937
XC192769,0 dB,0.0,0.808298,0.7350074,2937
XC74984,0 dB,0.0,0.85633,0.8148648,2937
XC754608,0 dB,0.0,0.727672,0.2771888,2937
XC18946,0 dB,0.0,0.828778,0.24657419999999997,2937
XC708006,0 dB,0.0,0.330188,0.0,2937
XC528968,0 dB,0.0,0.840228,0.7581184000000001,2937
XC207975,0 dB,0.0,0.56394,0.13396219999999998,2937
XC634049,0 dB,0.0,0.987744,0.9605783999999999,2937
XC4352,0 dB,0.0,0.511129,0.6448582,2937
XC580956,0 dB,0.0,0.781229,0.0307696,2937
XC359332,0 dB,0.0,0.992678,0.0,2937
XC291038,0 dB,0.0,0.264016,0.13651180000000002,2937
XC77104,0 dB,0.0,0.924858,0.8597934,2937
XC529310,0 dB,0.0,0.965215,0.8156658,2937
XC523399,0 dB,0.0,0.747499,0.30687600000000004,2937
XC165953,0 dB,0.0,0.914526,0.7754402,2937
XC615085,0 dB,0.0,0.423157,0.2307884,2937
XC229230,0 dB,0.0,0.702792,0.5990442,2937
XC514345,0 dB,0.0,0.919882,0.6094820000000001,2937
XC292282,0 dB,0.0,0.0,0.0,2937
XC500275,0 dB,0.0,0.928657,0.748289,2937
XC229229,0 dB,0.0,0.667646,0.49442339999999996,2937
XC207972,0 dB,0.0,0.683506,0.49383160000000004,2937
XC283456,0 dB,0.0,0.408794,0.24386799999999997,2937
XC409206,0 dB,0.0,0.89256,0.094809,2937
XC152187,0 dB,0.0,0.484188,0.45665079999999997,2937
XC517082,0 dB,0.0,0.980313,0.9342588,2937
XC1026,0 dB,0.0,0.867781,0.7942026,2937
XC145004,0 dB,0.0,0.66832,0.621578,2937
XC193080,0 dB,0.0,0.855814,0.2941056,2937
XC344197,0 dB,0.0,0.70654,0.24579979999999998,2937
XC515030,0 dB,0.0,0.971684,0.9346012,2937
XC572282,0 dB,0.0,0.872588,0.7123146,2937
XC83099,0 dB,0.0,0.963168,0.8113406,2937
XC128011,0 dB,0.0,0.189446,0.0,2937
XC352084,0 dB,0.0,0.734253,0.1105766,2937
XC121782,0 dB,0.0,0.825326,0.7561304,2937
XC690240,0 dB,0.0,0.219705,0.0,2937
XC86089,0 dB,0.0,0.845155,0.7665872,2937
XC291487,0 dB,0.0,0.925233,0.8467946000000002,2937
XC595548,0 dB,0.0,0.849747,0.8426076,2937
XC154186,0 dB,0.0,0.974163,0.9077054,2937
XC196806,0 dB,0.0,0.97468,0.7413268000000001,2937
XC314361,0 dB,0.0,0.83676,0.0,2937
XC429969,0 dB,0.0,0.296021,0.0,2937
XC494231,0 dB,0.0,0.926846,0.9114464,2937
XC133150,0 dB,0.0,0.834403,0.099661,2937
XC736608,0 dB,0.0,0.570746,0.3920488,2937
XC37284,0 dB,0.0,0.412112,0.0330038,2937
XC223709,0 dB,0.0,0.958161,0.8310102,2937
XC514331,0 dB,0.0,0.955177,0.6243854000000001,2937
XC578917,0 dB,0.0,0.271914,0.0335378,2937
XC158018,0 dB,0.0,0.778003,0.5915600000000001,2937
XC633661,0 dB,0.0,0.978804,0.9665634000000001,2937
XC208009,0 dB,0.0,0.848426,0.6207154,2937
XC86090,0 dB,0.0,0.6735,0.5249664,2937
XC610747,0 dB,0.0,0.536408,0.26953499999999997,2937
XC634176,0 dB,0.0,0.594087,0.5689930000000001,2937
XC407905,0 dB,0.0,0.678182,0.037362,2937
XC524074,0 dB,0.0,0.823616,0.8180034,2937
XC204579,0 dB,0.0,0.757371,0.4944088,2937
XC634062,0 dB,0.0,0.885858,0.7995068,2937
XC634098,0 dB,0.0,0.989401,0.9738376000000001,2937
XC514962,0 dB,0.0,0.848386,0.6454418000000001,2937
XC634174,0 dB,0.0,0.989243,0.9888518,2937
XC576693,0 dB,0.0,0.950563,0.0,2937
XC210965,0 dB,0.0,0.865255,0.5104824,2937
XC736643,0 dB,0.0,0.93042,0.9505692,2937
XC335309,0 dB,0.0,0.934153,0.8104582,2937
XC59517,0 dB,0.0,0.846815,0.7860908,2937
XC1122,0 dB,0.0,0.925849,0.7234012,2937
XC745270,0 dB,0.0,0.721757,0.495383,2937
XC196810,0 dB,0.0,0.505988,0.3268506,2937
XC386425,0 dB,0.0,0.875064,0.6146768,2937
XC451453,0 dB,0.0,0.213,0.0983846,2937
XC62685,0 dB,0.0,0.481852,0.3464048,2937
XC635488,0 dB,0.0,0.880693,0.7173408,2937
XC248387,0 dB,0.0,0.881167,0.415125,2937
XC610748,0 dB,0.0,0.216977,0.0,2937
XC286133,0 dB,0.0,0.925971,0.9268972,2937
XC144443,0 dB,0.0,0.59886,0.0,2937
XC552369,0 dB,0.0,0.969604,0.9326650000000001,2937
XC307555,0 dB,0.0,0.225171,0.0,2937
XC42254,0 dB,0.0,0.695454,0.5511112,2937
XC441195,0 dB,0.0,0.513425,0.3709552,2937
XC292445,0 dB,0.0,0.957152,0.5764338,2937
XC736647,0 dB,0.0,0.971454,0.8575904000000001,2937
XC222857,0 dB,0.0,0.749267,0.4879562,2937
XC417492,0 dB,0.0,0.104118,0.0,2937
XC517122,0 dB,0.0,0.987386,0.8986026,2937
XC65324,0 dB,0.0,0.870521,0.3732646,2937
XC68999,0 dB,0.0,0.691234,0.5956314,2937
XC504459,0 dB,0.0,0.13709,0.0248364,2937
XC634097,0 dB,0.0,0.993095,0.9880916,2937
XC694814,0 dB,0.0,0.767303,0.7121166000000001,2937
XC156103,0 dB,0.0,0.16615,0.0,2937
XC470518,0 dB,0.0,0.647647,0.44653,2937
XC246020,0 dB,0.0,0.93049,0.5454276,2937
XC24867,0 dB,0.0,0.380768,0.197682,2937
XC42252,0 dB,0.0,0.536562,0.378792,2937
XC634053,0 dB,0.0,0.98948,0.9903945999999999,2937
XC621565,0 dB,0.0,0.578658,0.2846638,2937
XC151206,0 dB,0.0,0.863081,0.0,2937
XC36104,0 dB,0.0,0.970215,0.9421531999999999,2937
XC516680,0 dB,0.0,0.910175,0.8972474,2937
XC626897,0 dB,0.0,0.92306,0.8235682000000001,2937
XC36025,0 dB,0.0,0.982146,0.9236280000000001,2937
XC296619,0 dB,0.0,0.986694,0.8540129999999999,2937
XC515023,0 dB,0.0,0.930301,0.3804392,2937
XC409295,0 dB,0.0,0.720108,0.2303082,2937
XC51170,0 dB,0.0,0.78516,0.0,2937
XC184117,0 dB,0.0,0.765665,0.5410142,2937
XC543594,0 dB,0.0,0.117654,0.0,2937
XC47645,0 dB,0.0,0.597425,0.5034652,2937
XC307556,0 dB,0.0,0.951519,0.0,2937
XC453968,0 dB,0.0,0.862411,0.2018964,2937
XC150,0 dB,0.0,0.981132,0.2691544,2937
XC242994,0 dB,0.0,0.696324,0.0,2937
XC500328,0 dB,0.0,0.975074,0.934431,2937
XC473472,0 dB,0.0,0.772148,0.20672800000000002,2937
XC634054,0 dB,0.0,0.981755,0.957038,2937
XC47106,0 dB,0.0,0.177522,0.0736246,2937
XC90653,0 dB,0.0,0.97192,0.888744,2937
XC223706,0 dB,0.0,0.542001,0.8691748,2937
XC475032,0 dB,0.0,0.322565,0.047972,2937
XC396048,0 dB,0.0,0.461601,0.7688898,2937
XC714472,0 dB,0.0,0.875657,0.3970478,2937
XC423,0 dB,0.0,0.855755,0.7114734,2937
XC444049,0 dB,0.0,0.895491,0.8928277999999998,2937
XC634051,0 dB,0.0,0.970634,0.975642,2937
XC245492,0 dB,0.0,0.651973,0.5351954,2937
XC500277,0 dB,0.0,0.912519,0.6899426,2937
XC172589,0 dB,0.0,0.811605,0.35061020000000004,2937
XC634293,0 dB,0.0,0.208481,0.11235979999999998,2937
XC209062,0 dB,0.0,0.974472,0.8965479999999999,2937
XC471099,0 dB,0.0,0.662244,0.4860098,2937
XC476259,0 dB,0.0,0.632386,0.24884140000000002,2937
XC276417,0 dB,0.0,0.966032,0.8699482,2937
XC663611,0 dB,0.0,0.105386,0.0,2937
XC39856,0 dB,0.0,0.935809,0.8980298,2937
XC202654,0 dB,0.0,0.643505,0.412669,2937
XC180606,0 dB,0.0,0.971751,0.9721046,2937
XC156008,0 dB,0.0,0.486209,0.0,2937
XC152186,0 dB,0.0,0.341161,0.2013282,2937
XC729259,0 dB,0.0,0.242533,0.0,2937
XC303388,0 dB,0.0,0.840974,0.5747142000000001,2937
XC287695,0 dB,0.0,0.12867,0.0,2937
XC236362,0 dB,0.0,0.933303,0.9273977999999999,2937
XC634169,0 dB,0.0,0.962583,0.9023232,2937
XC714485,0 dB,0.0,0.904667,0.738175,2937
XC151022,0 dB,0.0,0.884283,0.576114,2937
XC443573,0 dB,0.0,0.906857,0.8207796,2937
XC248631,0 dB,0.0,0.952204,0.913858,2937
XC717474,0 dB,0.0,0.969036,0.5189458,2937
XC38865,0 dB,0.0,0.854202,0.5649894,2937
XC446763,0 dB,0.0,0.863662,0.6782935999999999,2937
XC514326,0 dB,0.0,0.944723,0.8773002,2937
XC570880,0 dB,0.0,0.353757,0.0,2937
XC291040,0 dB,0.0,0.140039,0.0,2937
XC473420,0 dB,0.0,0.59526,0.2863728,2937
XC288810,0 dB,0.0,0.120476,0.0,2937
XC12113,0 dB,0.0,0.929308,0.8386804,2937
XC628298,0 dB,0.0,0.97117,0.35643959999999997,2937
XC717471,0 dB,0.0,0.978944,0.7416642,2937
XC149129,0 dB,0.0,0.697746,0.3384696,2937
XC249777,0 dB,0.0,0.943789,0.925173,2937
XC142209,0 dB,0.0,0.478725,0.0,2937
XC376241,0 dB,0.0,0.771699,0.17051120000000003,2937
XC1074,0 dB,0.0,0.761345,0.6651682,2937
XC731548,0 dB,0.0,0.958038,0.1864878,2937
XC369191,0 dB,0.0,0.803825,0.1564916,2937
XC572779,0 dB,0.0,0.94288,0.0,2937
XC38940,0 dB,0.0,0.871296,0.7690545999999999,2937
XC516909,0 dB,0.0,0.987809,0.9754278,2937
XC611619,0 dB,0.0,0.869152,0.7139114,2937
XC291821,0 dB,0.0,0.873184,0.7641481999999999,2937
XC444563,0 dB,0.0,0.138912,0.1749228,2937
XC234277,0 dB,0.0,0.83437,0.5120946,2937
XC82816,0 dB,0.0,0.912015,0.7815656,2937
XC514363,0 dB,0.0,0.958554,0.7435128,2937
XC156250,0 dB,0.0,0.644985,0.075222,2937
XC694825,0 dB,0.0,0.729127,0.7017528000000001,2937
XC514475,0 dB,0.0,0.984088,0.9203994,2937
XC517347,0 dB,0.0,0.990195,0.9861762000000001,2937
XC479973,0 dB,0.0,0.715524,0.5177704000000001,2937
XC36091,0 dB,0.0,0.772086,0.7899368,2937
XC429907,0 dB,0.0,0.98879,0.928955,2937
XC33921,0 dB,0.0,0.744181,0.45051240000000004,2937
XC109803,0 dB,0.0,0.931731,0.572325,2937
XC634057,0 dB,0.0,0.521152,0.2192412,2937
XC614855,0 dB,0.0,0.957771,0.591102,2937
XC694819,0 dB,0.0,0.761936,0.5399844,2937
XC28805,0 dB,0.0,0.777916,0.28850359999999997,2937
XC41664,0 dB,0.0,0.872489,0.9241938,2937
XC154229,0 dB,0.0,0.937259,0.5877136000000001,2937
XC429691,0 dB,0.0,0.957573,0.7046678,2937
XC512612,0 dB,0.0,0.628225,0.794374,2937
XC455030,0 dB,0.0,0.844535,0.6727092,2937
XC517373,0 dB,0.0,0.986714,0.9477398000000001,2937
XC690108,0 dB,0.0,0.970005,0.958465,2937
XC40408,0 dB,0.0,0.767669,0.5677260000000001,2937
XC34469,0 dB,0.0,0.66874,0.05663359999999999,2937
XC179939,0 dB,0.0,0.664365,0.1823396,2937
XC639813,0 dB,0.0,0.951101,0.9138987999999999,2937
XC514230,0 dB,0.0,0.201001,0.0,2937
XC16627,0 dB,0.0,0.865069,0.6840878,2937
XC197559,0 dB,0.0,0.458183,0.1627074,2937
XC190711,0 dB,0.0,0.402141,0.23395939999999998,2937
XC389157,0 dB,0.0,0.786345,0.20037380000000002,2937
XC351681,0 dB,0.0,0.33904,0.47782800000000003,2937
XC147742,0 dB,0.0,0.464962,0.5036828,2937
XC286021,0 dB,0.0,0.195779,0.0,2937
XC182353,0 dB,0.0,0.95884,0.9363898,2937
XC500316,0 dB,0.0,0.956647,0.9356009999999999,2937
XC91192,0 dB,0.0,0.718828,0.2613572,2937
XC249491,0 dB,0.0,0.733895,0.7483664,2937
XC180517,0 dB,0.0,0.365534,0.10657080000000001,2937
XC13293,0 dB,0.0,0.700885,0.8338932,2937
XC415876,0 dB,0.0,0.466071,0.26964540000000004,2937
XC352083,0 dB,0.0,0.748183,0.5202544,2937
XC51169,0 dB,0.0,0.512224,0.0,2937
XC535145,0 dB,0.0,0.575898,0.1581662,2937
XC398482,0 dB,0.0,0.993767,0.3897878,2937
XC251529,0 dB,0.0,0.957134,0.9523811999999999,2937
XC448919,0 dB,0.0,0.978448,0.8550806,2937
XC235597,0 dB,0.0,0.927923,0.662084,2937
XC41256,0 dB,0.0,0.556748,0.043176599999999996,2937
XC69352,0 dB,0.0,0.517415,0.0201212,2937
XC454532,0 dB,0.0,0.855037,0.8074184000000001,2937
XC249776,0 dB,0.0,0.968252,0.9095559999999999,2937
XC493303,0 dB,0.0,0.958668,0.9227320000000001,2937
XC362122,0 dB,0.0,0.450627,0.2788518,2937
XC168785,0 dB,0.0,0.962106,0.933226,2937
XC243336,0 dB,0.0,0.595505,0.0,2937
XC42244,0 dB,0.0,0.855,0.8943961999999999,2937
XC64976,0 dB,0.0,0.764674,0.1439174,2937
XC388834,0 dB,0.0,0.853657,0.7695188,2937
XC318412,0 dB,0.0,0.763746,0.4328474,2937
XC312992,0 dB,0.0,0.844492,0.8389248,2937
XC29659,0 dB,0.0,0.947453,0.9214312,2937
XC208007,0 dB,0.0,0.782342,0.4468514,2937
XC717472,0 dB,0.0,0.952206,0.914593,2937
XC694822,0 dB,0.0,0.734631,0.5628372,2937
XC39060,0 dB,0.0,0.85925,0.7077126,2937
XC514366,0 dB,0.0,0.921744,0.7041248,2937
XC717476,0 dB,0.0,0.983888,0.946864,2937
XC664632,0 dB,0.0,0.747155,0.250222,2937
XC334883,0 dB,0.0,0.954714,0.9212453999999999,2937
XC230215,0 dB,0.0,0.987748,0.8816418,2937
XC424687,0 dB,0.0,0.479907,0.045411,2937
XC100391,0 dB,0.0,0.901891,0.8777354,2937
XC230211,0 dB,0.0,0.789087,0.131635,2937
XC44500,0 dB,0.0,0.829451,0.704681,2937
XC192431,0 dB,0.0,0.848457,0.7164372,2937
XC516606,0 dB,0.0,0.973099,0.9029068,2937
XC569502,0 dB,0.0,0.393933,0.0,2937
XC191924,0 dB,0.0,0.684879,0.20965419999999999,2937
XC346041,0 dB,0.0,0.813528,0.16366819999999999,2937
XC15737,0 dB,0.0,0.958571,0.0,2937
XC622762,0 dB,0.0,0.733612,0.203826,2937
XC517018,0 dB,0.0,0.948007,0.6399368,2937
XC284123,0 dB,0.0,0.304629,0.05755600000000001,2937
XC286166,0 dB,0.0,0.232174,0.0,2937
XC473594,0 dB,0.0,0.858858,0.334857,2937
XC513772,0 dB,0.0,0.876941,0.8066789999999999,2937
XC248610,0 dB,0.0,0.915906,0.8815944,2937
XC535146,0 dB,0.0,0.528904,0.0,2937
XC514351,0 dB,0.0,0.371891,0.14366240000000002,2937
XC714470,0 dB,0.0,0.683392,0.404257,2937
XC241931,0 dB,0.0,0.72443,0.5587994000000001,2937
XC513769,0 dB,0.0,0.868132,0.849338,2937
XC438454,0 dB,0.0,0.393655,0.0,2937
XC101061,0 dB,0.0,0.87334,0.850408,2937
XC515031,0 dB,0.0,0.995337,0.9433332,2937
XC83490,0 dB,0.0,0.96677,0.8959569999999999,2937
XC335304,0 dB,0.0,0.872531,0.4636996,2937
XC514338,0 dB,0.0,0.925561,0.8143174,2937
XC192631,0 dB,0.0,0.846872,0.5432596000000001,2937
XC308189,0 dB,0.0,0.705501,0.6643228000000001,2937
XC61884,0 dB,0.0,0.768174,0.0,2937
XC535144,0 dB,0.0,0.741162,0.3707544,2937
XC508249,0 dB,0.0,0.375449,0.2062948,2937
XC454101,0 dB,0.0,0.970659,0.6724824,2937
XC102681,0 dB,0.0,0.97872,0.9421251999999999,2937
XC253758,0 dB,0.0,0.5043,0.0,2937
XC635471,0 dB,0.0,0.881271,0.6341748,2937
XC121788,0 dB,0.0,0.896065,0.9049196,2937
XC14388,0 dB,0.0,0.151144,0.0226494,2937
XC66172,0 dB,0.0,0.512992,0.360769,2937
XC657037,0 dB,0.0,0.371323,0.26021419999999995,2937
XC706612,0 dB,0.0,0.473623,0.0328406,2937
XC694816,0 dB,0.0,0.766914,0.43487,2937
XC23836,0 dB,0.0,0.160351,0.0,2937
XC69102,0 dB,0.0,0.556244,0.0,2937
XC515029,0 dB,0.0,0.964469,0.8229993999999999,2937
XC229228,0 dB,0.0,0.623623,0.637514,2937
XC101056,0 dB,0.0,0.94648,0.8965462000000001,2937
XC616455,0 dB,0.0,0.946791,0.2700728,2937
XC731539,0 dB,0.0,0.988375,0.8381408,2937
XC385745,0 dB,0.0,0.848698,0.7325115999999999,2937
XC634064,0 dB,0.0,0.719428,0.4777416,2937
XC416030,0 dB,0.0,0.714559,0.6551579999999999,2937
XC102680,0 dB,0.0,0.876081,0.6092072,2937
XC192630,0 dB,0.0,0.484045,0.0,2937
XC64655,0 dB,0.0,0.60826,0.48369999999999996,2937
XC185174,0 dB,0.0,0.709731,0.7818578,2937
XC33934,0 dB,0.0,0.683389,0.6922792,2937
XC106501,0 dB,0.0,0.89578,0.8777969999999999,2937
XC129295,0 dB,0.0,0.978682,0.9096907999999999,2937
XC397624,0 dB,0.0,0.336913,0.0,2937
XC690241,0 dB,0.0,0.507259,0.0,2937
XC572866,0 dB,0.0,0.803666,0.845569,2937
XC203382,0 dB,0.0,0.595415,0.2121314,2937
XC51171,0 dB,0.0,0.828203,0.8124914000000001,2937
XC177925,0 dB,0.0,0.86384,0.4009366,2937
XC106502,0 dB,0.0,0.876985,0.7565262,2937
XC511547,0 dB,0.0,0.91976,0.5265622,2937
XC36092,0 dB,0.0,0.908428,0.9234196000000001,2937
XC529370,0 dB,0.0,0.417397,0.0449316,2937
XC96896,0 dB,0.0,0.20036,0.0,2937
XC152064,0 dB,0.0,0.126144,0.0,2937
XC634058,0 dB,0.0,0.295294,0.3944234,2937
XC406078,0 dB,0.0,0.864336,0.7661162,2937
XC514283,0 dB,0.0,0.938141,0.6590362,2937
XC166307,0 dB,0.0,0.993793,0.9698824,2937
XC317721,0 dB,0.0,0.807345,0.3601702,2937
XC714486,0 dB,0.0,0.770077,0.2594514,2937
XC666746,0 dB,0.0,0.521911,0.0,2937
XC506919,0 dB,0.0,0.521869,0.3020536,2937
XC180856,0 dB,0.0,0.413342,0.0,2937
XC363841,0 dB,0.0,0.153924,0.0,2937
XC763502,0 dB,0.0,0.322371,0.0793292,2937
XC694809,0 dB,0.0,0.824357,0.5185044,2937
XC39382,0 dB,0.0,0.783621,0.7137306,2937
XC190497,0 dB,0.0,0.95999,0.8473072,2937
XC517321,0 dB,0.0,0.142587,0.0895956,2937
XC514374,0 dB,0.0,0.911108,0.8229526,2937
XC576694,0 dB,0.0,0.7416,0.4555186,2937
XC156009,0 dB,0.0,0.748596,0.2694708,2937
XC251530,0 dB,0.0,0.420133,0.3440782,2937
XC317807,0 dB,0.0,0.799444,0.6918618,2937
XC845938,0 dB,0.0,0.17173,0.044198,2937
XC362112,0 dB,0.0,0.476059,0.309258,2937
XC39069,0 dB,0.0,0.931829,0.8475568000000001,2937
XC448918,0 dB,0.0,0.892903,0.6157064,2937
XC156006,0 dB,0.0,0.641157,0.21961360000000002,2937
XC34467,0 dB,0.0,0.709956,0.48879419999999996,2937
XC351435,0 dB,0.0,0.828438,0.6675524,2937
XC59518,0 dB,0.0,0.345029,0.114729,2937
XC83907,0 dB,0.0,0.951171,0.8524512,2937
XC126989,0 dB,0.0,0.61561,0.6387518,2937
XC207950,0 dB,0.0,0.101391,0.0,2937
XC445986,0 dB,0.0,0.953896,0.5354898,2937
XC514467,0 dB,0.0,0.963183,0.6935772,2937
XC517142,0 dB,0.0,0.961942,0.6164419999999999,2937
XC358304,0 dB,0.0,0.256137,0.0,2937
XC516656,0 dB,0.0,0.953887,0.9320254,2937
XC42246,0 dB,0.0,0.970963,0.9182144000000001,2937
XC155990,0 dB,0.0,0.104212,0.0,2937
XC41666,0 dB,0.0,0.896541,0.8066559999999999,2937
XC615602,0 dB,0.0,0.462189,0.436508,2937
XC515615,0 dB,0.0,0.994895,0.9860364,2937
XC521535,0 dB,0.0,0.996842,0.762767,2937
XC240128,0 dB,0.0,0.758189,0.61165,2937
XC7170,0 dB,0.0,0.938962,0.9665266000000001,2937
XC1080575,0 dB,0.0,0.139985,0.0,2937
XC249439,0 dB,0.0,0.924865,0.9179862,2937
XC457315,0 dB,0.0,0.206747,0.0218934,2937
XC123020,0 dB,0.0,0.875426,0.7919398,2937
XC150779,0 dB,0.0,0.335667,0.05732919999999999,2937
XC706613,0 dB,0.0,0.183291,0.0,2937
XC498079,0 dB,0.0,0.994902,0.9855845999999999,2937
XC514429,0 dB,0.0,0.320544,0.0629208,2937
XC188220,0 dB,0.0,0.965135,0.9324298000000001,2937
XC334269,0 dB,0.0,0.243427,0.3954208,2937
XC21587,0 dB,0.0,0.654929,0.5154796,2937
XC42248,0 dB,0.0,0.621155,0.8465798,2937
XC526184,0 dB,0.0,0.87848,0.7143994,2937
XC83865,0 dB,0.0,0.156604,0.10447759999999999,2937
XC767562,0 dB,0.0,0.174718,0.0,2937
XC335143,0 dB,0.0,0.702359,0.727799,2937
XC238665,0 dB,0.0,0.982485,0.9552454000000001,2937
XC629962,0 dB,0.0,0.974693,0.9353098,2937
XC117399,0 dB,0.0,0.974348,0.7990036,2937
XC182258,0 dB,0.0,0.201841,0.0394718,2937
XC6192,0 dB,0.0,0.921072,0.8696128,2937
XC705473,0 dB,0.0,0.882589,0.9103078,2937
XC782813,0 dB,0.0,0.159089,0.0895852,2937
XC141610,0 dB,0.0,0.940577,0.8349876,2937
XC262859,0 dB,0.0,0.944089,0.9461185999999999,2937
XC1183762,0 dB,0.0,0.850991,0.5662893999999999,2937
XC221822,0 dB,0.0,0.905828,0.7408788000000001,2937
XC213072,0 dB,0.0,0.966425,0.9306308,2937
XC955344,0 dB,0.0,0.988636,0.9525895999999999,2937
XC452850,0 dB,0.0,0.952819,0.8677402000000001,2937
XC221834,0 dB,0.0,0.901605,0.8044218000000001,2937
XC63323,0 dB,0.0,0.868764,0.8647921999999999,2937
XC332903,0 dB,0.0,0.975812,0.9397363999999999,2937
XC35361,0 dB,0.0,0.910261,0.35075219999999996,2937
XC958225,0 dB,0.0,0.969309,0.9488398,2937
XC551201,0 dB,0.0,0.26793,0.0,2937
XC117343,0 dB,0.0,0.860004,0.509063,2937
XC4724,0 dB,0.0,0.931737,0.8418476,2937
XC486438,0 dB,0.0,0.971402,0.9419066,2937
XC123657,0 dB,0.0,0.949184,0.869543,2937
XC289850,0 dB,0.0,0.826142,0.2384166,2937
XC1050604,0 dB,0.0,0.157984,0.028595199999999998,2937
XC965412,0 dB,0.0,0.968438,0.951811,2937
XC986715,0 dB,0.0,0.936359,0.7153324,2937
XC64282,0 dB,0.0,0.442691,0.7592334000000001,2937
XC217200,0 dB,0.0,0.912413,0.8484746,2937
XC920874,0 dB,0.0,0.286297,0.0,2937
XC117390,0 dB,0.0,0.343242,0.0,2937
XC955066,0 dB,0.0,0.979652,0.9647532,2937
XC1099,0 dB,0.0,0.909986,0.8942475999999999,2937
XC238216,0 dB,0.0,0.903308,0.9024279999999999,2937
XC965428,0 dB,0.0,0.962089,0.8236634,2937
XC117969,0 dB,0.0,0.833881,0.7887074000000001,2937
XC462182,0 dB,0.0,0.464575,0.0,2937
XC9338,0 dB,0.0,0.680152,0.203194,2937
XC1035920,0 dB,0.0,0.859396,0.0,2937
XC953398,0 dB,0.0,0.814367,0.266317,2937
XC221836,0 dB,0.0,0.796397,0.7564339999999999,2937
XC239090,0 dB,0.0,0.962241,0.9178932,2937
XC552350,0 dB,0.0,0.223779,0.0910644,2937
XC221828,0 dB,0.0,0.794673,0.7732678,2937
XC401413,0 dB,0.0,0.96177,0.9017416,2937
XC276293,0 dB,0.0,0.962388,0.9064346000000001,2937
XC1182467,0 dB,0.0,0.9681,0.9215578000000001,2937
XC1068423,0 dB,0.0,0.904914,0.7946806000000001,2937
XC570356,0 dB,0.0,0.118876,0.0,2937
XC639880,0 dB,0.0,0.922546,0.3319756,2937
XC47907,0 dB,0.0,0.93248,0.8698159999999999,2937
XC94,0 dB,0.0,0.356317,0.6157923999999999,2937
XC450786,0 dB,0.0,0.930104,0.9047862,2937
XC481239,0 dB,0.0,0.903796,0.8341685999999999,2937
XC1009773,0 dB,0.0,0.886154,0.1565244,2937
XC871978,0 dB,0.0,0.456831,0.22840500000000002,2937
XC619043,0 dB,0.0,0.321551,0.0,2937
XC717260,0 dB,0.0,0.98528,0.6519982000000001,2937
XC117341,0 dB,0.0,0.861686,0.9037317999999999,2937
XC1173801,0 dB,0.0,0.337267,0.1131694,2937
XC563191,0 dB,0.0,0.960042,0.9678444,2937
XC982174,0 dB,0.0,0.933674,0.6889673999999999,2937
XC119909,0 dB,0.0,0.918392,0.8439446,2937
XC117940,0 dB,0.0,0.910418,0.7944968,2937
XC1142042,0 dB,0.0,0.956103,0.9594884,2937
XC648682,0 dB,0.0,0.970233,0.9551017999999999,2937
XC717257,0 dB,0.0,0.98528,0.5824362000000001,2937
XC1068898,0 dB,0.0,0.62104,0.0,2937
XC670079,0 dB,0.0,0.973885,0.9291351999999999,2937
XC862953,0 dB,0.0,0.915617,0.8879322000000001,2937
XC1139578,0 dB,0.0,0.956144,0.9440294,2937
XC817025,0 dB,0.0,0.785548,0.1503988,2937
XC117237,0 dB,0.0,0.102532,0.0,2937
XC92072,0 dB,0.0,0.88362,0.7610667999999999,2937
XC6265,0 dB,0.0,0.925973,0.8968396000000001,2937
XC231238,0 dB,0.0,0.953463,0.9010752,2937
XC124943,0 dB,0.0,0.879802,0.8570484,2937
XC74276,0 dB,0.0,0.931328,0.18083739999999998,2937
XC273514,0 dB,0.0,0.957477,0.967346,2937
XC9939,0 dB,0.0,0.818458,0.7377309999999999,2937
XC13506,0 dB,0.0,0.96277,0.67062,2937
XC986718,0 dB,0.0,0.87504,0.904932,2937
XC683921,0 dB,0.0,0.902002,0.8764834,2937
XC401264,0 dB,0.0,0.896497,0.8493065999999999,2937
XC698536,0 dB,0.0,0.842852,0.40258760000000005,2937
XC167252,0 dB,0.0,0.928827,0.905742,2937
XC673176,0 dB,0.0,0.888035,0.8889618,2937
XC472076,0 dB,0.0,0.804206,0.3641992,2937
XC730108,0 dB,0.0,0.892769,0.8767488,2937
XC353537,0 dB,0.0,0.642528,0.029338999999999997,2937
XC821559,0 dB,0.0,0.809085,0.6045818000000001,2937
XC1019664,0 dB,0.0,0.95487,0.8985768000000001,2937
XC574867,0 dB,0.0,0.937328,0.9332812,2937
XC231245,0 dB,0.0,0.922954,0.7603376,2937
XC36720,0 dB,0.0,0.933903,0.813302,2937
XC446610,0 dB,0.0,0.898646,0.1752424,2937
XC117402,0 dB,0.0,0.319432,0.2459858,2937
XC439082,0 dB,0.0,0.131385,0.023057,2937
XC176263,0 dB,0.0,0.855423,0.5836669999999999,2937
XC329091,0 dB,0.0,0.917364,0.9061728,2937
XC65691,0 dB,0.0,0.918903,0.920382,2937
XC9840,0 dB,0.0,0.926503,0.8887996000000001,2937
XC639885,0 dB,0.0,0.945922,0.6486178,2937
XC239092,0 dB,0.0,0.551374,0.29501239999999995,2937
XC881545,0 dB,0.0,0.949997,0.9146205999999999,2937
XC176277,0 dB,0.0,0.801849,0.4911398,2937
XC685672,0 dB,0.0,0.776086,0.49261340000000003,2937
XC609167,0 dB,0.0,0.901681,0.8795558,2937
XC75049,0 dB,0.0,0.873252,0.8173842,2937
XC124860,0 dB,0.0,0.97728,0.9175274,2937
XC209066,0 dB,0.0,0.413611,0.0,2937
XC593289,0 dB,0.0,0.492626,0.067542,2937
XC330075,0 dB,0.0,0.611959,0.0450604,2937
XC54798,0 dB,0.0,0.833668,0.7408368,2937
XC127813,0 dB,0.0,0.853691,0.6456832,2937
XC549355,0 dB,0.0,0.22236,0.0,2937
XC609913,0 dB,0.0,0.961577,0.9286906,2937
XC140621,0 dB,0.0,0.950747,0.8394384,2937
XC104125,0 dB,0.0,0.881436,0.07623339999999999,2937
XC203677,0 dB,0.0,0.919978,0.8975218,2937
XC349414,0 dB,0.0,0.778211,0.668347,2937
XC529165,0 dB,0.0,0.969833,0.9588184,2937
XC217695,0 dB,0.0,0.227026,0.0,2937
XC733965,0 dB,0.0,0.976785,0.9469692000000001,2937
XC1150401,0 dB,0.0,0.611512,0.22430219999999998,2937
XC284945,0 dB,0.0,0.912551,0.8784022,2937
XC380710,0 dB,0.0,0.951833,0.9075825999999999,2937
XC743526,0 dB,0.0,0.924091,0.7066852000000001,2937
XC173433,0 dB,0.0,0.324142,0.0,2937
XC260327,0 dB,0.0,0.971701,0.8938466,2937
XC1180204,0 dB,0.0,0.828007,0.2130284,2937
XC43730,0 dB,0.0,0.196826,0.0,2937
XC11871,0 dB,0.0,0.957712,0.8696414000000001,2937
XC795926,0 dB,0.0,0.69317,0.7014796000000001,2937
XC353906,0 dB,0.0,0.92284,0.8964492,2937
XC251636,0 dB,0.0,0.894403,0.8895120000000001,2937
XC1068886,0 dB,0.0,0.930035,0.9103828,2937
XC117475,0 dB,0.0,0.932573,0.30463019999999996,2937
XC614772,0 dB,0.0,0.267401,0.0461084,2937
XC769477,0 dB,0.0,0.897261,0.8799276,2937
XC156972,0 dB,0.0,0.944136,0.9052844,2937
XC192238,0 dB,0.0,0.963027,0.8557724,2937
XC346417,0 dB,0.0,0.976826,0.9603986000000001,2937
XC698535,0 dB,0.0,0.944691,0.866657,2937
XC221885,0 dB,0.0,0.958607,0.9625986,2937
XC24203,0 dB,0.0,0.973634,0.9678992,2937
XC1183429,0 dB,0.0,0.945257,0.9262637999999999,2937
XC387680,0 dB,0.0,0.902602,0.7984370000000001,2937
XC122487,0 dB,0.0,0.926712,0.896083,2937
XC97090,0 dB,0.0,0.96147,0.9076854000000001,2937
XC318739,0 dB,0.0,0.801021,0.429781,2937
XC944387,0 dB,0.0,0.930488,0.8685206000000001,2937
XC537897,0 dB,0.0,0.374801,0.25832679999999997,2937
XC115877,0 dB,0.0,0.859547,0.0,2937
XC694205,0 dB,0.0,0.957698,0.8949688,2937
XC187295,0 dB,0.0,0.866961,0.7948419999999999,2937
XC155416,0 dB,0.0,0.892368,0.514546,2937
XC127951,0 dB,0.0,0.175801,0.020429,2937
XC391429,0 dB,0.0,0.876451,0.7573458,2937
XC801655,0 dB,0.0,0.851202,0.661645,2937
XC952952,0 dB,0.0,0.984489,0.9174924000000001,2937
XC1078023,0 dB,0.0,0.928744,0.9316652,2937
XC1175092,0 dB,0.0,0.23183,0.26505520000000005,2937
XC34,0 dB,0.0,0.940276,0.8308215999999999,2937
XC687037,0 dB,0.0,0.102743,0.0,2937
XC3145,0 dB,0.0,0.784343,0.16750099999999998,2937
XC512211,0 dB,0.0,0.800661,0.7873254000000001,2937
XC582797,0 dB,0.0,0.94875,0.9658018,2937
XC188875,0 dB,0.0,0.85392,0.2812344,2937
XC85442,0 dB,0.0,0.870663,0.8481210000000001,2937
XC221821,0 dB,0.0,0.875863,0.753762,2937
XC122569,0 dB,0.0,0.841083,0.27070299999999997,2937
XC390190,0 dB,0.0,0.553077,0.23790180000000002,2937
XC556639,0 dB,0.0,0.892662,0.740632,2937
XC514464,0 dB,0.0,0.979491,0.8895948,2937
XC353330,0 dB,0.0,0.726196,0.5964026,2937
XC294118,0 dB,0.0,0.165463,0.0,2937
XC529481,0 dB,0.0,0.984845,0.9072891999999999,2937
XC333322,0 dB,0.0,0.939046,0.8858628,2937
XC752666,0 dB,0.0,0.972371,0.2723542,2937
XC334270,0 dB,0.0,0.809676,0.320565,2937
XC65380,0 dB,0.0,0.707719,0.0,2937
XC249415,0 dB,0.0,0.855507,0.8702016,2937
XC657320,0 dB,0.0,0.973384,0.9362982000000001,2937
XC514280,0 dB,0.0,0.919244,0.6612444,2937
XC395757,0 dB,0.0,0.746375,0.2839292,2937
XC124264,0 dB,0.0,0.92947,0.920085,2937
XC6189,0 dB,0.0,0.633307,0.44009339999999997,2937
XC521538,0 dB,0.0,0.979078,0.8092499999999999,2937
XC282306,0 dB,0.0,0.958133,0.9450806,2937
XC117398,0 dB,0.0,0.976064,0.8810426,2937
XC986563,0 dB,0.0,0.531096,0.1316582,2937
XC724679,0 dB,0.0,0.979358,0.9475038,2937
XC616210,0 dB,0.0,0.949173,0.6714332,2937
XC557622,0 dB,0.0,0.509008,0.0,2937
XC621782,0 dB,0.0,0.904588,0.33854700000000004,2937
XC845927,0 dB,0.0,0.399266,0.1209934,2937
XC428699,0 dB,0.0,0.954652,0.5444714,2937
XC350929,0 dB,0.0,0.329797,0.4113956,2937
XC979864,0 dB,0.0,0.965823,0.9382547999999999,2937
XC239087,0 dB,0.0,0.954368,0.9297877999999999,2937
XC837123,0 dB,0.0,0.923719,0.9333362000000001,2937
XC400646,0 dB,0.0,0.304408,0.1396788,2937
XC29427,0 dB,0.0,0.947395,0.9188018,2937
XC435857,0 dB,0.0,0.898394,0.9052324,2937
XC9904,0 dB,0.0,0.947009,0.715876,2937
XC536695,0 dB,0.0,0.9379,0.9464238,2937
XC456377,0 dB,0.0,0.897879,0.7888554,2937
XC481243,0 dB,0.0,0.839541,0.785153,2937
XC231252,0 dB,0.0,0.450497,0.089279,2937
XC182608,0 dB,0.0,0.477597,0.086105,2937
XC338619,0 dB,0.0,0.875808,0.3223688,2937
XC91214,0 dB,0.0,0.301805,0.17664459999999998,2937
XC944044,0 dB,0.0,0.898035,0.8361432000000001,2937
XC54929,0 dB,0.0,0.916533,0.5176917999999999,2937
XC340041,0 dB,0.0,0.260718,0.2032212,2937
XC520724,0 dB,0.0,0.942257,0.6026588,2937
XC202,0 dB,0.0,0.893135,0.8293296,2937
XC1158132,0 dB,0.0,0.947274,0.7361824,2937
XC117474,0 dB,0.0,0.869138,0.6126516000000001,2937
XC217201,0 dB,0.0,0.762367,0.6401779999999999,2937
XC277175,0 dB,0.0,0.914712,0.2784972,2937
XC71614,0 dB,0.0,0.490413,0.2553816,2937
XC195102,0 dB,0.0,0.761616,0.6478032,2937
XC585162,0 dB,0.0,0.912858,0.0587736,2937
XC608132,0 dB,0.0,0.933033,0.8679781999999999,2937
XC270977,0 dB,0.0,0.824343,0.4468388,2937
XC121330,0 dB,0.0,0.317515,0.3007628,2937
XC221826,0 dB,0.0,0.909222,0.9067684,2937
XC40712,0 dB,0.0,0.958958,0.7977128,2937
XC345319,0 dB,0.0,0.413687,0.3352198,2937
XC692855,0 dB,0.0,0.96726,0.9365548,2937
XC231248,0 dB,0.0,0.959104,0.9470324,2937
XC641695,0 dB,0.0,0.964371,0.8822248,2937
XC1181643,0 dB,0.0,0.960298,0.9085346,2937
XC102372,0 dB,0.0,0.829914,0.7097211999999999,2937
XC514319,0 dB,0.0,0.413643,0.4920926,2937
XC329089,0 dB,0.0,0.958919,0.9129771999999999,2937
XC525925,0 dB,0.0,0.204079,0.18172039999999998,2937
XC221818,0 dB,0.0,0.827682,0.6870506,2937
XC845941,0 dB,0.0,0.311186,0.0,2937
XC387444,0 dB,0.0,0.899062,0.8907450000000001,2937
XC105785,0 dB,0.0,0.519865,0.4379586,2937
XC138931,0 dB,0.0,0.518545,0.0,2937
XC119752,0 dB,0.0,0.907817,0.900142,2937
XC406949,0 dB,0.0,0.52667,0.0,2937
XC117391,0 dB,0.0,0.651459,0.640461,2937
XC769668,0 dB,0.0,0.936608,0.889702,2937
XC506024,0 dB,0.0,0.90257,0.8891104000000001,2937
XC239091,0 dB,0.0,0.530733,0.0,2937
XC1011761,0 dB,0.0,0.931179,0.7171522,2937
XC9563,0 dB,0.0,0.83942,0.8069336,2937
XC1139336,0 dB,0.0,0.963273,0.9268335999999999,2937
XC117938,0 dB,0.0,0.79153,0.3615114,2937
XC127229,0 dB,0.0,0.92904,0.7596456,2937
XC537922,0 dB,0.0,0.160613,0.0,2937
XC33754,0 dB,0.0,0.994634,0.9912176,2937
XC275912,0 dB,0.0,0.896331,0.8816376,2937
XC298876,0 dB,0.0,0.938597,0.8588134000000001,2937
XC54857,0 dB,0.0,0.795939,0.1955114,2937
XC117875,0 dB,0.0,0.744742,0.8990206000000001,2937
XC159203,0 dB,0.0,0.164114,0.0,2937
XC576436,0 dB,0.0,0.947419,0.8940861999999999,2937
XC251635,0 dB,0.0,0.640693,0.2590498,2937
XC95327,0 dB,0.0,0.1468,0.0807552,2937
XC100340,0 dB,0.0,0.92904,0.7115774,2937
XC251975,0 dB,0.0,0.889012,0.8708136,2937
XC965399,0 dB,0.0,0.965059,0.7497534,2937
XC745959,0 dB,0.0,0.70782,0.0,2937
XC1076679,0 dB,0.0,0.733545,0.1570974,2937
XC13439,0 dB,0.0,0.892385,0.8149148,2937
XC477771,0 dB,0.0,0.929494,0.8585184,2937
XC1085552,0 dB,0.0,0.954439,0.9251412,2937
XC97267,0 dB,0.0,0.882989,0.7441712,2937
XC1028543,0 dB,0.0,0.981374,0.9579378000000001,2937
XC248663,0 dB,0.0,0.860877,0.8252611999999999,2937
XC483178,0 dB,0.0,0.488769,0.3941654,2937
XC771791,0 dB,0.0,0.916025,0.9259864,2937
XC1174785,0 dB,0.0,0.895942,0.8917092,2937
XC517004,0 dB,0.0,0.994588,0.639992,2937
XC257244,0 dB,0.0,0.915859,0.8486560000000001,2937
XC449720,0 dB,0.0,0.141054,0.48027319999999996,2937
XC493784,0 dB,0.0,0.940029,0.87446,2937
XC472328,0 dB,0.0,0.950167,0.9069886,2937
XC24460,0 dB,0.0,0.857748,0.0,2937
XC64137,0 dB,0.0,0.933161,0.834926,2937
XC517023,0 dB,0.0,0.984956,0.8931357999999999,2937
XC354167,0 dB,0.0,0.888751,0.0,2937
XC516634,0 dB,0.0,0.951678,0.9522024,2937
XC706672,0 dB,0.0,0.315096,0.0,2937
XC117970,0 dB,0.0,0.92721,0.8422262,2937
XC56827,0 dB,0.0,0.254641,0.094435,2937
XC748492,0 dB,0.0,0.895348,0.5360014,2937
XC767460,0 dB,0.0,0.597703,0.2157066,2937
XC295796,0 dB,0.0,0.941999,0.9179954,2937
XC933265,0 dB,0.0,0.957475,0.9364760000000001,2937
XC984820,0 dB,0.0,0.774135,0.7328316,2937
XC557620,0 dB,0.0,0.964193,0.9612892000000001,2937
XC894922,0 dB,0.0,0.224234,0.13069599999999998,2937
XC21589,0 dB,0.0,0.605349,0.401515,2937
XC117400,0 dB,0.0,0.951904,0.9110518000000001,2937
XC117439,0 dB,0.0,0.861975,0.2505572,2937
XC44067,0 dB,0.0,0.907718,0.6907418,2937
XC490102,0 dB,0.0,0.955506,0.9282358,2937
XC351780,0 dB,0.0,0.555355,0.0,2937
XC1145229,0 dB,0.0,0.951732,0.9468616000000001,2937
XC33658,0 dB,0.0,0.10166,0.0,2937
XC94146,0 dB,0.0,0.697371,0.0,2937
XC339994,0 dB,0.0,0.94164,0.41149579999999997,2937
XC1033438,0 dB,0.0,0.949621,0.8945874,2937
XC117866,0 dB,0.0,0.8854,0.8032306,2937
XC683916,0 dB,0.0,0.929986,0.7427638,2937
XC199263,0 dB,0.0,0.890099,0.849146,2937
XC1152523,0 dB,0.0,0.752799,0.622644,2937
XC944386,0 dB,0.0,0.901723,0.8466836000000001,2937
XC9839,0 dB,0.0,0.918292,0.9130558000000001,2937
XC223712,0 dB,0.0,0.544754,0.571388,2937
XC291909,0 dB,0.0,0.882021,0.42530919999999994,2937
XC511115,0 dB,0.0,0.174564,0.0266278,2937
XC231237,0 dB,0.0,0.967734,0.9122312000000001,2937
XC95326,0 dB,0.0,0.130261,0.0,2937
XC507903,0 dB,0.0,0.937446,0.9208738000000001,2937
XC353525,0 dB,0.0,0.787,0.45745240000000004,2937
XC517126,0 dB,0.0,0.963214,0.9468396,2937
XC17881,0 dB,0.0,0.984836,0.932995,2937
XC514446,0 dB,0.0,0.800117,0.41081080000000003,2937
XC1044072,0 dB,0.0,0.953327,0.8968088,2937
XC517021,0 dB,0.0,0.946552,0.8450878,2937
XC435537,0 dB,0.0,0.830012,0.0,2937
XC862485,0 dB,0.0,0.870892,0.8781344000000001,2937
XC127228,0 dB,0.0,0.926707,0.8962730000000001,2937
XC810505,0 dB,0.0,0.52884,0.4912358,2937
XC845929,0 dB,0.0,0.319027,0.22184239999999997,2937
XC698654,0 dB,0.0,0.89888,0.8421654000000001,2937
XC845037,0 dB,0.0,0.884954,0.850408,2937
XC340067,0 dB,0.0,0.435326,0.8381674,2937
XC399451,0 dB,0.0,0.945645,0.8796644,2937
XC137697,0 dB,0.0,0.937874,0.8811446000000001,2937
XC178657,0 dB,0.0,0.909084,0.0625824,2937
XC980748,0 dB,0.0,0.9505,0.8714147999999999,2937
XC514492,0 dB,0.0,0.889702,0.790237,2937
XC156745,0 dB,0.0,0.348482,0.0,2937
XC526190,0 dB,0.0,0.154933,0.055418199999999994,2937
XC256978,0 dB,0.0,0.968023,0.9444866,2937
XC333320,0 dB,0.0,0.973545,0.9480058,2937
XC656067,0 dB,0.0,0.964403,0.8087519999999999,2937
XC372434,0 dB,0.0,0.947506,0.8964934,2937
XC834114,0 dB,0.0,0.104002,0.0,2937
XC64136,0 dB,0.0,0.959684,0.9146063999999999,2937
XC2706,0 dB,0.0,0.96516,0.8976836,2937
XC117476,0 dB,0.0,0.908795,0.313888,2937
XC610115,0 dB,0.0,0.966648,0.9584576,2937
XC121218,0 dB,0.0,0.926228,0.8602522,2937
XC321483,0 dB,0.0,0.425885,0.0,2937
XC221820,0 dB,0.0,0.874419,0.8853177999999999,2937
XC68054,0 dB,0.0,0.895416,0.8832853999999999,2937
XC297690,0 dB,0.0,0.786225,0.6305729999999999,2937
XC212849,0 dB,0.0,0.852525,0.0793036,2937
XC305368,0 dB,0.0,0.964135,0.8447524,2937
XC998172,0 dB,0.0,0.933995,0.8748296,2937
XC249414,0 dB,0.0,0.883676,0.2721066,2937
XC812877,0 dB,0.0,0.93668,0.9034435999999999,2937
XC333567,0 dB,0.0,0.980725,0.9650337999999999,2937
XC1181496,0 dB,0.0,0.518143,0.0,2937
XC117867,0 dB,0.0,0.947733,0.882169,2937
XC979867,0 dB,0.0,0.865231,0.8578526,2937
XC982175,0 dB,0.0,0.929577,0.9126296,2937
XC165994,0 dB,0.0,0.337984,0.0,2937
XC642569,0 dB,0.0,0.935274,0.7309825999999999,2937
XC517269,0 dB,0.0,0.943273,0.9342712000000001,2937
XC151221,0 dB,0.0,0.293666,0.0,2937
XC55897,0 dB,0.0,0.290612,0.3137888,2937
XC816990,0 dB,0.0,0.498087,0.0,2937
XC428089,0 dB,0.0,0.859247,0.45820920000000004,2937
XC564620,0 dB,0.0,0.968265,0.9341756,2937
XC117338,0 dB,0.0,0.610103,0.19467059999999997,2937
XC15033,0 dB,0.0,0.953975,0.9701055999999999,2937
XC1085553,0 dB,0.0,0.957146,0.9557532,2937
XC65348,0 dB,0.0,0.464661,0.1017216,2937
XC76655,0 dB,0.0,0.936501,0.9347244,2937
XC152944,0 dB,0.0,0.363974,0.47359799999999996,2937
XC117353,0 dB,0.0,0.841064,0.5802588,2937
XC245528,0 dB,0.0,0.967519,0.8873960000000001,2937
XC360009,0 dB,0.0,0.813057,0.7503944,2937
XC106610,0 dB,0.0,0.833459,0.664226,2937
XC54394,0 dB,0.0,0.958638,0.9135626,2937
XC3735,0 dB,0.0,0.896464,0.8170102,2937
XC463658,0 dB,0.0,0.933641,0.05393060000000001,2937
XC377192,0 dB,0.0,0.962513,0.9559713999999999,2937
XC1179462,0 dB,0.0,0.969073,0.9685356,2937
XC1073177,0 dB,0.0,0.937361,0.9192475999999999,2937
XC39855,0 dB,0.0,0.955883,0.6080294,2937
XC261514,0 dB,0.0,0.387534,0.025968400000000003,2937
XC85036,0 dB,0.0,0.936562,0.529531,2937
XC482180,0 dB,0.0,0.94446,0.7331116,2937
XC429417,0 dB,0.0,0.880881,0.6539582,2937
XC221887,0 dB,0.0,0.949968,0.8332736000000001,2937
XC493927,0 dB,0.0,0.843796,0.7863922000000001,2937
XC636382,0 dB,0.0,0.955633,0.959587,2937
XC1065170,0 dB,0.0,0.924382,0.045162400000000005,2937
XC90693,0 dB,0.0,0.91595,0.854355,2937
XC257243,0 dB,0.0,0.945906,0.7096828000000001,2937
XC634096,0 dB,0.0,0.980716,0.9765988,2937
XC363937,0 dB,0.0,0.981547,0.9707926,2937
XC73976,0 dB,0.0,0.774724,0.7659962,2937
XC444542,0 dB,0.0,0.902358,0.8499482,2937
XC872350,0 dB,0.0,0.834867,0.8125896000000001,2937
XC9838,0 dB,0.0,0.862874,0.8541028,2937
XC754627,0 dB,0.0,0.558207,0.0,2937
XC15034,0 dB,0.0,0.974847,0.7506106,2937
XC196811,0 dB,0.0,0.866462,0.0362242,2937
XC965410,0 dB,0.0,0.946006,0.9435005999999999,2937
XC231235,0 dB,0.0,0.952821,0.8957402,2937
XC767464,0 dB,0.0,0.11715,0.0,2937
XC257241,0 dB,0.0,0.968615,0.9021855999999999,2937
XC4097,0 dB,0.0,0.390442,0.2223468,2937
XC517322,0 dB,0.0,0.905869,0.6336066,2937
XC730107,0 dB,0.0,0.795193,0.5970426,2937
XC474813,0 dB,0.0,0.921212,0.8605304,2937
XC117339,0 dB,0.0,0.762027,0.33135560000000003,2937
XC979865,0 dB,0.0,0.957798,0.9095098,2937
XC171227,0 dB,0.0,0.91431,0.8485374,2937
XC5427,0 dB,0.0,0.939253,0.8962664,2937
XC455138,0 dB,0.0,0.970545,0.9575742,2937
XC239095,0 dB,0.0,0.544886,0.10781080000000001,2937
XC131553,0 dB,0.0,0.980711,0.9288828,2937
XC129750,0 dB,0.0,0.934786,0.7885436,2937
XC277016,0 dB,0.0,0.949493,0.8901619999999999,2937
XC17645,0 dB,0.0,0.899497,0.6552885999999999,2937
XC521554,0 dB,0.0,0.915223,0.903073,2937
XC85034,0 dB,0.0,0.939561,0.9067276,2937
XC127504,0 dB,0.0,0.917403,0.8994579999999999,2937
XC722858,0 dB,0.0,0.963598,0.9160389999999999,2937
XC9837,0 dB,0.0,0.947445,0.917196,2937
XC221835,0 dB,0.0,0.907491,0.0608862,2937
XC742257,0 dB,0.0,0.958342,0.9624896,2937
XC514964,0 dB,0.0,0.592503,0.35247839999999997,2937
XC53913,0 dB,0.0,0.978126,0.9495013999999999,2937
XC125693,0 dB,0.0,0.874146,0.7980684,2937
XC225380,0 dB,0.0,0.927876,0.7602922,2937
XC1174512,0 dB,0.0,0.214551,0.0,2937
XC525926,0 dB,0.0,0.332773,0.2828188,2937
XC221832,0 dB,0.0,0.842706,0.2075202,2937
XC248386,0 dB,0.0,0.911729,0.8627815999999999,2937
XC231261,0 dB,0.0,0.103545,0.0,2937
XC845920,0 dB,0.0,0.159965,0.020571600000000002,2937
XC133287,0 dB,0.0,0.743769,0.0203124,2937
XC1142047,0 dB,0.0,0.975,0.9348091999999999,2937
XC85037,0 dB,0.0,0.94,0.8366669999999999,2937
XC1043495,0 dB,0.0,0.201798,0.0,2937
XC12055,0 dB,0.0,0.975139,0.8974591999999999,2937
XC517265,0 dB,0.0,0.991316,0.9610578000000001,2937
XC1180982,0 dB,0.0,0.952046,0.6644228,2937
XC982176,0 dB,0.0,0.75168,0.0202596,2937
XC117904,0 dB,0.0,0.799385,0.6529041999999999,2937
XC424163,0 dB,0.0,0.932728,0.7808822,2937
XC84175,0 dB,0.0,0.774466,0.2583346,2937
XC517123,0 dB,0.0,0.96891,0.798012,2937
XC303458,0 dB,0.0,0.558501,0.5240896,2937
XC234299,0 dB,0.0,0.887524,0.795467,2937
XC440015,0 dB,0.0,0.923985,0.8165777999999999,2937
XC33320,0 dB,0.0,0.854144,0.3608686,2937
XC767563,0 dB,0.0,0.0,0.0,2937
XC61371,0 dB,0.0,0.896098,0.0223352,2937
XC221816,0 dB,0.0,0.929852,0.8623543999999999,2937
XC340660,0 dB,0.0,0.925776,0.6227606,2937
XC1074885,0 dB,0.0,0.511935,0.17070780000000002,2937
XC917458,0 dB,0.0,0.427481,0.0,2937
XC862961,0 dB,0.0,0.904468,0.8518252000000001,2937
XC231260,0 dB,0.0,0.234865,0.1075078,2937
XC984344,0 dB,0.0,0.907685,0.8169420000000001,2937
XC124265,0 dB,0.0,0.961168,0.9197706,2937
XC73975,0 dB,0.0,0.920271,0.778343,2937
XC105718,0 dB,0.0,0.927111,0.47765579999999996,2937
XC41184,0 dB,0.0,0.600856,0.192303,2937
XC221831,0 dB,0.0,0.846811,0.7613114,2937
XC987304,0 dB,0.0,0.527856,0.4998096,2937
XC767564,0 dB,0.0,0.0,0.0,2937
XC13372,0 dB,0.0,0.9317,0.3410012,2937
XC768540,0 dB,0.0,0.921844,0.8768779999999999,2937
XC516908,0 dB,0.0,0.963654,0.9689833999999999,2937
XC1080573,0 dB,0.0,0.205258,0.060992599999999994,2937
XC274416,0 dB,0.0,0.964162,0.8406582,2937
XC1009853,0 dB,0.0,0.302361,0.1102332,2937
XC261509,0 dB,0.0,0.96503,0.8820126,2937
XC1153871,0 dB,0.0,0.981049,0.9588190000000001,2937
XC514370,0 dB,0.0,0.594911,0.4287198,2937
XC709625,0 dB,0.0,0.93475,0.9061896,2937
XC302998,0 dB,0.0,0.18898,0.0,2937
XC63324,0 dB,0.0,0.956908,0.7384702,2937
XC376452,0 dB,0.0,0.957103,0.9298677999999999,2937
XC615158,0 dB,0.0,0.403471,0.389567,2937
XC987210,0 dB,0.0,0.960548,0.8965228,2937
XC251637,0 dB,0.0,0.923616,0.9010998000000001,2937
XC641683,0 dB,0.0,0.954718,0.7935204,2937
XC257240,0 dB,0.0,0.972179,0.853379,2937
XC980749,0 dB,0.0,0.888802,0.9093392,2937
XC231244,0 dB,0.0,0.896416,0.6223872,2937
XC228537,0 dB,0.0,0.641122,0.530853,2937
XC515377,0 dB,0.0,0.958902,0.8648512,2937
XC198718,0 dB,0.0,0.968539,0.8962859999999999,2937
XC845954,0 dB,0.0,0.159965,0.0465862,2937
XC1085558,0 dB,0.0,0.973997,0.9536784,2937
XC318740,0 dB,0.0,0.575802,0.4712146,2937
XC549356,0 dB,0.0,0.610826,0.08568,2937
XC148702,0 dB,0.0,0.576668,0.07969820000000001,2937
XC3135,0 dB,0.0,0.462275,0.1532122,2937
XC633784,0 dB,0.0,0.977893,0.9503358000000001,2937
XC493786,0 dB,0.0,0.942875,0.8793542000000001,2937
XC537720,0 dB,0.0,0.923267,0.936202,2937
XC477102,0 dB,0.0,0.947297,0.93954,2937
XC660666,0 dB,0.0,0.133761,0.0,2937
XC755078,0 dB,0.0,0.928151,0.5297338,2937
XC392986,0 dB,0.0,0.827449,0.4772322,2937
XC973634,0 dB,0.0,0.94121,0.8831277999999999,2937
XC176977,0 dB,0.0,0.903008,0.3752054,2937
XC736611,0 dB,0.0,0.324841,0.22795899999999997,2937
XC85066,0 dB,0.0,0.948959,0.4908348,2937
XC186987,0 dB,0.0,0.931169,0.915288,2937
XC444283,0 dB,0.0,0.97363,0.9450898000000001,2937
XC92,0 dB,0.0,0.937459,0.9106007999999999,2937
XC862956,0 dB,0.0,0.94249,0.9169666,2937
XC42256,0 dB,0.0,0.384341,0.31811860000000003,2937
XC231232,0 dB,0.0,0.578605,0.0,2937
XC676249,0 dB,0.0,0.957635,0.8820306,2937
XC441107,0 dB,0.0,0.974373,0.8781174,2937
XC113213,0 dB,0.0,0.888989,0.8039032,2937
XC250734,0 dB,0.0,0.905987,0.807376,2937
XC687236,0 dB,0.0,0.922157,0.8804997999999999,2937
XC119566,0 dB,0.0,0.868911,0.7819762,2937
XC251449,0 dB,0.0,0.342889,0.060580999999999996,2937
XC902975,0 dB,0.0,0.518641,0.728304,2937
XC1029590,0 dB,0.0,0.927144,0.8968773999999999,2937
XC180618,0 dB,0.0,0.905272,0.8642938000000001,2937
XC55898,0 dB,0.0,0.527618,0.0266544,2937
XC528844,0 dB,0.0,0.156825,0.0,2937
XC17677,0 dB,0.0,0.581796,0.197429,2937
XC239093,0 dB,0.0,0.458056,0.34942020000000007,2937
XC917456,0 dB,0.0,0.857592,0.1064856,2937
XC13519,0 dB,0.0,0.900856,0.8551584,2937
XC494771,0 dB,0.0,0.821893,0.6634076,2937
XC117396,0 dB,0.0,0.882366,0.8694523999999999,2937
XC254274,0 dB,0.0,0.667638,0.4985394,2937
XC13437,0 dB,0.0,0.17107,0.0,2937
XC195459,0 dB,0.0,0.256746,0.0205012,2937
XC518065,0 dB,0.0,0.563328,0.2021802,2937
XC313980,0 dB,0.0,0.884793,0.7183806,2937
XC767436,0 dB,0.0,0.554227,0.260584,2937
XC845928,0 dB,0.0,0.717372,0.35152,2937
XC987209,0 dB,0.0,0.929951,0.771525,2937
XC13373,0 dB,0.0,0.971879,0.0,2937
XC124266,0 dB,0.0,0.962296,0.950257,2937
XC568023,0 dB,0.0,0.911403,0.6625791999999999,2937
XC638202,0 dB,0.0,0.612599,0.1109348,2937
XC236217,0 dB,0.0,0.542695,0.36494039999999994,2937
XC832545,0 dB,0.0,0.886624,0.0,2937
XC896032,0 dB,0.0,0.595292,0.1250048,2937
XC1146081,0 dB,0.0,0.84203,0.7049966,2937
XC794785,0 dB,0.0,0.110061,0.0,2937
XC688003,0 dB,0.0,0.973557,0.9626754,2937
XC1177293,0 dB,0.0,0.438156,0.5683556000000001,2937
XC271934,0 dB,0.0,0.950674,0.8453998,2937
XC9641,0 dB,0.0,0.268187,0.0,2937
XC297010,0 dB,0.0,0.904335,0.7934458,2937
XC656065,0 dB,0.0,0.960222,0.9439772,2937
XC120557,0 dB,0.0,0.929761,0.8661374000000001,2937
XC482164,0 dB,0.0,0.862633,0.49966499999999997,2937
XC334271,0 dB,0.0,0.939207,0.8408545999999999,2937
XC1001797,0 dB,0.0,0.921548,0.9369386000000001,2937
XC357041,0 dB,0.0,0.942396,0.7872950000000001,2937
XC57821,0 dB,0.0,0.238319,0.40012879999999995,2937
XC21101,0 dB,0.0,0.920159,0.8754598,2937
XC42249,0 dB,0.0,0.88773,0.9452936,2937
XC1045021,0 dB,0.0,0.822064,0.6902028,2937
XC238215,0 dB,0.0,0.899064,0.8328236,2937
XC231243,0 dB,0.0,0.929028,0.8697898000000001,2937
XC156744,0 dB,0.0,0.577381,0.4812058,2937
XC157357,0 dB,0.0,0.944623,0.9090792000000001,2937
XC191784,0 dB,0.0,0.681975,0.3532692,2937
XC494361,0 dB,0.0,0.9121,0.8538600000000001,2937
XC1163315,0 dB,0.0,0.817635,0.542417,2937
XC479542,0 dB,0.0,0.943244,0.7498480000000001,2937
XC535967,0 dB,0.0,0.462629,0.2729086,2937
XC122334,0 dB,0.0,0.842827,0.617059,2937
XC516832,0 dB,0.0,0.931107,0.9142754,2937
XC285207,0 dB,0.0,0.949245,0.9236561999999999,2937
XC272430,0 dB,0.0,0.884397,0.8552528,2937
XC75048,0 dB,0.0,0.967193,0.8953982,2937
XC202363,0 dB,0.0,0.974968,0.9064342,2937
XC741070,0 dB,0.0,0.958907,0.9352534,2937
XC514471,0 dB,0.0,0.988021,0.9628650000000001,2937
XC552958,0 dB,0.0,0.673223,0.5879326,2937
XC995521,0 dB,0.0,0.88335,0.7607644,2937
XC63327,0 dB,0.0,0.913921,0.6981338,2937
XC4725,0 dB,0.0,0.959937,0.7873848000000001,2937
XC226702,0 dB,0.0,0.960069,0.8274124,2937
XC63325,0 dB,0.0,0.896391,0.8201356000000001,2937
XC862952,0 dB,0.0,0.959191,0.6538630000000001,2937
XC634099,0 dB,0.0,0.987727,0.9793358,2937
XC231249,0 dB,0.0,0.751981,0.8288868,2937
XC85052,0 dB,0.0,0.949117,0.9572316000000001,2937
XC264358,0 dB,0.0,0.926923,0.1581042,2937
XC526188,0 dB,0.0,0.40055,0.25491980000000003,2937
XC323011,0 dB,0.0,0.566627,0.388378,2937
XC1068422,0 dB,0.0,0.95083,0.749161,2937
XC154191,0 dB,0.0,0.9806,0.9188447999999999,2937
XC236629,0 dB,0.0,0.945111,0.912479,2937
XC44953,0 dB,0.0,0.807947,0.7700158,2937
XC772536,0 dB,0.0,0.895338,0.7768178,2937
XC271633,0 dB,0.0,0.968622,0.8570002000000001,2937
XC144378,0 dB,0.0,0.849385,0.2854348,2937
XC310825,0 dB,0.0,0.905642,0.8314788,2937
XC497975,0 dB,0.0,0.157264,0.0,2937
XC571382,0 dB,0.0,0.650215,0.592662,2937
XC547147,0 dB,0.0,0.865005,0.720085,2937
XC722601,0 dB,0.0,0.111132,0.0,2937
XC1073178,0 dB,0.0,0.871215,0.8808008,2937
XC1046156,0 dB,0.0,0.948551,0.8923192,2937
XC755226,0 dB,0.0,0.150521,0.0760864,2937
XC14781,0 dB,0.0,0.813992,0.5663560000000001,2937
XC333417,0 dB,0.0,0.932144,0.8445626,2937
XC156007,0 dB,0.0,0.564552,0.25001860000000004,2937
XC838961,0 dB,0.0,0.927468,0.9059904,2937
XC354901,0 dB,0.0,0.877912,0.8091658,2937
XC481240,0 dB,0.0,0.826344,0.63106,2937
XC31427,0 dB,0.0,0.308459,0.1712464,2937
XC1166238,0 dB,0.0,0.915376,0.9035992,2937
XC770944,0 dB,0.0,0.884231,0.1932684,2937
XC154636,0 dB,0.0,0.849075,0.8471171999999999,2937
XC633782,0 dB,0.0,0.888894,0.9063538,2937
XC449318,0 dB,0.0,0.887034,0.888994,2937
XC238666,0 dB,0.0,0.981164,0.9645004,2937
XC698618,0 dB,0.0,0.942549,0.9402258,2937
XC537901,0 dB,0.0,0.470195,0.19757059999999999,2937
XC66682,0 dB,0.0,0.916996,0.8309709999999999,2937
XC231258,0 dB,0.0,0.890765,0.7523244,2937
XC426308,0 dB,0.0,0.966413,0.9209216,2937
XC965433,0 dB,0.0,0.938292,0.8130502,2937
XC497452,0 dB,0.0,0.585663,0.0,2937
XC29550,0 dB,0.0,0.737957,0.5503252,2937
XC117975,0 dB,0.0,0.921341,0.6714325999999999,2937
XC1018701,0 dB,0.0,0.829168,0.4966006,2937
XC120310,0 dB,0.0,0.741794,0.6569008000000001,2937
XC131552,0 dB,0.0,0.968786,0.9166944000000001,2937
XC668545,0 dB,0.0,0.890352,0.39344619999999997,2937
XC231259,0 dB,0.0,0.135185,0.10306199999999999,2937
XC53553,0 dB,0.0,0.414779,0.19847,2937
XC249722,0 dB,0.0,0.726981,0.7815752,2937
XC872943,0 dB,0.0,0.964507,0.9514368000000001,2937
XC4765,0 dB,0.0,0.895774,0.8196578000000001,2937
XC42258,0 dB,0.0,0.148498,0.0561976,2937
XC93456,0 dB,0.0,0.909628,0.8750244,2937
XC823989,0 dB,0.0,0.972714,0.5342475999999999,2937
XC920781,0 dB,0.0,0.934615,0.9114432000000001,2937
XC163711,0 dB,0.0,0.145461,0.0,2937
XC316501,0 dB,0.0,0.914173,0.6764008,2937
XC721763,0 dB,0.0,0.918169,0.8068866,2937
XC581276,0 dB,0.0,0.915806,0.8724855999999999,2937
XC717216,0 dB,0.0,0.958536,0.9702567999999999,2937
XC221817,0 dB,0.0,0.923022,0.8634874,2937
XC517143,0 dB,0.0,0.986972,0.9630105999999999,2937
XC231228,0 dB,0.0,0.679557,0.30454000000000003,2937
XC405722,0 dB,0.0,0.933686,0.9280408,2937
XC445976,0 dB,0.0,0.918166,0.7408342,2937
XC246805,0 dB,0.0,0.913161,0.1253614,2937
XC534122,0 dB,0.0,0.833753,0.7845093999999999,2937
XC706582,0 dB,0.0,0.903726,0.27018020000000004,2937
XC338589,0 dB,0.0,0.784262,0.0,2937
XC55896,0 dB,0.0,0.290612,0.249606,2937
XC85441,0 dB,0.0,0.903909,0.6731096,2937
XC139310,0 dB,0.0,0.88058,0.5682,2937
XC634095,0 dB,0.0,0.977676,0.8414412,2937
XC75389,0 dB,0.0,0.85591,0.6819900000000001,2937
XC490752,0 dB,0.0,0.367045,0.058184400000000004,2937
XC518707,0 dB,0.0,0.869583,0.7300076000000001,2937
XC986564,0 dB,0.0,0.955512,0.9011774000000001,2937
XC655146,0 dB,0.0,0.965176,0.9064842000000001,2937
XC13440,0 dB,0.0,0.88044,0.46366820000000003,2937
XC798139,0 dB,0.0,0.956935,0.9425703999999999,2937
XC754086,0 dB,0.0,0.900997,0.7267982,2937
XC71650,0 dB,0.0,0.897773,0.0,2937
XC96248,0 dB,0.0,0.927022,0.9336869999999999,2937
XC221825,0 dB,0.0,0.898397,0.8688482000000001,2937
XC24402,0 dB,0.0,0.380058,0.0,2937
XC1035652,0 dB,0.0,0.886322,0.8815922,2937
XC299585,0 dB,0.0,0.106018,0.0,2937
XC1158134,0 dB,0.0,0.97526,0.0,2937
XC274330,0 dB,0.0,0.954751,0.8659193999999999,2937
XC122570,0 dB,0.0,0.805512,0.4646846,2937
XC845930,0 dB,0.0,0.588123,0.0210972,2937
XC845925,0 dB,0.0,0.242404,0.0443374,2937
XC683512,0 dB,0.0,0.931673,0.8541196,2937
XC535969,0 dB,0.0,0.804689,0.796071,2937
XC17377,0 dB,0.0,0.898122,0.5105147999999999,2937
XC1050491,0 dB,0.0,0.277223,0.0,2937
XC504868,0 dB,0.0,0.194871,0.0,2937
XC117340,0 dB,0.0,0.890727,0.9481774,2937
XC972929,0 dB,0.0,0.924839,0.7451498,2937
XC441801,0 dB,0.0,0.936414,0.9152281999999999,2937
XC1183766,0 dB,0.0,0.875868,0.624754,2937
XC525927,0 dB,0.0,0.859071,0.6882456,2937
XC767437,0 dB,0.0,0.69196,0.37116720000000003,2937
XC217863,0 dB,0.0,0.866248,0.5615441999999999,2937
XC14389,0 dB,0.0,0.964511,0.8170092,2937
XC38734,0 dB,0.0,0.877804,0.8842890000000001,2937
XC214472,0 dB,0.0,0.141837,0.0,2937
XC124861,0 dB,0.0,0.95014,0.7963298,2937
XC481241,0 dB,0.0,0.843352,0.8756769999999999,2937
XC830857,0 dB,0.0,0.872911,0.8428380000000001,2937
XC472327,0 dB,0.0,0.411006,0.0,2937
XC638200,0 dB,0.0,0.991364,0.9456358,2937
XC102373,0 dB,0.0,0.970352,0.9188648,2937
XC973627,0 dB,0.0,0.942677,0.6852438,2937
XC783213,0 dB,0.0,0.976321,0.9582936,2937
XC285539,0 dB,0.0,0.926844,0.755535,2937
XC840280,0 dB,0.0,0.627569,0.5995568,2937
XC686179,0 dB,0.0,0.669063,0.39204,2937
XC522227,0 dB,0.0,0.965201,0.0,2937
XC613866,0 dB,0.0,0.201546,0.3626126,2937
XC1079151,0 dB,0.0,0.926106,0.8806168,2937
XC4273,0 dB,0.0,0.464824,0.22471839999999998,2937
XC27219,0 dB,0.0,0.924061,0.8886824000000001,2937
XC1153864,0 dB,0.0,0.972917,0.9514976,2937
XC358477,0 dB,0.0,0.986076,0.9631372,2937
XC453865,0 dB,0.0,0.976955,0.9024806,2937
XC407355,0 dB,0.0,0.890896,0.8610315999999999,2937
XC1072155,0 dB,0.0,0.846559,0.833601,2937
XC615156,0 dB,0.0,0.613939,0.6291574,2937
XC55899,0 dB,0.0,0.839612,0.24931479999999998,2937
XC783221,0 dB,0.0,0.984422,0.9407629999999999,2937
XC127195,0 dB,0.0,0.957645,0.830726,2937
XC411738,0 dB,0.0,0.976022,0.9606964,2937
XC482162,0 dB,0.0,0.725055,0.5025472,2937
XC500971,0 dB,0.0,0.983173,0.9686109999999999,2937
XC270978,0 dB,0.0,0.947821,0.869721,2937
XC767476,0 dB,0.0,0.889832,0.7524998,2937
XC156004,0 dB,0.0,0.65145,0.27662240000000005,2937
XC23785,0 dB,0.0,0.927907,0.8364710000000001,2937
XC340050,0 dB,0.0,0.774549,0.0,2937
XC239751,0 dB,0.0,0.46578,0.0,2937
XC827713,0 dB,0.0,0.924339,0.8834604,2937
XC188288,0 dB,0.0,0.396677,0.11306259999999999,2937
XC42251,0 dB,0.0,0.580256,0.09446479999999999,2937
XC411906,0 dB,0.0,0.932251,0.5305,2937
XC428202,0 dB,0.0,0.720835,0.5065336,2937
XC412494,0 dB,0.0,0.969389,0.8945792000000001,2937
XC862959,0 dB,0.0,0.875641,0.9011544,2937
XC564679,0 dB,0.0,0.892588,0.2769642,2937
XC117865,0 dB,0.0,0.717621,0.0,2937
XC231253,0 dB,0.0,0.334914,0.0,2937
XC781297,0 dB,0.0,0.832448,0.1356864,2937
XC238667,0 dB,0.0,0.983617,0.9736546,2937
XC221824,0 dB,0.0,0.893416,0.8823610000000001,2937
XC609240,0 dB,0.0,0.959325,0.9467798000000001,2937
XC925556,0 dB,0.0,0.883731,0.3389686,2937
XC845931,0 dB,0.0,0.30269,0.197235,2937
XC231255,0 dB,0.0,0.882677,0.701198,2937
XC821609,0 dB,0.0,0.929533,0.886535,2937
XC448917,0 dB,0.0,0.827845,0.6949238,2937
XC429775,0 dB,0.0,0.88052,0.5086598,2937
XC261512,0 dB,0.0,0.94806,0.042679800000000004,2937
XC14717,0 dB,0.0,0.503648,0.17770000000000002,2937
XC517128,0 dB,0.0,0.960652,0.9456206,2937
XC404570,0 dB,0.0,0.544318,0.71331,2937
XC1966,0 dB,0.0,0.70589,0.4315166,2937
XC424036,0 dB,0.0,0.963248,0.9025292,2937
XC441760,0 dB,0.0,0.862359,0.8000541999999999,2937
XC231240,0 dB,0.0,0.907188,0.8766450000000001,2937
XC154635,0 dB,0.0,0.107439,0.0240648,2937
XC1097697,0 dB,0.0,0.786031,0.17686659999999998,2937
XC477199,0 dB,0.0,0.834651,0.5879006,2937
XC986717,0 dB,0.0,0.948932,0.9158058,2937
XC16707,0 dB,0.0,0.858749,0.8756326,2937
XC329090,0 dB,0.0,0.950461,0.9035822,2937
XC212996,0 dB,0.0,0.784294,0.352769,2937
XC198702,0 dB,0.0,0.897687,0.4384206,2937
XC1080577,0 dB,0.0,0.254559,0.0,2937
XC378623,0 dB,0.0,0.704059,0.0,2937
XC88143,0 dB,0.0,0.983848,0.9804934,2937
XC83256,0 dB,0.0,0.979878,0.9675422000000001,2937
XC794786,0 dB,0.0,0.582557,0.248384,2937
XC670077,0 dB,0.0,0.957765,0.917352,2937
XC239088,0 dB,0.0,0.925883,0.9204688000000001,2937
XC648856,0 dB,0.0,0.645345,0.3768484,2937
XC949767,0 dB,0.0,0.874933,0.6380358,2937
XC363225,0 dB,0.0,0.962641,0.8974928,2937
XC239094,0 dB,0.0,0.636901,0.3814578,2937
XC534790,0 dB,0.0,0.47094,0.021589,2937
XC65583,0 dB,0.0,0.892624,0.5474588,2937
XC401414,0 dB,0.0,0.984981,0.9225972,2937
XC524937,0 dB,0.0,0.700136,0.281379,2937
XC506369,0 dB,0.0,0.923189,0.8961707999999999,2937
XC139218,0 dB,0.0,0.917806,0.629524,2937
XC949778,0 dB,0.0,0.908542,0.6688218,2937
XC763566,0 dB,0.0,0.958586,0.9482722000000001,2937
XC683923,0 dB,0.0,0.920795,0.8821260000000001,2937
XC102709,0 dB,0.0,0.918509,0.9087755999999999,2937
XC1086248,0 dB,0.0,0.986651,0.956171,2937
XC94649,0 dB,0.0,0.699149,0.3885902,2937
XC221833,0 dB,0.0,0.927079,0.3455676,2937
XC51834,0 dB,0.0,0.129663,0.0,2937
XC467767,0 dB,0.0,0.413303,0.0,2937
XC88478,0 dB,0.0,0.92202,0.8658248000000001,2937
XC411236,0 dB,0.0,0.964311,0.889772,2937
XC426307,0 dB,0.0,0.930034,0.6428228,2937
XC156005,0 dB,0.0,0.544948,0.22269139999999998,2937
XC494772,0 dB,0.0,0.709291,0.5607964,2937
XC371531,0 dB,0.0,0.91908,0.9091064,2937
XC297011,0 dB,0.0,0.94559,0.7931794,2937
XC231239,0 dB,0.0,0.8883,0.7380718,2937
XC1069396,0 dB,0.0,0.942491,0.7520126,2937
XC117974,0 dB,0.0,0.848518,0.41657700000000003,2937
XC539735,0 dB,0.0,0.756982,0.8015414,2937
XC845943,0 dB,0.0,0.311186,0.0,2937
XC138343,0 dB,0.0,0.490404,0.2254998,2937
XC463536,0 dB,0.0,0.962728,0.7358996,2937
XC416308,0 dB,0.0,0.55394,0.4879404,2937
XC231230,0 dB,0.0,0.245251,0.1748482,2937
XC9804,0 dB,0.0,0.963078,0.9585486,2937
XC456284,0 dB,0.0,0.895501,0.8664128,2937
XC862957,0 dB,0.0,0.856431,0.8860187999999999,2937
XC45159,0 dB,0.0,0.928685,0.8680564000000001,2937
XC199971,0 dB,0.0,0.693531,0.0,2937
XC890988,0 dB,0.0,0.67995,0.8035588,2937
XC557617,0 dB,0.0,0.894189,0.7926964,2937
XC1174806,0 dB,0.0,0.809549,0.0,2937
XC1145896,0 dB,0.0,0.926722,0.8189230000000001,2937
XC1053048,0 dB,0.0,0.331722,0.10857220000000001,2937
XC955810,0 dB,0.0,0.960967,0.775249,2937
XC403323,0 dB,0.0,0.939834,0.8995190000000001,2937
XC939484,0 dB,0.0,0.904145,0.8810586,2937
XC954987,0 dB,0.0,0.948716,0.8828502,2937
XC127798,0 dB,0.0,0.893039,0.8857063999999999,2937
XC845940,0 dB,0.0,0.314995,0.0,2937
XC231254,0 dB,0.0,0.484203,0.0,2937
XC221830,0 dB,0.0,0.899033,0.8940616,2937
XC6881,0 dB,0.0,0.970285,0.9239084,2937
XC122731,0 dB,0.0,0.959754,0.7989423999999999,2937
XC845942,0 dB,0.0,0.171723,0.021615000000000002,2937
XC526192,0 dB,0.0,0.859763,0.3188226,2937
XC965394,0 dB,0.0,0.965616,0.8994484,2937
XC231256,0 dB,0.0,0.280726,0.0,2937
XC231247,0 dB,0.0,0.866314,0.8815582,2937
XC845956,0 dB,0.0,0.294957,0.0,2937
XC1155311,0 dB,0.0,0.900224,0.8060516,2937
XC521537,0 dB,0.0,0.52785,0.0,2937
XC472326,0 dB,0.0,0.931697,0.91252,2937
XC403446,0 dB,0.0,0.875142,0.3493376,2937
XC20908,0 dB,0.0,0.989463,0.9531026,2937
XC231251,0 dB,0.0,0.164227,0.0,2937
XC174540,0 dB,0.0,0.396152,0.0203574,2937
XC125592,0 dB,0.0,0.295604,0.2334638,2937
XC604135,0 dB,0.0,0.952876,0.9405412,2937
XC657183,0 dB,0.0,0.966807,0.9335774000000001,2937
XC562438,0 dB,0.0,0.97684,0.9658680000000001,2937
XC251988,0 dB,0.0,0.923784,0.8703926,2937
XC103034,0 dB,0.0,0.836477,0.7492422000000001,2937
XC85038,0 dB,0.0,0.945542,0.8863204,2937
XC5794,0 dB,0.0,0.96855,0.8295654000000001,2937
XC412960,0 dB,0.0,0.980004,0.9401066,2937
XC238664,0 dB,0.0,0.963846,0.9094054,2937
XC1079796,0 dB,0.0,0.860794,0.851881,2937
XC231241,0 dB,0.0,0.970232,0.9063196,2937
XC85231,0 dB,0.0,0.458444,0.5838368,2937
XC27770,0 dB,0.0,0.92866,0.9093006000000001,2937
XC178777,0 dB,0.0,0.881876,0.829561,2937
XC91953,0 dB,0.0,0.859503,0.7133866,2937
XC490387,0 dB,0.0,0.917991,0.8882916,2937
XC64283,0 dB,0.0,0.133162,0.0,2937
XC947776,0 dB,0.0,0.901908,0.5896576,2937
XC33200,0 dB,0.0,0.949788,0.8992258,2937
XC95956,0 dB,0.0,0.971933,0.7331960000000001,2937
XC306288,0 dB,0.0,0.952103,0.8713982,2937
XC1145895,0 dB,0.0,0.722522,0.5100488000000001,2937
XC143922,0 dB,0.0,0.943145,0.7511964,2937
XC236216,0 dB,0.0,0.86777,0.8120291999999999,2937
XC1030177,0 dB,0.0,0.924075,0.9285112,2937
XC127833,0 dB,0.0,0.867082,0.8146546000000001,2937
XC736610,0 dB,0.0,0.393364,0.024581,2937
XC294134,0 dB,0.0,0.404846,0.0532536,2937
XC939585,0 dB,0.0,0.906872,0.858036,2937
XC143839,0 dB,0.0,0.987946,0.8627646,2937
XC319116,0 dB,0.0,0.595621,0.3614334,2937
XC239089,0 dB,0.0,0.947482,0.9108148,2937
XC407245,0 dB,0.0,0.916807,0.8503771999999999,2937
XC979863,0 dB,0.0,0.933665,0.77305,2937
XC129346,0 dB,0.0,0.920774,0.8695254,2937
XC317551,0 dB,0.0,0.82604,0.7358578,2937
XC684991,0 dB,0.0,0.834303,0.806544,2937
XC327123,0 dB,0.0,0.978448,0.9571325999999999,2937
XC310821,0 dB,0.0,0.896968,0.6612998,2937
XC54926,0 dB,0.0,0.583686,0.5611050000000001,2937
XC1054653,0 dB,0.0,0.46942,0.5028956,2937
XC609645,0 dB,0.0,0.969341,0.9300794,2937
XC517016,0 dB,0.0,0.962143,0.7960934,2937
XC441802,0 dB,0.0,0.963091,0.7891166000000001,2937
XC387892,0 dB,0.0,0.792969,0.683468,2937
XC138930,0 dB,0.0,0.122667,0.0,2937
XC15687,0 dB,0.0,0.951353,0.8940222,2937
XC261510,0 dB,0.0,0.966676,0.9197624,2937
XC55535,0 dB,0.0,0.914343,0.8124102000000001,2937
XC238214,0 dB,0.0,0.944632,0.7896478,2937
XC217696,0 dB,0.0,0.951976,0.8798916,2937
XC498506,0 dB,0.0,0.966808,0.9136736000000001,2937
XC102708,0 dB,0.0,0.922939,0.8860072000000001,2937
XC935058,0 dB,0.0,0.958583,0.9427364,2937
XC273513,0 dB,0.0,0.963068,0.9595564,2937
XC44074,0 dB,0.0,0.89931,0.846612,2937
XC324374,0 dB,0.0,0.958557,0.054751400000000006,2937
XC955637,0 dB,0.0,0.957475,0.9637002000000001,2937
XC257242,0 dB,0.0,0.924715,0.8928084000000001,2937
XC862962,0 dB,0.0,0.146104,0.0,2937
XC17471,0 dB,0.0,0.955303,0.8851774000000001,2937
XC392044,0 dB,0.0,0.943006,0.7984684,2937
XC955636,0 dB,0.0,0.948957,0.9336705999999999,2937
XC354202,0 dB,0.0,0.944389,0.9703956,2937
XC633783,0 dB,0.0,0.623414,0.4760522,2937
XC273498,0 dB,0.0,0.949715,0.863135,2937
XC65407,0 dB,0.0,0.884757,0.021517,2937
XC151451,0 dB,0.0,0.213456,0.032226,2937
XC424382,0 dB,0.0,0.956632,0.8318595999999999,2937
XC231246,0 dB,0.0,0.653683,0.39352519999999996,2937
XC488706,0 dB,0.0,0.88248,0.3567798,2937
XC412497,0 dB,0.0,0.948498,0.9001186000000001,2937
XC474901,0 dB,0.0,0.205299,0.0,2937
XC14762,0 dB,0.0,0.927126,0.2290508,2937
XC1086381,0 dB,0.0,0.886897,0.7149122,2937
XC698534,0 dB,0.0,0.951937,0.6637384,2937
XC493928,0 dB,0.0,0.881536,0.3182682,2937
XC221889,0 dB,0.0,0.955912,0.9516648,2937
XC871979,0 dB,0.0,0.438546,0.43027679999999996,2937
XC1183120,0 dB,0.0,0.919984,0.8686695999999999,2937
XC427268,0 dB,0.0,0.945185,0.9258596000000001,2937
XC278336,0 dB,0.0,0.318817,0.5029914,2937
XC456424,0 dB,0.0,0.917123,0.8035591999999999,2937
XC221823,0 dB,0.0,0.912146,0.8085594,2937
XC221819,0 dB,0.0,0.541774,0.0,2937
XC482184,0 dB,0.0,0.870927,0.47390499999999997,2937
XC1140033,0 dB,0.0,0.962315,0.8777272,2937
XC119754,0 dB,0.0,0.94315,0.9529631999999999,2937
XC1183710,0 dB,0.0,0.762077,0.8145322,2937
XC1071354,0 dB,0.0,0.913183,0.8774278000000001,2937
XC209067,0 dB,0.0,0.694472,0.187511,2937
XC395953,0 dB,0.0,0.943995,0.6962234,2937
XC821655,0 dB,0.0,0.930701,0.9218755999999999,2937
XC51086,0 dB,0.0,0.91932,0.911313,2937
XC817213,0 dB,0.0,0.638012,0.0408648,2937
XC514469,0 dB,0.0,0.944427,0.8121689999999999,2937
XC9841,0 dB,0.0,0.879844,0.8924483999999999,2937
XC517124,0 dB,0.0,0.961828,0.9404022,2937
XC982173,0 dB,0.0,0.937751,0.9200666,2937
XC107758,0 dB,0.0,0.983693,0.9480594,2937
XC131496,0 dB,0.0,0.81171,0.30473659999999997,2937
XC248415,0 dB,0.0,0.811545,0.5330906000000001,2937
XC98243,0 dB,0.0,0.9716,0.9641054,2937
XC516642,0 dB,0.0,0.986193,0.95595,2937
XC517207,0 dB,0.0,0.995766,0.9889992,2937
XC154455,0 dB,0.0,0.923089,0.6520166,2937
XC789276,0 dB,0.0,0.928808,0.8873038,2937
XC85035,0 dB,0.0,0.904354,0.4157724,2937
XC735433,0 dB,0.0,0.961353,0.9459289999999999,2937
XC94148,0 dB,0.0,0.127418,0.0,2937
XC87826,0 dB,0.0,0.212629,0.0,2937
XC441799,0 dB,0.0,0.911705,0.8912278,2937
XC755231,0 dB,0.0,0.499841,0.0,2937
XC909281,0 dB,0.0,0.906398,0.8520604,2937
XC117477,0 dB,0.0,0.935149,0.8932412,2937
XC422786,0 dB,0.0,0.683521,0.0,2937
XC835840,0 dB,0.0,0.829975,0.7554331999999999,2937
XC356321,0 dB,0.0,0.197177,0.0,2937
XC1050464,0 dB,0.0,0.823583,0.8486724000000001,2937
XC272385,0 dB,0.0,0.890658,0.264451,2937
XC231229,0 dB,0.0,0.883668,0.7334934,2937
XC1154894,0 dB,0.0,0.940123,0.9318146,2937
XC952953,0 dB,0.0,0.388651,0.104129,2937
XC1139472,0 dB,0.0,0.934656,0.9129248000000001,2937
XC965436,0 dB,0.0,0.921889,0.29226,2937
XC287483,0 dB,0.0,0.895424,0.6666514,2937
XC1148602,0 dB,0.0,0.885614,0.6069570000000001,2937
XC755087,0 dB,0.0,0.890498,0.8466982,2937
XC348749,0 dB,0.0,0.440264,0.5012464000000001,2937
XC1139335,0 dB,0.0,0.941253,0.8953706,2937
XC906802,0 dB,0.0,0.868116,0.8221524,2937
XC514427,0 dB,0.0,0.994874,0.9650884,2937
XC221884,0 dB,0.0,0.939821,0.9527234,2937
XC328485,0 dB,0.0,0.867276,0.41896180000000005,2937
XC947013,0 dB,0.0,0.983978,0.9736146,2937
XC1045020,0 dB,0.0,0.820034,0.8372336,2937
XC272432,0 dB,0.0,0.926324,0.8171158000000001,2937
XC816988,0 dB,0.0,0.383442,0.0836354,2937
XC401416,0 dB,0.0,0.97609,0.9465272,2937
XC687030,0 dB,0.0,0.125029,0.0,2937
XC69225,0 dB,0.0,0.803632,0.34237320000000004,2937
XC514445,0 dB,0.0,0.572583,0.31776400000000005,2937
XC119918,0 dB,0.0,0.863915,0.8471204,2937
XC1044074,0 dB,0.0,0.946627,0.9089596,2937
XC526191,0 dB,0.0,0.951054,0.7690140000000001,2937
XC176340,0 dB,0.0,0.852768,0.5193306,2937
XC591392,0 dB,0.0,0.714615,0.6943678,2937
XC482161,0 dB,0.0,0.189195,0.21738300000000002,2937
XC143840,0 dB,0.0,0.972385,0.8938074,2937
XC272431,0 dB,0.0,0.947531,0.6878484,2937
XC4928,0 dB,0.0,0.925794,0.8058250000000001,2937
XC556640,0 dB,0.0,0.917597,0.5928856,2937
XC119753,0 dB,0.0,0.939668,0.868445,2937
XC63326,0 dB,0.0,0.937032,0.8708779999999999,2937
XC517346,0 dB,0.0,0.988623,0.6122098,2937
XC22499,0 dB,0.0,0.743858,0.0,2937
XC84830,0 dB,0.0,0.956303,0.31383140000000004,2937
XC536532,0 dB,0.0,0.877189,0.5477876,2937
XC686892,0 dB,0.0,0.950728,0.8783578000000001,2937
XC614721,0 dB,0.0,0.497506,0.3986586,2937
XC469140,0 dB,0.0,0.972249,0.9093408000000001,2937
XC231257,0 dB,0.0,0.780272,0.8136578,2937
XC834116,0 dB,0.0,0.208521,0.0,2937
XC557624,0 dB,0.0,0.848351,0.3832932,2937
XC342395,0 dB,0.0,0.927547,0.8037114000000001,2937
XC1152548,0 dB,0.0,0.84203,0.6532698,2937
XC371202,0 dB,0.0,0.703977,0.0,2937
XC845939,0 dB,0.0,0.123583,0.0,2937
XC1003005,0 dB,0.0,0.976654,0.9122078,2937
XC282307,0 dB,0.0,0.963249,0.9273158,2937
XC92766,0 dB,0.0,0.927759,0.7738048,2937
XC221888,0 dB,0.0,0.960359,0.9404185999999999,2937
XC712644,0 dB,0.0,0.984766,0.9789350000000001,2937
XC84099,0 dB,0.0,0.846008,0.5387886,2937
XC958222,0 dB,0.0,0.644931,0.0416486,2937
XC928650,0 dB,0.0,0.893114,0.8754804,2937
XC1177099,0 dB,0.0,0.810119,0.4167268,2937
XC1148572,0 dB,0.0,0.885614,0.6277134,2937
XC701270,0 dB,0.0,0.122001,0.0,2937
XC391377,0 dB,0.0,0.94062,0.7157454,2937
XC965403,0 dB,0.0,0.947027,0.6017197999999999,2937
XC517268,0 dB,0.0,0.970977,0.8023163999999999,2937
XC213013,0 dB,0.0,0.899183,0.8669632,2937
XC973631,0 dB,0.0,0.959938,0.9082066000000001,2937
XC538980,0 dB,0.0,0.786178,0.8425803999999999,2937
XC767477,0 dB,0.0,0.831636,0.7808086000000001,2937
XC41669,0 dB,0.0,0.429818,0.1423902,2937
XC245531,0 dB,0.0,0.95997,0.9372778,2937
XC984336,0 dB,0.0,0.932371,0.9516514,2937
XC1175234,0 dB,0.0,0.138143,0.0913418,2937
XC917448,0 dB,0.0,0.832961,0.6496996,2937
XC504867,0 dB,0.0,0.78847,0.0,2937
XC279384,0 dB,0.0,0.479092,0.35468500000000003,2937
XC90249,0 dB,0.0,0.198281,0.0,2937
XC812155,0 dB,0.0,0.94078,0.0,2937
XC469821,0 dB,0.0,0.930713,0.9593598,2937
XC154943,0 dB,0.0,0.883907,0.8877096,2937
XC163930,0 dB,0.0,0.649628,0.48382319999999995,2937
XC490758,0 dB,0.0,0.757959,0.8154604000000001,2937
XC1022373,0 dB,0.0,0.96747,0.9585716,2937
XC430095,0 dB,0.0,0.97161,0.8976588,2937
XC533161,0 dB,0.0,0.982783,0.9456732000000001,2937
XC282032,0 dB,0.0,0.877878,0.7088558,2937
XC490293,0 dB,0.0,0.978479,0.8725178,2937
XC761130,0 dB,0.0,0.951029,0.47902300000000003,2937
XC955233,0 dB,0.0,0.930579,0.8226564,2937
XC702518,0 dB,0.0,0.88354,0.7392938,2937
XC603629,0 dB,0.0,0.86386,0.631342,2937
XC558634,0 dB,0.0,0.883588,0.3383184,2937
XC833574,0 dB,0.0,0.184512,0.0,2937
XC420398,0 dB,0.0,0.905719,0.6871387999999999,2937
XC27975,0 dB,0.0,0.985678,0.4568278,2937
XC762416,0 dB,0.0,0.102269,0.0,2937
XC818009,0 dB,0.0,0.976418,0.8761364,2937
XC1050283,0 dB,0.0,0.839031,0.4959562,2937
XC449327,0 dB,0.0,0.123884,0.0485132,2937
XC659681,0 dB,0.0,0.960899,0.9400824,2937
XC236333,0 dB,0.0,0.966219,0.9302303999999999,2937
XC703161,0 dB,0.0,0.972008,0.8918558000000001,2937
XC925207,0 dB,0.0,0.10175,0.07034660000000001,2937
XC551209,0 dB,0.0,0.481609,0.5624102000000001,2937
XC376971,0 dB,0.0,0.960187,0.9367594,2937
XC794809,0 dB,0.0,0.940513,0.8729397999999999,2937
XC66065,0 dB,0.0,0.923718,0.8656003999999999,2937
XC51363,0 dB,0.0,0.927642,0.8849458,2937
XC190782,0 dB,0.0,0.201111,0.0,2937
XC160185,0 dB,0.0,0.972128,0.7362534000000001,2937
XC692916,0 dB,0.0,0.966495,0.0,2937
XC715257,0 dB,0.0,0.835332,0.0,2937
XC983661,0 dB,0.0,0.901491,0.8878220000000001,2937
XC542734,0 dB,0.0,0.899199,0.0,2937
XC16680,0 dB,0.0,0.690701,0.6734554,2937
XC897709,0 dB,0.0,0.87178,0.8422088000000001,2937
XC498927,0 dB,0.0,0.504711,0.025702399999999997,2937
XC352950,0 dB,0.0,0.90091,0.8849617999999999,2937
XC441695,0 dB,0.0,0.956548,0.905356,2937
XC571970,0 dB,0.0,0.972721,0.9521514,2937
XC174582,0 dB,0.0,0.70042,0.6992176000000001,2937
XC237923,0 dB,0.0,0.491938,0.49059780000000003,2937
XC585614,0 dB,0.0,0.979903,0.9332461999999999,2937
XC437274,0 dB,0.0,0.973214,0.759781,2937
XC333854,0 dB,0.0,0.961048,0.9487400000000001,2937
XC880219,0 dB,0.0,0.563825,0.07462680000000001,2937
XC627023,0 dB,0.0,0.381586,0.4406312,2937
XC482096,0 dB,0.0,0.675901,0.7547224,2937
XC1090752,0 dB,0.0,0.973288,0.0,2937
XC433619,0 dB,0.0,0.980481,0.9343274000000001,2937
XC238769,0 dB,0.0,0.957853,0.9392188000000001,2937
XC216153,0 dB,0.0,0.965246,0.8130758,2937
XC637434,0 dB,0.0,0.966803,0.9186342,2937
XC1150946,0 dB,0.0,0.959932,0.7638578,2937
XC927796,0 dB,0.0,0.935611,0.9575759999999999,2937
XC603346,0 dB,0.0,0.888621,0.7965858,2937
XC935490,0 dB,0.0,0.919407,0.8415814000000001,2937
XC919070,0 dB,0.0,0.96747,0.8608461999999999,2937
XC709974,0 dB,0.0,0.934628,0.8961537999999999,2937
XC393807,0 dB,0.0,0.674772,0.72423,2937
XC547138,0 dB,0.0,0.922555,0.9216746,2937
XC720796,0 dB,0.0,0.943887,0.922125,2937
XC1065705,0 dB,0.0,0.894633,0.34884079999999995,2937
XC804803,0 dB,0.0,0.428788,0.16069119999999998,2937
XC164104,0 dB,0.0,0.901521,0.8533162000000001,2937
XC687791,0 dB,0.0,0.921405,0.912333,2937
XC900272,0 dB,0.0,0.980271,0.9476156,2937
XC847148,0 dB,0.0,0.913637,0.9230091999999999,2937
XC808615,0 dB,0.0,0.948905,0.0,2937
XC816269,0 dB,0.0,0.969209,0.9527810000000001,2937
XC585536,0 dB,0.0,0.721815,0.7927156,2937
XC387118,0 dB,0.0,0.940904,0.8864946,2937
XC266736,0 dB,0.0,0.959779,0.9103246,2937
XC862711,0 dB,0.0,0.294506,0.2703742,2937
XC319234,0 dB,0.0,0.785824,0.4928564,2937
XC747476,0 dB,0.0,0.866857,0.8658982,2937
XC946633,0 dB,0.0,0.864568,0.9049042,2937
XC96532,0 dB,0.0,0.964849,0.9439242,2937
XC993657,0 dB,0.0,0.834866,0.7428062,2937
XC254120,0 dB,0.0,0.961837,0.9336591999999999,2937
XC958827,0 dB,0.0,0.946179,0.13001040000000003,2937
XC138789,0 dB,0.0,0.919208,0.9057798,2937
XC895115,0 dB,0.0,0.824468,0.3047418,2937
XC416702,0 dB,0.0,0.967501,0.9561401999999999,2937
XC881430,0 dB,0.0,0.931935,0.9416588000000001,2937
XC86404,0 dB,0.0,0.775527,0.0536426,2937
XC640190,0 dB,0.0,0.546191,0.2938974,2937
XC544314,0 dB,0.0,0.956962,0.8739262,2937
XC817420,0 dB,0.0,0.92322,0.4344056,2937
XC186102,0 dB,0.0,0.922676,0.8063922,2937
XC814143,0 dB,0.0,0.94553,0.9126632000000001,2937
XC757075,0 dB,0.0,0.598988,0.0,2937
XC724313,0 dB,0.0,0.983262,0.9871472000000001,2937
XC710866,0 dB,0.0,0.961306,0.9420008000000001,2937
XC307123,0 dB,0.0,0.904922,0.7784998,2937
XC495462,0 dB,0.0,0.962317,0.8535916,2937
XC442988,0 dB,0.0,0.951163,0.7371282,2937
XC54251,0 dB,0.0,0.53766,0.0,2937
XC480059,0 dB,0.0,0.958392,0.9446272,2937
XC532294,0 dB,0.0,0.763253,0.6372524,2937
XC1001205,0 dB,0.0,0.765956,0.6428866,2937
XC843135,0 dB,0.0,0.964466,0.9616084,2937
XC1180487,0 dB,0.0,0.899942,0.9074061999999999,2937
XC1135889,0 dB,0.0,0.952075,0.9316996,2937
XC549979,0 dB,0.0,0.954791,0.941259,2937
XC178529,0 dB,0.0,0.935735,0.8016868,2937
XC864130,0 dB,0.0,0.868628,0.914885,2937
XC829903,0 dB,0.0,0.926304,0.7175398,2937
XC330572,0 dB,0.0,0.960441,0.48872140000000003,2937
XC1176267,0 dB,0.0,0.987965,0.985187,2937
XC27091,0 dB,0.0,0.979756,0.9791105999999999,2937
XC40140,0 dB,0.0,0.599019,0.19606759999999998,2937
XC233039,0 dB,0.0,0.964314,0.94635,2937
XC507180,0 dB,0.0,0.952988,0.8966384,2937
XC58707,0 dB,0.0,0.960995,0.9182832,2937
XC827140,0 dB,0.0,0.861568,0.8315492000000001,2937
XC416923,0 dB,0.0,0.962047,0.8823698,2937
XC1087301,0 dB,0.0,0.951339,0.8772460000000001,2937
XC712320,0 dB,0.0,0.860232,0.8507756000000001,2937
XC368447,0 dB,0.0,0.960181,0.9354604,2937
XC1163554,0 dB,0.0,0.671025,0.8296355999999999,2937
XC161888,0 dB,0.0,0.915881,0.8755572,2937
XC722485,0 dB,0.0,0.918839,0.7914648,2937
XC630605,0 dB,0.0,0.95238,0.0,2937
XC126403,0 dB,0.0,0.966353,0.9298616,2937
XC607494,0 dB,0.0,0.941351,0.8662148000000001,2937
XC547426,0 dB,0.0,0.340662,0.2472646,2937
XC72727,0 dB,0.0,0.97281,0.066383,2937
XC608718,0 dB,0.0,0.911513,0.0,2937
XC1011624,0 dB,0.0,0.943195,0.847002,2937
XC139835,0 dB,0.0,0.136657,0.620524,2937
XC421360,0 dB,0.0,0.770711,0.724315,2937
XC492561,0 dB,0.0,0.960829,0.9576832,2937
XC938778,0 dB,0.0,0.783824,0.6048772,2937
XC632068,0 dB,0.0,0.966223,0.0,2937
XC35236,0 dB,0.0,0.118828,0.0,2937
XC1049856,0 dB,0.0,0.950807,0.9668822,2937
XC991353,0 dB,0.0,0.471723,0.0,2937
XC521196,0 dB,0.0,0.964634,0.5744928,2937
XC594445,0 dB,0.0,0.624743,0.6147606,2937
XC668732,0 dB,0.0,0.417321,0.2338124,2937
XC604692,0 dB,0.0,0.968353,0.9520956,2937
XC126289,0 dB,0.0,0.863094,0.4914344,2937
XC982035,0 dB,0.0,0.901792,0.9296998000000001,2937
XC606202,0 dB,0.0,0.940269,0.5786089999999999,2937
XC991990,0 dB,0.0,0.908226,0.84751,2937
XC395769,0 dB,0.0,0.786923,0.26859500000000003,2937
XC348022,0 dB,0.0,0.96331,0.9576347999999999,2937
XC458926,0 dB,0.0,0.953898,0.7318328000000001,2937
XC24934,0 dB,0.0,0.95463,0.7567826,2937
XC147651,0 dB,0.0,0.919238,0.8893506,2937
XC1083085,0 dB,0.0,0.832153,0.8400234,2937
XC799489,0 dB,0.0,0.955244,0.9353887999999999,2937
XC517012,0 dB,0.0,0.951382,0.9048202,2937
XC998780,0 dB,0.0,0.968062,0.9436128,2937
XC234612,0 dB,0.0,0.974638,0.9805156,2937
XC871704,0 dB,0.0,0.945303,0.9346086,2937
XC650591,0 dB,0.0,0.1681,0.0,2937
XC288411,0 dB,0.0,0.893793,0.8903786,2937
XC701838,0 dB,0.0,0.901601,0.7848772,2937
XC152240,0 dB,0.0,0.84859,0.796771,2937
XC16332,0 dB,0.0,0.904538,0.6939276,2937
XC813660,0 dB,0.0,0.988562,0.9359826,2937
XC151807,0 dB,0.0,0.445331,0.1248482,2937
XC407889,0 dB,0.0,0.930524,0.9204026000000001,2937
XC136045,0 dB,0.0,0.983876,0.9659679999999999,2937
XC1058305,0 dB,0.0,0.727585,0.43042559999999996,2937
XC883734,0 dB,0.0,0.419303,0.0,2937
XC570910,0 dB,0.0,0.832766,0.8016378,2937
XC1140305,0 dB,0.0,0.966476,0.8959518,2937
XC1068115,0 dB,0.0,0.522404,0.0542856,2937
XC927579,0 dB,0.0,0.937626,0.95052,2937
XC702509,0 dB,0.0,0.89704,0.8916536,2937
XC564146,0 dB,0.0,0.962737,0.0,2937
XC238441,0 dB,0.0,0.931105,0.6372042,2937
XC177146,0 dB,0.0,0.967428,0.905867,2937
XC64022,0 dB,0.0,0.783611,0.4389226,2937
XC482545,0 dB,0.0,0.939149,0.8529736,2937
XC620243,0 dB,0.0,0.872009,0.4659318,2937
XC1043757,0 dB,0.0,0.971667,0.9621848,2937
XC252846,0 dB,0.0,0.922482,0.9132248000000001,2937
XC353721,0 dB,0.0,0.97393,0.8056442,2937
XC232558,0 dB,0.0,0.946507,0.9184225999999999,2937
XC192990,0 dB,0.0,0.909232,0.6233972,2937
XC182848,0 dB,0.0,0.898726,0.8330147999999999,2937
XC844118,0 dB,0.0,0.554758,0.7147622,2937
XC160497,0 dB,0.0,0.895213,0.6547778,2937
XC1038622,0 dB,0.0,0.957807,0.41307299999999997,2937
XC684192,0 dB,0.0,0.936282,0.5124603999999999,2937
XC713423,0 dB,0.0,0.38931,0.043064200000000004,2937
XC48806,0 dB,0.0,0.774451,0.43389799999999995,2937
XC1053479,0 dB,0.0,0.204305,0.08994880000000001,2937
XC833314,0 dB,0.0,0.950159,0.954771,2937
XC256795,0 dB,0.0,0.96151,0.9615456,2937
XC506656,0 dB,0.0,0.948265,0.0,2937
XC709620,0 dB,0.0,0.922921,0.9160194,2937
XC307546,0 dB,0.0,0.915525,0.581452,2937
XC448104,0 dB,0.0,0.964835,0.884249,2937
XC689680,0 dB,0.0,0.791986,0.7952809999999999,2937
XC605194,0 dB,0.0,0.961979,0.8982296,2937
XC341898,0 dB,0.0,0.381843,0.20427999999999996,2937
XC709197,0 dB,0.0,0.867196,0.8854483999999999,2937
XC545747,0 dB,0.0,0.168847,0.0,2937
XC1067263,0 dB,0.0,0.916949,0.9400068000000001,2937
XC712200,0 dB,0.0,0.759481,0.1439614,2937
XC218954,0 dB,0.0,0.949845,0.8333196,2937
XC954941,0 dB,0.0,0.877035,0.8351141999999999,2937
XC289508,0 dB,0.0,0.895491,0.820815,2937
XC683817,0 dB,0.0,0.888287,0.8380424,2937
XC560150,0 dB,0.0,0.913721,0.9235726,2937
XC94550,0 dB,0.0,0.879155,0.8464304,2937
XC564102,0 dB,0.0,0.940057,0.9525083999999999,2937
XC1104503,0 dB,0.0,0.96932,0.954073,2937
XC302477,0 dB,0.0,0.787326,0.5414861999999999,2937
XC160910,0 dB,0.0,0.768564,0.0,2937
XC482212,0 dB,0.0,0.848809,0.7608694,2937
XC1084353,0 dB,0.0,0.720748,0.551984,2937
XC939767,0 dB,0.0,0.92705,0.0,2937
XC404238,0 dB,0.0,0.866678,0.8033992,2937
XC369709,0 dB,0.0,0.931392,0.47390679999999996,2937
XC774089,0 dB,0.0,0.955016,0.0,2937
XC753541,0 dB,0.0,0.959828,0.954332,2937
XC372776,0 dB,0.0,0.938689,0.9335608000000001,2937
XC1018054,0 dB,0.0,0.947972,0.882172,2937
XC1018293,0 dB,0.0,0.915038,0.9255912000000001,2937
XC326220,0 dB,0.0,0.920917,0.9278752000000001,2937
XC35662,0 dB,0.0,0.946865,0.4836932,2937
XC38968,0 dB,0.0,0.924163,0.8938564,2937
XC479015,0 dB,0.0,0.745472,0.6345618,2937
XC955638,0 dB,0.0,0.974142,0.9603242,2937
XC1139202,0 dB,0.0,0.943343,0.0,2937
XC40892,0 dB,0.0,0.795072,0.5930446,2937
XC854708,0 dB,0.0,0.879666,0.4909858,2937
XC700330,0 dB,0.0,0.972996,0.7517014,2937
XC409395,0 dB,0.0,0.841043,0.1794246,2937
XC426624,0 dB,0.0,0.931897,0.9350609999999999,2937
XC360300,0 dB,0.0,0.921089,0.779534,2937
XC1066178,0 dB,0.0,0.88842,0.6819189999999999,2937
XC260508,0 dB,0.0,0.743415,0.0,2937
XC981172,0 dB,0.0,0.543284,0.1194582,2937
XC226752,0 dB,0.0,0.798641,0.7389266,2937
XC990816,0 dB,0.0,0.944619,0.9156158,2937
XC238205,0 dB,0.0,0.834553,0.7154858,2937
XC815251,0 dB,0.0,0.983418,0.9697051999999999,2937
XC933671,0 dB,0.0,0.942234,0.9118923999999999,2937
XC542031,10 dB,10.0,0.748806,0.41020699999999993,2937
XC717038,10 dB,10.0,0.987573,0.8064237999999999,2937
XC251447,10 dB,10.0,0.969183,0.9176672,2937
XC193611,10 dB,10.0,0.946015,0.8985932,2937
XC165403,10 dB,10.0,0.840401,0.38423039999999997,2937
XC90213,10 dB,10.0,0.919224,0.7931254,2937
XC497903,10 dB,10.0,0.32962,0.259098,2937
XC682585,10 dB,10.0,0.308264,0.024479,2937
XC153465,10 dB,10.0,0.889957,0.8449018,2937
XC3514,10 dB,10.0,0.957722,0.9309381999999999,2937
XC449938,10 dB,10.0,0.961031,0.9724320000000001,2937
XC990257,10 dB,10.0,0.939484,0.901186,2937
XC262136,10 dB,10.0,0.958439,0.8900929999999999,2937
XC424555,10 dB,10.0,0.831408,0.7657578,2937
XC694774,10 dB,10.0,0.843946,0.8787765999999999,2937
XC266398,10 dB,10.0,0.941273,0.6955928,2937
XC282475,10 dB,10.0,0.779631,0.0,2937
XC90898,10 dB,10.0,0.640307,0.5059344,2937
XC539753,10 dB,10.0,0.961329,0.928992,2937
XC439088,10 dB,10.0,0.915558,0.9238372,2937
XC741461,10 dB,10.0,0.696367,0.475357,2937
XC269402,10 dB,10.0,0.975879,0.6574945999999999,2937
XC676028,10 dB,10.0,0.29048,0.1742592,2937
XC290827,10 dB,10.0,0.898791,0.3212746,2937
XC286048,10 dB,10.0,0.870418,0.4297542,2937
XC242995,10 dB,10.0,0.936658,0.9167332,2937
XC197700,10 dB,10.0,0.980793,0.92386,2937
XC276046,10 dB,10.0,0.958609,0.9487508,2937
XC730873,10 dB,10.0,0.932704,0.47304959999999996,2937
XC417506,10 dB,10.0,0.336344,0.1790826,2937
XC162647,10 dB,10.0,0.561829,0.33573580000000003,2937
XC731561,10 dB,10.0,0.962278,0.9832086,2937
XC666766,10 dB,10.0,0.945582,0.9316368,2937
XC701724,10 dB,10.0,0.418166,0.3245928,2937
XC183937,10 dB,10.0,0.604472,0.3918718,2937
XC736674,10 dB,10.0,0.575466,0.42668239999999996,2937
XC12598,10 dB,10.0,0.800506,0.862004,2937
XC235763,10 dB,10.0,0.95246,0.9284140000000001,2937
XC525016,10 dB,10.0,0.806854,0.7485836,2937
XC158132,10 dB,10.0,0.872114,0.5645100000000001,2937
XC8565,10 dB,10.0,0.96136,0.8410768000000001,2937
XC108542,10 dB,10.0,0.907893,0.2165178,2937
XC731493,10 dB,10.0,0.974966,0.9549514,2937
XC614881,10 dB,10.0,0.911326,0.7698024,2937
XC228513,10 dB,10.0,0.833949,0.8863424,2937
XC633647,10 dB,10.0,0.874187,0.8637523999999999,2937
XC717024,10 dB,10.0,0.990225,0.9683032,2937
XC658138,10 dB,10.0,0.548326,0.5425062,2937
XC732280,10 dB,10.0,0.851586,0.7938886,2937
XC486154,10 dB,10.0,0.957303,0.9385494,2937
XC268493,10 dB,10.0,0.1174,0.0,2937
XC688133,10 dB,10.0,0.699202,0.4893278,2937
XC718295,10 dB,10.0,0.987347,0.9763504000000001,2937
XC753982,10 dB,10.0,0.62195,0.22232600000000002,2937
XC731499,10 dB,10.0,0.94102,0.9346304,2937
XC223693,10 dB,10.0,0.97893,0.9590496,2937
XC410185,10 dB,10.0,0.945921,0.837556,2937
XC731558,10 dB,10.0,0.969703,0.8338635999999999,2937
XC400280,10 dB,10.0,0.746822,0.3685362,2937
XC674130,10 dB,10.0,0.91645,0.6462584,2937
XC382526,10 dB,10.0,0.812956,0.8793903999999999,2937
XC183493,10 dB,10.0,0.939848,0.8409742,2937
XC189826,10 dB,10.0,0.965184,0.9402504,2937
XC740662,10 dB,10.0,0.101652,0.0,2937
XC409718,10 dB,10.0,0.910189,0.895298,2937
XC694808,10 dB,10.0,0.759381,0.5804682,2937
XC360002,10 dB,10.0,0.995623,0.8638733999999999,2937
XC674749,10 dB,10.0,0.730305,0.703487,2937
XC578931,10 dB,10.0,0.772837,0.7227631999999999,2937
XC714960,10 dB,10.0,0.677227,0.6436392,2937
XC265618,10 dB,10.0,0.897378,0.5906832,2937
XC229218,10 dB,10.0,0.937253,0.9581251999999999,2937
XC511967,10 dB,10.0,0.802974,0.7863134,2937
XC229222,10 dB,10.0,0.988451,0.9801114,2937
XC17548,10 dB,10.0,0.942661,0.9370158,2937
XC773037,10 dB,10.0,0.10336,0.039295000000000004,2937
XC235762,10 dB,10.0,0.282444,0.1781806,2937
XC244192,10 dB,10.0,0.824029,0.6353342,2937
XC731587,10 dB,10.0,0.984625,0.9326498000000001,2937
XC676217,10 dB,10.0,0.954201,0.8470748,2937
XC429908,10 dB,10.0,0.870766,0.81212,2937
XC718293,10 dB,10.0,0.968829,0.9618328,2937
XC736633,10 dB,10.0,0.906567,0.8261378,2937
XC19024,10 dB,10.0,0.951792,0.5761377999999999,2937
XC415875,10 dB,10.0,0.721994,0.628823,2937
XC567311,10 dB,10.0,0.920661,0.8414398000000001,2937
XC731590,10 dB,10.0,0.982773,0.9696961999999999,2937
XC32383,10 dB,10.0,0.922962,0.8922988000000001,2937
XC773753,10 dB,10.0,0.839633,0.679014,2937
XC223701,10 dB,10.0,0.932119,0.808556,2937
XC718291,10 dB,10.0,0.988451,0.9603529999999999,2937
XC718292,10 dB,10.0,0.988451,0.9594484,2937
XC149604,10 dB,10.0,0.900185,0.7978782,2937
XC718323,10 dB,10.0,0.994848,0.9805244,2937
XC736604,10 dB,10.0,0.992973,0.9574235999999999,2937
XC242993,10 dB,10.0,0.868318,0.8383179999999999,2937
XC36065,10 dB,10.0,0.716531,0.4814304,2937
XC296721,10 dB,10.0,0.892503,0.891532,2937
XC500320,10 dB,10.0,0.930578,0.7880172,2937
XC717284,10 dB,10.0,0.982787,0.8676596,2937
XC275047,10 dB,10.0,0.934169,0.8508578,2937
XC682184,10 dB,10.0,0.222711,0.1973056,2937
XC158693,10 dB,10.0,0.765714,0.6541932,2937
XC260813,10 dB,10.0,0.403828,0.3411046,2937
XC736667,10 dB,10.0,0.908242,0.8409738000000001,2937
XC732889,10 dB,10.0,0.361042,0.38419559999999997,2937
XC534791,10 dB,10.0,0.707699,0.4258292,2937
XC680802,10 dB,10.0,0.928912,0.8796756,2937
XC289593,10 dB,10.0,0.869918,0.6815688,2937
XC773176,10 dB,10.0,0.452691,0.48048900000000005,2937
XC736670,10 dB,10.0,0.950779,0.9289326000000001,2937
XC682188,10 dB,10.0,0.460177,0.41049620000000003,2937
XC663295,10 dB,10.0,0.702629,0.6868958000000001,2937
XC275048,10 dB,10.0,0.901795,0.741636,2937
XC166540,10 dB,10.0,0.949161,0.8346690000000001,2937
XC302616,10 dB,10.0,0.598899,0.20142160000000003,2937
XC190423,10 dB,10.0,0.931757,0.6850206,2937
XC731576,10 dB,10.0,0.976924,0.9755406000000001,2937
XC157561,10 dB,10.0,0.978771,0.9579093999999999,2937
XC223699,10 dB,10.0,0.889724,0.5625591999999999,2937
XC100367,10 dB,10.0,0.973404,0.959354,2937
XC729594,10 dB,10.0,0.967187,0.9055987999999999,2937
XC598388,10 dB,10.0,0.44902,0.0,2937
XC286132,10 dB,10.0,0.990933,0.959113,2937
XC259429,10 dB,10.0,0.850971,0.8270038,2937
XC112665,10 dB,10.0,0.52869,0.4447554,2937
XC712359,10 dB,10.0,0.940639,0.9448722,2937
XC425470,10 dB,10.0,0.828233,0.7055264,2937
XC614858,10 dB,10.0,0.967604,0.7712962,2937
XC736592,10 dB,10.0,0.968567,0.5496482,2937
XC470230,10 dB,10.0,0.802707,0.639121,2937
XC156108,10 dB,10.0,0.79858,0.7177408,2937
XC682186,10 dB,10.0,0.490935,0.25886960000000003,2937
XC508607,10 dB,10.0,0.911315,0.9096208000000001,2937
XC471112,10 dB,10.0,0.934841,0.9017146,2937
XC190315,10 dB,10.0,0.396828,0.2776126,2937
XC567309,10 dB,10.0,0.857315,0.7853983999999999,2937
XC166995,10 dB,10.0,0.104648,0.0,2937
XC229221,10 dB,10.0,0.956302,0.15186280000000002,2937
XC42250,10 dB,10.0,0.954448,0.9492148,2937
XC731582,10 dB,10.0,0.912715,0.7973502,2937
XC223697,10 dB,10.0,0.966086,0.4814994,2937
XC729581,10 dB,10.0,0.931808,0.8469580000000001,2937
XC731570,10 dB,10.0,0.932299,0.950409,2937
XC215864,10 dB,10.0,0.449914,0.2643408,2937
XC717481,10 dB,10.0,0.995948,0.9944523999999999,2937
XC326023,10 dB,10.0,0.95316,0.9354374,2937
XC249515,10 dB,10.0,0.964574,0.9486128,2937
XC688128,10 dB,10.0,0.736839,0.6441654,2937
XC153466,10 dB,10.0,0.960311,0.9427454000000001,2937
XC461846,10 dB,10.0,0.828185,0.7155196,2937
XC96395,10 dB,10.0,0.743766,0.21457199999999998,2937
XC101059,10 dB,10.0,0.950141,0.9466111999999999,2937
XC152732,10 dB,10.0,0.893182,0.8615668,2937
XC731550,10 dB,10.0,0.888277,0.6957726,2937
XC562165,10 dB,10.0,0.554556,0.1136968,2937
XC47463,10 dB,10.0,0.550333,0.4815214,2937
XC265617,10 dB,10.0,0.832497,0.3150064,2937
XC335300,10 dB,10.0,0.940537,0.9271063999999999,2937
XC423696,10 dB,10.0,0.774951,0.33516559999999995,2937
XC717020,10 dB,10.0,0.979493,0.9741624,2937
XC717025,10 dB,10.0,0.945649,0.9607022000000001,2937
XC388600,10 dB,10.0,0.916895,0.7780304,2937
XC229224,10 dB,10.0,0.947017,0.9313535999999999,2937
XC173092,10 dB,10.0,0.943683,0.9016895999999999,2937
XC156252,10 dB,10.0,0.680857,0.48905719999999997,2937
XC223695,10 dB,10.0,0.986856,0.9742362,2937
XC961873,10 dB,10.0,0.847438,0.5141514,2937
XC235765,10 dB,10.0,0.942459,0.9750786,2937
XC730027,10 dB,10.0,0.911009,0.8956386000000001,2937
XC360006,10 dB,10.0,0.855493,0.0,2937
XC80263,10 dB,10.0,0.870917,0.8954093999999999,2937
XC275576,10 dB,10.0,0.760767,0.7886364,2937
XC407518,10 dB,10.0,0.9124,0.8692574000000001,2937
XC736599,10 dB,10.0,0.992737,0.8895837999999999,2937
XC410400,10 dB,10.0,0.969176,0.9293198,2937
XC767450,10 dB,10.0,0.594492,0.3601648,2937
XC335317,10 dB,10.0,0.945797,0.8608180000000001,2937
XC688132,10 dB,10.0,0.310423,0.2811544,2937
XC197701,10 dB,10.0,0.959194,0.9042328,2937
XC433336,10 dB,10.0,0.945734,0.8908484,2937
XC616141,10 dB,10.0,0.934795,0.8340350000000001,2937
XC736603,10 dB,10.0,0.953259,0.9065084000000001,2937
XC186212,10 dB,10.0,0.974465,0.960666,2937
XC718300,10 dB,10.0,0.984877,0.8128198,2937
XC432539,10 dB,10.0,0.156913,0.1059812,2937
XC510184,10 dB,10.0,0.964108,0.8932612000000001,2937
XC302619,10 dB,10.0,0.456217,0.25353159999999997,2937
XC276432,10 dB,10.0,0.115415,0.0755454,2937
XC771829,10 dB,10.0,0.959401,0.958225,2937
XC754583,10 dB,10.0,0.707791,0.3836442,2937
XC6464,10 dB,10.0,0.755482,0.8101307999999999,2937
XC598391,10 dB,10.0,0.397643,0.32572199999999996,2937
XC175882,10 dB,10.0,0.908494,0.4923526,2937
XC576108,10 dB,10.0,0.592335,0.4952318,2937
XC266105,10 dB,10.0,0.835319,0.0,2937
XC177114,10 dB,10.0,0.936045,0.9918532000000001,2937
XC48483,10 dB,10.0,0.903539,0.7880174,2937
XC729269,10 dB,10.0,0.906778,0.23034879999999996,2937
XC215865,10 dB,10.0,0.556292,0.403536,2937
XC158394,10 dB,10.0,0.751066,0.7441024,2937
XC510186,10 dB,10.0,0.987192,0.9855612,2937
XC271103,10 dB,10.0,0.964346,0.9522584000000001,2937
XC35112,10 dB,10.0,0.972371,0.9558082000000001,2937
XC45119,10 dB,10.0,0.864639,0.854412,2937
XC101060,10 dB,10.0,0.975507,0.9599093999999999,2937
XC767027,10 dB,10.0,0.916752,0.8962390000000001,2937
XC86464,10 dB,10.0,0.867845,0.9221958000000001,2937
XC166727,10 dB,10.0,0.837462,0.8266017999999999,2937
XC296631,10 dB,10.0,0.88383,0.8616344,2937
XC29517,10 dB,10.0,0.907578,0.8898438000000001,2937
XC696404,10 dB,10.0,0.919407,0.8948902000000001,2937
XC47027,10 dB,10.0,0.399831,0.1125782,2937
XC441040,10 dB,10.0,0.812174,0.7895112,2937
XC694179,10 dB,10.0,0.955061,0.9228346000000001,2937
XC72398,10 dB,10.0,0.945573,0.9262642,2937
XC717466,10 dB,10.0,0.149853,0.359412,2937
XC22934,10 dB,10.0,0.933812,0.9657892,2937
XC106499,10 dB,10.0,0.887756,0.7049962,2937
XC317798,10 dB,10.0,0.804891,0.6982446,2937
XC408504,10 dB,10.0,0.95126,0.0,2937
XC614880,10 dB,10.0,0.951884,0.9160446,2937
XC573311,10 dB,10.0,0.587048,0.7146122,2937
XC731533,10 dB,10.0,0.972733,0.9246154000000001,2937
XC19517,10 dB,10.0,0.962782,0.6145379999999999,2937
XC645629,10 dB,10.0,0.864427,0.7762003999999999,2937
XC682180,10 dB,10.0,0.723934,0.48187060000000004,2937
XC500327,10 dB,10.0,0.979818,0.9530106,2937
XC503618,10 dB,10.0,0.984683,0.6443989999999999,2937
XC543045,10 dB,10.0,0.977239,0.888297,2937
XC654886,10 dB,10.0,0.721448,0.8570363999999999,2937
XC731553,10 dB,10.0,0.988135,0.9767744,2937
XC42245,10 dB,10.0,0.915308,0.914307,2937
XC736631,10 dB,10.0,0.985661,0.9840904,2937
XC736629,10 dB,10.0,0.993152,0.9613694,2937
XC102559,10 dB,10.0,0.88641,0.5170892,2937
XC728901,10 dB,10.0,0.214852,0.0,2937
XC730872,10 dB,10.0,0.4225,0.075518,2937
XC688126,10 dB,10.0,0.852044,0.7244178,2937
XC102682,10 dB,10.0,0.921932,0.8364162,2937
XC332678,10 dB,10.0,0.979328,0.988838,2937
XC11117,10 dB,10.0,0.941292,0.9513672,2937
XC320935,10 dB,10.0,0.579031,0.19785439999999999,2937
XC223698,10 dB,10.0,0.74638,0.319552,2937
XC676029,10 dB,10.0,0.231999,0.1439114,2937
XC736586,10 dB,10.0,0.834868,0.7308790000000001,2937
XC703838,10 dB,10.0,0.843787,0.8643776000000001,2937
XC716835,10 dB,10.0,0.791763,0.45629580000000003,2937
XC5918,10 dB,10.0,0.535077,0.4577748,2937
XC664422,10 dB,10.0,0.948893,0.8384784,2937
XC276832,10 dB,10.0,0.290456,0.0,2937
XC102371,10 dB,10.0,0.564928,0.6316392000000001,2937
XC264621,10 dB,10.0,0.824991,0.8027652,2937
XC202780,10 dB,10.0,0.986485,0.9569238,2937
XC729595,10 dB,10.0,0.873293,0.9356572,2937
XC312994,10 dB,10.0,0.984996,0.9848678,2937
XC734232,10 dB,10.0,0.955521,0.9167582,2937
XC102620,10 dB,10.0,0.922718,0.838378,2937
XC234286,10 dB,10.0,0.776695,0.07838300000000001,2937
XC767031,10 dB,10.0,0.916752,0.902177,2937
XC719745,10 dB,10.0,0.473742,0.19431179999999998,2937
XC98040,10 dB,10.0,0.807297,0.8006895999999999,2937
XC731547,10 dB,10.0,0.951225,0.9745336,2937
XC606787,10 dB,10.0,0.608662,0.5342284,2937
XC621497,10 dB,10.0,0.155932,0.1259572,2937
XC718312,10 dB,10.0,0.97735,0.9820114,2937
XC121784,10 dB,10.0,0.91878,0.8283216,2937
XC28335,10 dB,10.0,0.868106,0.8381542,2937
XC767424,10 dB,10.0,0.500557,0.0,2937
XC718325,10 dB,10.0,0.995509,0.9896054,2937
XC676027,10 dB,10.0,0.269185,0.22668,2937
XC734199,10 dB,10.0,0.17708,0.20075059999999997,2937
XC741170,10 dB,10.0,0.253746,0.235399,2937
XC579290,10 dB,10.0,0.595566,0.4653404,2937
XC2652,10 dB,10.0,0.288404,0.05786659999999999,2937
XC328132,10 dB,10.0,0.971152,0.9484726,2937
XC202061,10 dB,10.0,0.934816,0.9040128,2937
XC717021,10 dB,10.0,0.991596,0.9877882,2937
XC717218,10 dB,10.0,0.970521,0.952831,2937
XC717249,10 dB,10.0,0.9199,0.8563762,2937
XC754581,10 dB,10.0,0.722601,0.335873,2937
XC717026,10 dB,10.0,0.991246,0.9615226,2937
XC60123,10 dB,10.0,0.973369,0.9092374,2937
XC36282,10 dB,10.0,0.85653,0.7947056,2937
XC775447,10 dB,10.0,0.828688,0.7326488,2937
XC286140,10 dB,10.0,0.95011,0.3401362,2937
XC429970,10 dB,10.0,0.257942,0.0250046,2937
XC682178,10 dB,10.0,0.643503,0.6401954,2937
XC343646,10 dB,10.0,0.586751,0.628167,2937
XC100396,10 dB,10.0,0.934057,0.9245846,2937
XC45741,10 dB,10.0,0.619424,0.2741268,2937
XC756221,10 dB,10.0,0.820228,0.7553105999999999,2937
XC774740,10 dB,10.0,0.856992,0.8432484,2937
XC506999,10 dB,10.0,0.806926,0.08338480000000001,2937
XC731531,10 dB,10.0,0.991273,0.9879564000000001,2937
XC736673,10 dB,10.0,0.968752,0.9796782,2937
XC471403,10 dB,10.0,0.951994,0.9165148000000001,2937
XC614859,10 dB,10.0,0.978768,0.9514066,2937
XC56872,10 dB,10.0,0.65154,0.1664494,2937
XC682181,10 dB,10.0,0.650267,0.5757009999999999,2937
XC693558,10 dB,10.0,0.889829,0.33249300000000004,2937
XC156110,10 dB,10.0,0.614092,0.431561,2937
XC670637,10 dB,10.0,0.912971,0.9161811999999999,2937
XC500329,10 dB,10.0,0.973182,0.5859814,2937
XC688125,10 dB,10.0,0.750127,0.6098998,2937
XC540091,10 dB,10.0,0.970054,0.9597580000000001,2937
XC763293,10 dB,10.0,0.145428,0.3053912,2937
XC405905,10 dB,10.0,0.900367,0.8904384000000001,2937
XC717477,10 dB,10.0,0.955174,0.9288983999999999,2937
XC609129,10 dB,10.0,0.872266,0.8735286,2937
XC693559,10 dB,10.0,0.960938,0.8063926,2937
XC750668,10 dB,10.0,0.910551,0.8354469999999999,2937
XC512494,10 dB,10.0,0.951037,0.9390803999999999,2937
XC322052,10 dB,10.0,0.13737,0.12113939999999998,2937
XC674748,10 dB,10.0,0.389131,0.2724002,2937
XC410249,10 dB,10.0,0.886182,0.7938752,2937
XC690482,10 dB,10.0,0.940699,0.9468368,2937
XC251448,10 dB,10.0,0.583805,0.578889,2937
XC632493,10 dB,10.0,0.11552,0.0,2937
XC582828,10 dB,10.0,0.877695,0.8142856,2937
XC65533,10 dB,10.0,0.932618,0.1085448,2937
XC500314,10 dB,10.0,0.977843,0.952951,2937
XC432541,10 dB,10.0,0.984682,0.9712607999999999,2937
XC118200,10 dB,10.0,0.910893,0.8886580000000001,2937
XC179936,10 dB,10.0,0.851757,0.6219642000000001,2937
XC424564,10 dB,10.0,0.813958,0.7655304,2937
XC413894,10 dB,10.0,0.333135,0.2391844,2937
XC37796,10 dB,10.0,0.918362,0.7868714,2937
XC648909,10 dB,10.0,0.664042,0.6914594000000001,2937
XC449940,10 dB,10.0,0.976563,0.9522995999999999,2937
XC631070,10 dB,10.0,0.85453,0.6732688,2937
XC268492,10 dB,10.0,0.308379,0.0486194,2937
XC766349,10 dB,10.0,0.916384,0.8992178,2937
XC522023,10 dB,10.0,0.943799,0.8960100000000001,2937
XC731527,10 dB,10.0,0.979071,0.9738127999999999,2937
XC719297,10 dB,10.0,0.221448,0.082206,2937
XC1016,10 dB,10.0,0.897621,0.927103,2937
XC290396,10 dB,10.0,0.384571,0.2723486,2937
XC567776,10 dB,10.0,0.9812,0.9341115999999999,2937
XC132312,10 dB,10.0,0.963358,0.9372824,2937
XC745439,10 dB,10.0,0.88123,0.7586932,2937
XC199211,10 dB,10.0,0.570502,0.4356128,2937
XC47915,10 dB,10.0,0.916043,0.8957672000000001,2937
XC774741,10 dB,10.0,0.872223,0.4522004,2937
XC690537,10 dB,10.0,0.924747,0.9417892,2937
XC731546,10 dB,10.0,0.966025,0.9809104,2937
XC725685,10 dB,10.0,0.966974,0.861688,2937
XC378531,10 dB,10.0,0.947387,0.9408065999999999,2937
XC729591,10 dB,10.0,0.903227,0.9288692,2937
XC717299,10 dB,10.0,0.977245,0.9265981999999999,2937
XC35884,10 dB,10.0,0.816676,0.7306736,2937
XC19002,10 dB,10.0,0.578389,0.45043639999999996,2937
XC269836,10 dB,10.0,0.928949,0.41553760000000006,2937
XC561222,10 dB,10.0,0.5929,0.0752262,2937
XC233468,10 dB,10.0,0.943309,0.8976108,2937
XC270008,10 dB,10.0,0.953116,0.749885,2937
XC505532,10 dB,10.0,0.885785,0.878088,2937
XC258603,10 dB,10.0,0.932741,0.9497702,2937
XC158700,10 dB,10.0,0.544383,0.372089,2937
XC361682,10 dB,10.0,0.956996,0.8922433999999999,2937
XC446866,10 dB,10.0,0.890736,0.7665368,2937
XC97827,10 dB,10.0,0.856068,0.5954684,2937
XC730671,10 dB,10.0,0.774902,0.1911618,2937
XC718324,10 dB,10.0,0.992618,0.9788855999999999,2937
XC177167,10 dB,10.0,0.918561,0.8682618,2937
XC38467,10 dB,10.0,0.892781,0.2921332,2937
XC244191,10 dB,10.0,0.883005,0.8395726,2937
XC511425,10 dB,10.0,0.154363,0.1997844,2937
XC121783,10 dB,10.0,0.904955,0.828066,2937
XC721436,10 dB,10.0,0.707374,0.7089532000000001,2937
XC17671,10 dB,10.0,0.706941,0.8176892,2937
XC700399,10 dB,10.0,0.848298,0.6800624,2937
XC286047,10 dB,10.0,0.906443,0.4749738,2937
XC718316,10 dB,10.0,0.989,0.8925718,2937
XC290826,10 dB,10.0,0.835303,0.8200350000000001,2937
XC234208,10 dB,10.0,0.970737,0.9702658,2937
XC89196,10 dB,10.0,0.588833,0.35505240000000005,2937
XC763551,10 dB,10.0,0.724885,0.8695442,2937
XC360005,10 dB,10.0,0.839391,0.0,2937
XC360008,10 dB,10.0,0.969552,0.0,2937
XC578723,10 dB,10.0,0.65463,0.45786519999999997,2937
XC533973,10 dB,10.0,0.149337,0.0,2937
XC152734,10 dB,10.0,0.4372,0.26897760000000004,2937
XC542585,10 dB,10.0,0.917885,0.8823264,2937
XC717035,10 dB,10.0,0.990217,0.5344234,2937
XC449939,10 dB,10.0,0.981021,0.9741894,2937
XC731532,10 dB,10.0,0.994979,0.9763634,2937
XC767411,10 dB,10.0,0.662615,0.4290812,2937
XC152853,10 dB,10.0,0.67379,0.17566779999999999,2937
XC544941,10 dB,10.0,0.937376,0.9062941999999999,2937
XC699154,10 dB,10.0,0.22833,0.0,2937
XC736632,10 dB,10.0,0.971682,0.8477222,2937
XC34466,10 dB,10.0,0.904901,0.9246833999999999,2937
XC615468,10 dB,10.0,0.27145,0.0,2937
XC533294,10 dB,10.0,0.747964,0.7856118000000001,2937
XC234289,10 dB,10.0,0.819357,0.1043892,2937
XC512775,10 dB,10.0,0.677748,0.641256,2937
XC688127,10 dB,10.0,0.826317,0.8004009999999999,2937
XC498298,10 dB,10.0,0.504056,0.5722554,2937
XC4240,10 dB,10.0,0.906574,0.691621,2937
XC736666,10 dB,10.0,0.973945,0.7061114,2937
XC100368,10 dB,10.0,0.988045,0.9757638,2937
XC721437,10 dB,10.0,0.92002,0.7297758,2937
XC703839,10 dB,10.0,0.963273,0.9098782,2937
XC774101,10 dB,10.0,0.981888,0.9395618000000001,2937
XC389515,10 dB,10.0,0.867847,0.7783208,2937
XC164674,10 dB,10.0,0.941493,0.7028252,2937
XC736669,10 dB,10.0,0.975183,0.9524058,2937
XC353224,10 dB,10.0,0.966686,0.9078408,2937
XC400278,10 dB,10.0,0.833339,0.42404020000000003,2937
XC100388,10 dB,10.0,0.854123,0.8520139999999999,2937
XC736664,10 dB,10.0,0.979031,0.9797857999999999,2937
XC412839,10 dB,10.0,0.960282,0.9404152,2937
XC414999,10 dB,10.0,0.564373,0.23707319999999998,2937
XC674136,10 dB,10.0,0.653543,0.6529514,2937
XC276434,10 dB,10.0,0.951645,0.9400956,2937
XC660626,10 dB,10.0,0.868044,0.1331968,2937
XC22356,10 dB,10.0,0.949621,0.8605818,2937
XC695312,10 dB,10.0,0.390592,0.2867614,2937
XC27619,10 dB,10.0,0.568465,0.43600320000000004,2937
XC700047,10 dB,10.0,0.0,0.0,2937
XC260814,10 dB,10.0,0.341447,0.3312944,2937
XC461974,10 dB,10.0,0.390982,0.34193280000000004,2937
XC69100,10 dB,10.0,0.455883,0.0,2937
XC45843,10 dB,10.0,0.84911,0.7983838,2937
XC259430,10 dB,10.0,0.873152,0.8438838000000001,2937
XC754598,10 dB,10.0,0.381654,0.15625,2937
XC258605,10 dB,10.0,0.929653,0.9175974,2937
XC180811,10 dB,10.0,0.875721,0.8262176,2937
XC178515,10 dB,10.0,0.789228,0.7761828000000001,2937
XC425472,10 dB,10.0,0.852959,0.503365,2937
XC731555,10 dB,10.0,0.947927,0.9098559999999999,2937
XC229223,10 dB,10.0,0.969263,0.9792704000000001,2937
XC767023,10 dB,10.0,0.935254,0.9102857999999999,2937
XC25789,10 dB,10.0,0.946922,0.9327622,2937
XC718327,10 dB,10.0,0.996642,0.9699042,2937
XC390487,10 dB,10.0,0.659958,0.5594424,2937
XC229225,10 dB,10.0,0.880764,0.8395056000000001,2937
XC736675,10 dB,10.0,0.954584,0.919206,2937
XC242992,10 dB,10.0,0.942891,0.9695756,2937
XC39854,10 dB,10.0,0.907756,0.9111650000000001,2937
XC693800,10 dB,10.0,0.908428,0.8874964000000001,2937
XC718318,10 dB,10.0,0.97079,0.970875,2937
XC614878,10 dB,10.0,0.916707,0.5138856,2937
XC33211,10 dB,10.0,0.940535,0.8805820000000001,2937
XC219565,10 dB,10.0,0.833926,0.8246969999999999,2937
XC565141,10 dB,10.0,0.956861,0.9052876,2937
XC717049,10 dB,10.0,0.993777,0.9833846000000002,2937
XC504710,10 dB,10.0,0.977756,0.9379896000000001,2937
XC767020,10 dB,10.0,0.91835,0.9022544,2937
XC29589,10 dB,10.0,0.661687,0.5530906,2937
XC731580,10 dB,10.0,0.873556,0.6705786,2937
XC736605,10 dB,10.0,0.83266,0.6969338,2937
XC598390,10 dB,10.0,0.264442,0.0,2937
XC568427,10 dB,10.0,0.96207,0.9571514000000001,2937
XC614885,10 dB,10.0,0.957951,0.7501144,2937
XC717238,10 dB,10.0,0.99077,0.8869464,2937
XC317546,10 dB,10.0,0.951407,0.7655024,2937
XC389514,10 dB,10.0,0.80934,0.7331704,2937
XC189385,10 dB,10.0,0.804938,0.7448319999999999,2937
XC248385,10 dB,10.0,0.932354,0.9469540000000001,2937
XC471402,10 dB,10.0,0.943816,0.9253034,2937
XC297631,10 dB,10.0,0.77635,0.7001594,2937
XC70597,10 dB,10.0,0.9587,0.8027941999999999,2937
XC92620,10 dB,10.0,0.488333,0.2561276,2937
XC432542,10 dB,10.0,0.911751,0.9030616,2937
XC102621,10 dB,10.0,0.821455,0.8015356,2937
XC736651,10 dB,10.0,0.777672,0.3306322,2937
XC731535,10 dB,10.0,0.948849,0.9380816,2937
XC664109,10 dB,10.0,0.501826,0.33394080000000004,2937
XC717219,10 dB,10.0,0.967107,0.9743318000000001,2937
XC717220,10 dB,10.0,0.989014,0.9741212000000001,2937
XC196808,10 dB,10.0,0.627092,0.5330418,2937
XC690428,10 dB,10.0,0.392786,0.2022084,2937
XC754579,10 dB,10.0,0.353749,0.3988866,2937
XC682174,10 dB,10.0,0.651824,0.5307288,2937
XC717027,10 dB,10.0,0.948342,0.9577754,2937
XC266914,10 dB,10.0,0.903272,0.6798858,2937
XC258604,10 dB,10.0,0.86381,0.7818712,2937
XC273826,10 dB,10.0,0.813279,0.8656058,2937
XC669919,10 dB,10.0,0.849843,0.7700176,2937
XC769413,10 dB,10.0,0.895846,0.8356738,2937
XC736595,10 dB,10.0,0.984474,0.8688385999999999,2937
XC731585,10 dB,10.0,0.986652,0.9752262,2937
XC717480,10 dB,10.0,0.993785,0.9932976,2937
XC663426,10 dB,10.0,0.856369,0.8369698,2937
XC700617,10 dB,10.0,0.951775,0.9461622000000001,2937
XC156253,10 dB,10.0,0.908304,0.7105002,2937
XC236712,10 dB,10.0,0.116603,0.0,2937
XC95320,10 dB,10.0,0.176338,0.0,2937
XC731501,10 dB,10.0,0.950519,0.8679612000000001,2937
XC349276,10 dB,10.0,0.119765,0.0,2937
XC256117,10 dB,10.0,0.957299,0.8911352000000001,2937
XC449941,10 dB,10.0,0.987538,0.9141988,2937
XC674134,10 dB,10.0,0.851722,0.8347735999999999,2937
XC614863,10 dB,10.0,0.956483,0.571319,2937
XC29084,10 dB,10.0,0.752275,0.5563824,2937
XC8798,10 dB,10.0,0.93164,0.8122672,2937
XC717237,10 dB,10.0,0.950663,0.9483041999999999,2937
XC552378,10 dB,10.0,0.554888,0.4188498,2937
XC286141,10 dB,10.0,0.911243,0.49689839999999996,2937
XC741171,10 dB,10.0,0.351072,0.3266656,2937
XC47914,10 dB,10.0,0.700544,0.7610894,2937
XC717235,10 dB,10.0,0.910424,0.8877273999999999,2937
XC721914,10 dB,10.0,0.491283,0.39787680000000003,2937
XC731495,10 dB,10.0,0.989849,0.9733522000000001,2937
XC242996,10 dB,10.0,0.903548,0.9261290000000001,2937
XC264622,10 dB,10.0,0.826215,0.7992952,2937
XC512493,10 dB,10.0,0.940372,0.9288474000000001,2937
XC88181,10 dB,10.0,0.270947,0.0,2937
XC276831,10 dB,10.0,0.382756,0.0,2937
XC729587,10 dB,10.0,0.80833,0.7010512,2937
XC756137,10 dB,10.0,0.879587,0.1526504,2937
XC262473,10 dB,10.0,0.923897,0.8295821999999999,2937
XC756136,10 dB,10.0,0.56931,0.5075502000000001,2937
XC100390,10 dB,10.0,0.893868,0.7217912,2937
XC155510,10 dB,10.0,0.847199,0.8141567999999999,2937
XC276857,10 dB,10.0,0.94587,0.9388667999999999,2937
XC731584,10 dB,10.0,0.202214,0.0298366,2937
XC692727,10 dB,10.0,0.254298,0.20769580000000004,2937
XC717490,10 dB,10.0,0.993856,0.9849257999999999,2937
XC42257,10 dB,10.0,0.597734,0.6883586,2937
XC725922,10 dB,10.0,0.928123,0.8240068,2937
XC13142,10 dB,10.0,0.965363,0.9155798,2937
XC292446,10 dB,10.0,0.959576,0.8633208,2937
XC654582,10 dB,10.0,0.952697,0.938413,2937
XC717487,10 dB,10.0,0.123423,0.0,2937
XC121431,10 dB,10.0,0.696888,0.2046532,2937
XC329832,10 dB,10.0,0.961713,0.9198242000000001,2937
XC731545,10 dB,10.0,0.963136,0.9565996,2937
XC717465,10 dB,10.0,0.621879,0.5552222,2937
XC772588,10 dB,10.0,0.652678,0.3385098,2937
XC154860,10 dB,10.0,0.499101,0.264312,2937
XC102558,10 dB,10.0,0.926402,0.9580132000000001,2937
XC273706,10 dB,10.0,0.845511,0.7948968000000001,2937
XC664303,10 dB,10.0,0.447017,0.3524238,2937
XC388833,10 dB,10.0,0.927875,0.9264950000000001,2937
XC616439,10 dB,10.0,0.195177,0.0226804,2937
XC667363,10 dB,10.0,0.438691,0.35377559999999997,2937
XC717292,10 dB,10.0,0.963023,0.8467556,2937
XC614857,10 dB,10.0,0.961276,0.8424478000000001,2937
XC250901,10 dB,10.0,0.921467,0.8361324,2937
XC721435,10 dB,10.0,0.310279,0.058037799999999994,2937
XC688131,10 dB,10.0,0.794203,0.670113,2937
XC724334,10 dB,10.0,0.899396,0.8947016,2937
XC101820,10 dB,10.0,0.939293,0.9340428,2937
XC69101,10 dB,10.0,0.253204,0.0649126,2937
XC19877,10 dB,10.0,0.686421,0.23456520000000003,2937
XC335298,10 dB,10.0,0.957455,0.8398358,2937
XC86463,10 dB,10.0,0.949737,0.9403268,2937
XC684297,10 dB,10.0,0.598258,0.6903014,2937
XC166728,10 dB,10.0,0.925737,0.7646562,2937
XC736677,10 dB,10.0,0.980296,0.9430810000000001,2937
XC717051,10 dB,10.0,0.984274,0.9404168,2937
XC23005,10 dB,10.0,0.75896,0.7711114,2937
XC718294,10 dB,10.0,0.990601,0.7728482,2937
XC702898,10 dB,10.0,0.388728,0.0,2937
XC676216,10 dB,10.0,0.975664,0.9546112000000001,2937
XC614886,10 dB,10.0,0.775564,0.7953889999999999,2937
XC70596,10 dB,10.0,0.957533,0.8405616,2937
XC731583,10 dB,10.0,0.990412,0.9865337999999999,2937
XC260190,10 dB,10.0,0.972059,0.9753968000000001,2937
XC683958,10 dB,10.0,0.955365,0.9619464000000001,2937
XC167271,10 dB,10.0,0.737388,0.40673580000000004,2937
XC229220,10 dB,10.0,0.930928,0.8556307999999999,2937
XC774109,10 dB,10.0,0.979116,0.9549597999999999,2937
XC769403,10 dB,10.0,0.842146,0.7417162,2937
XC736671,10 dB,10.0,0.994128,0.9834115999999999,2937
XC171181,10 dB,10.0,0.813533,0.730402,2937
XC371203,10 dB,10.0,0.922706,0.6242810000000001,2937
XC314821,10 dB,10.0,0.89316,0.8203944,2937
XC728485,10 dB,10.0,0.242533,0.21098699999999998,2937
XC90655,10 dB,10.0,0.428637,0.5363208,2937
XC259427,10 dB,10.0,0.729806,0.716821,2937
XC502836,10 dB,10.0,0.609617,0.5991712,2937
XC30747,10 dB,10.0,0.892206,0.826849,2937
XC98038,10 dB,10.0,0.125203,0.0706766,2937
XC169248,10 dB,10.0,0.793751,0.7347758,2937
XC114396,10 dB,10.0,0.909527,0.582898,2937
XC673025,10 dB,10.0,0.669806,0.4593762,2937
XC3103,10 dB,10.0,0.906641,0.8409077999999999,2937
XC511424,10 dB,10.0,0.756101,0.6309534,2937
XC665584,10 dB,10.0,0.760671,0.7371702,2937
XC729602,10 dB,10.0,0.98605,0.9691822,2937
XC47028,10 dB,10.0,0.383988,0.2327824,2937
XC616142,10 dB,10.0,0.90103,0.7212562,2937
XC407547,10 dB,10.0,0.912769,0.0,2937
XC286049,10 dB,10.0,0.832461,0.3494888,2937
XC505533,10 dB,10.0,0.914331,0.8680422,2937
XC258606,10 dB,10.0,0.926899,0.8353189999999999,2937
XC729592,10 dB,10.0,0.980207,0.9375016,2937
XC676030,10 dB,10.0,0.135283,0.0,2937
XC229513,10 dB,10.0,0.894467,0.7299958,2937
XC393488,10 dB,10.0,0.599671,0.650459,2937
XC500310,10 dB,10.0,0.975309,0.6412698000000001,2937
XC676311,10 dB,10.0,0.945575,0.9064045999999999,2937
XC483641,10 dB,10.0,0.891417,0.2718366,2937
XC90691,10 dB,10.0,0.868168,0.20833339999999997,2937
XC717217,10 dB,10.0,0.970521,0.9564708,2937
XC717483,10 dB,10.0,0.973816,0.9675322,2937
XC19263,10 dB,10.0,0.949799,0.839033,2937
XC400279,10 dB,10.0,0.852711,0.6007933999999999,2937
XC525014,10 dB,10.0,0.741094,0.7463614,2937
XC190314,10 dB,10.0,0.825934,0.3435764,2937
XC106498,10 dB,10.0,0.461803,0.095666,2937
XC7811,10 dB,10.0,0.884542,0.8295892,2937
XC736668,10 dB,10.0,0.981965,0.9731642,2937
XC259426,10 dB,10.0,0.743299,0.6083482,2937
XC39061,10 dB,10.0,0.860013,0.8315292,2937
XC271533,10 dB,10.0,0.937651,0.8929373999999999,2937
XC674751,10 dB,10.0,0.392926,0.027390599999999998,2937
XC718317,10 dB,10.0,0.986781,0.9839978,2937
XC731496,10 dB,10.0,0.952491,0.9408846000000001,2937
XC648910,10 dB,10.0,0.853264,0.712913,2937
XC320936,10 dB,10.0,0.976353,0.8918354000000001,2937
XC298946,10 dB,10.0,0.49585,0.046438,2937
XC567310,10 dB,10.0,0.819955,0.785405,2937
XC771599,10 dB,10.0,0.934881,0.900449,2937
XC470048,10 dB,10.0,0.955232,0.8476864,2937
XC510185,10 dB,10.0,0.972433,0.9332618,2937
XC143144,10 dB,10.0,0.723952,0.6010989999999999,2937
XC736653,10 dB,10.0,0.982341,0.9707278,2937
XC422286,10 dB,10.0,0.764193,0.6873188,2937
XC731519,10 dB,10.0,0.283946,0.199738,2937
XC158131,10 dB,10.0,0.939651,0.9377938,2937
XC53928,10 dB,10.0,0.649654,0.1175346,2937
XC717288,10 dB,10.0,0.983878,0.958051,2937
XC249632,10 dB,10.0,0.854201,0.8917683999999999,2937
XC725972,10 dB,10.0,0.354516,0.343635,2937
XC190305,10 dB,10.0,0.943863,0.8506556,2937
XC264620,10 dB,10.0,0.946112,0.9023564000000001,2937
XC235761,10 dB,10.0,0.556766,0.46719799999999995,2937
XC717047,10 dB,10.0,0.973781,0.964082,2937
XC101036,10 dB,10.0,0.968004,0.9600605999999999,2937
XC29020,10 dB,10.0,0.915031,0.755656,2937
XC729582,10 dB,10.0,0.953112,0.7435524,2937
XC67991,10 dB,10.0,0.859604,0.5832942,2937
XC616145,10 dB,10.0,0.854764,0.6397982,2937
XC616440,10 dB,10.0,0.237444,0.21071299999999998,2937
XC302613,10 dB,10.0,0.403653,0.35796,2937
XC717034,10 dB,10.0,0.969458,0.9622756000000001,2937
XC614879,10 dB,10.0,0.919153,0.6733678000000001,2937
XC228774,10 dB,10.0,0.966145,0.9345806,2937
XC316482,10 dB,10.0,0.981466,0.9431204,2937
XC674133,10 dB,10.0,0.935611,0.8538401999999999,2937
XC149603,10 dB,10.0,0.864213,0.722061,2937
XC368209,10 dB,10.0,0.763641,0.626032,2937
XC664297,10 dB,10.0,0.878349,0.8135798,2937
XC404985,10 dB,10.0,0.874745,0.7177856,2937
XC322053,10 dB,10.0,0.703788,0.6415788,2937
XC120380,10 dB,10.0,0.366457,0.24678440000000004,2937
XC447875,10 dB,10.0,0.88129,0.8129958,2937
XC730672,10 dB,10.0,0.816328,0.7596722,2937
XC19485,10 dB,10.0,0.982827,0.9538854000000001,2937
XC189388,10 dB,10.0,0.610304,0.2886472,2937
XC150454,10 dB,10.0,0.866017,0.1688898,2937
XC525015,10 dB,10.0,0.879014,0.8549825999999999,2937
XC142551,10 dB,10.0,0.908938,0.9266166,2937
XC741460,10 dB,10.0,0.361815,0.1969648,2937
XC229219,10 dB,10.0,0.963575,0.9412342,2937
XC731540,10 dB,10.0,0.967258,0.8792646,2937
XC347210,10 dB,10.0,0.843747,0.7557208,2937
XC69103,10 dB,10.0,0.435354,0.0431786,2937
XC246018,10 dB,10.0,0.627376,0.788075,2937
XC96022,10 dB,10.0,0.972504,0.6992692,2937
XC452171,10 dB,10.0,0.205981,0.02142,2937
XC767025,10 dB,10.0,0.93324,0.9104317999999999,2937
XC534760,10 dB,10.0,0.123365,0.0,2937
XC388835,10 dB,10.0,0.956076,0.8725574,2937
XC729583,10 dB,10.0,0.873896,0.8085004,2937
XC132907,10 dB,10.0,0.937913,0.9523642000000001,2937
XC730735,10 dB,10.0,0.789194,0.7981978,2937
XC674968,10 dB,10.0,0.879732,0.7765162,2937
XC266540,10 dB,10.0,0.916273,0.867666,2937
XC425471,10 dB,10.0,0.950348,0.07499700000000001,2937
XC676159,10 dB,10.0,0.875297,0.6649176,2937
XC290828,10 dB,10.0,0.895504,0.8220422,2937
XC266109,10 dB,10.0,0.930259,0.4948118,2937
XC731581,10 dB,10.0,0.945207,0.6739522,2937
XC736672,10 dB,10.0,0.958302,0.9205034,2937
XC729596,10 dB,10.0,0.975632,0.9348183999999999,2937
XC634294,10 dB,10.0,0.884913,0.49366940000000004,2937
XC199210,10 dB,10.0,0.593232,0.5690413999999999,2937
XC674132,10 dB,10.0,0.857505,0.3663246,2937
XC286046,10 dB,10.0,0.946661,0.6585487999999999,2937
XC90654,10 dB,10.0,0.891592,0.8703888,2937
XC530054,10 dB,10.0,0.878909,0.6615146000000001,2937
XC731509,10 dB,10.0,0.941204,0.9262146,2937
XC731497,10 dB,10.0,0.934676,0.9244794000000001,2937
XC695999,10 dB,10.0,0.88506,0.5760674,2937
XC100397,10 dB,10.0,0.878376,0.9162428,2937
XC500330,10 dB,10.0,0.976452,0.9699698,2937
XC773731,10 dB,10.0,0.653703,0.5515642,2937
XC736593,10 dB,10.0,0.983988,0.9494344,2937
XC714487,10 dB,10.0,0.904667,0.83611,2937
XC962669,10 dB,10.0,0.852329,0.7465446,2937
XC614856,10 dB,10.0,0.838582,0.8048292,2937
XC269406,10 dB,10.0,0.955698,0.8271468000000001,2937
XC483640,10 dB,10.0,0.81207,0.0209584,2937
XC213785,10 dB,10.0,0.934978,0.8877644,2937
XC223700,10 dB,10.0,0.915067,0.9130768,2937
XC223696,10 dB,10.0,0.9841,0.9759122,2937
XC235262,10 dB,10.0,0.921385,0.8862724,2937
XC506969,10 dB,10.0,0.953276,0.9322404000000001,2937
XC641658,10 dB,10.0,0.958249,0.9630394000000001,2937
XC731566,10 dB,10.0,0.958004,0.9072842,2937
XC387316,10 dB,10.0,0.985946,0.9699916,2937
XC742587,10 dB,10.0,0.832026,0.8498384,2937
XC735332,10 dB,10.0,0.893767,0.8876318000000001,2937
XC223694,10 dB,10.0,0.985647,0.977347,2937
XC29921,10 dB,10.0,0.875998,0.863753,2937
XC72396,10 dB,10.0,0.96768,0.9091696,2937
XC398497,10 dB,10.0,0.443442,0.3068864,2937
XC766350,10 dB,10.0,0.922354,0.9046768000000001,2937
XC763503,10 dB,10.0,0.950068,0.8922388,2937
XC732886,10 dB,10.0,0.200696,0.217945,2937
XC36024,10 dB,10.0,0.309123,0.33598059999999996,2937
XC19161,10 dB,10.0,0.457025,0.4399684,2937
XC214239,10 dB,10.0,0.880764,0.7934165999999999,2937
XC568425,10 dB,10.0,0.973542,0.9557188,2937
XC412325,10 dB,10.0,0.300473,0.0249758,2937
XC46538,10 dB,10.0,0.856884,0.805528,2937
XC329831,10 dB,10.0,0.949617,0.9005483999999999,2937
XC635422,10 dB,10.0,0.387415,0.1446658,2937
XC296852,10 dB,10.0,0.712705,0.6134166000000001,2937
XC121785,10 dB,10.0,0.921393,0.7536305999999999,2937
XC161619,10 dB,10.0,0.531044,0.47004599999999996,2937
XC134455,10 dB,10.0,0.582811,0.3542666,2937
XC262474,10 dB,10.0,0.75905,0.8378268,2937
XC445512,10 dB,10.0,0.901691,0.2567982,2937
XC90171,10 dB,10.0,0.964879,0.0769512,2937
XC428318,10 dB,10.0,0.941265,0.7324408,2937
XC525017,10 dB,10.0,0.84282,0.7764512,2937
XC102557,10 dB,10.0,0.854667,0.8647546,2937
XC432119,10 dB,10.0,0.470463,0.11498040000000001,2937
XC500324,10 dB,10.0,0.972911,0.7379016,2937
XC386207,10 dB,10.0,0.940833,0.8229124000000001,2937
XC688129,10 dB,10.0,0.854819,0.7803842000000001,2937
XC320009,10 dB,10.0,0.964228,0.9315022,2937
XC6395,10 dB,10.0,0.946839,0.8987086,2937
XC27768,10 dB,10.0,0.215503,0.119981,2937
XC410359,10 dB,10.0,0.886943,0.743697,2937
XC744136,10 dB,10.0,0.956003,0.9202425999999999,2937
XC594854,10 dB,10.0,0.37132,0.2374514,2937
XC397023,10 dB,10.0,0.866554,0.0842218,2937
XC731530,10 dB,10.0,0.98409,0.9746582,2937
XC250902,10 dB,10.0,0.898152,0.8615695999999999,2937
XC276435,10 dB,10.0,0.200872,0.167467,2937
XC251446,10 dB,10.0,0.881449,0.7724786,2937
XC641716,10 dB,10.0,0.93138,0.9172598000000001,2937
XC614882,10 dB,10.0,0.667178,0.48245899999999997,2937
XC496267,10 dB,10.0,0.95261,0.8914698,2937
XC682171,10 dB,10.0,0.627097,0.6157855999999999,2937
XC156107,10 dB,10.0,0.637537,0.6119014,2937
XC736590,10 dB,10.0,0.967129,0.9625244000000001,2937
XC741172,10 dB,10.0,0.200696,0.2110218,2937
XC693801,10 dB,10.0,0.969058,0.9480717999999999,2937
XC264623,10 dB,10.0,0.152212,0.0474968,2937
XC407634,10 dB,10.0,0.864585,0.853036,2937
XC717482,10 dB,10.0,0.987176,0.9774697999999999,2937
XC48482,10 dB,10.0,0.829411,0.7927837999999999,2937
XC756164,10 dB,10.0,0.983726,0.9422345999999999,2937
XC470278,10 dB,10.0,0.865965,0.7995523999999999,2937
XC106500,10 dB,10.0,0.86446,0.7789710000000001,2937
XC742588,10 dB,10.0,0.836816,0.047753199999999996,2937
XC642287,10 dB,10.0,0.895806,0.8498075999999999,2937
XC731522,10 dB,10.0,0.90388,0.9066801999999999,2937
XC736602,10 dB,10.0,0.987,0.9468016,2937
XC28597,10 dB,10.0,0.898287,0.6218662,2937
XC8042,10 dB,10.0,0.86405,0.7487579999999999,2937
XC731494,10 dB,10.0,0.953399,0.9445958000000001,2937
XC684298,10 dB,10.0,0.533632,0.556017,2937
XC209072,10 dB,10.0,0.939338,0.9074006000000001,2937
XC229515,10 dB,10.0,0.952894,0.918403,2937
XC731586,10 dB,10.0,0.991898,0.9536168,2937
XC675082,10 dB,10.0,0.750383,0.2893418,2937
XC552376,10 dB,10.0,0.950595,0.8619526000000001,2937
XC707796,10 dB,10.0,0.40207,0.051128400000000004,2937
XC429971,10 dB,10.0,0.161421,0.2564908,2937
XC40751,10 dB,10.0,0.978225,0.9590222,2937
XC631177,10 dB,10.0,0.964716,0.9235534,2937
XC259431,10 dB,10.0,0.534084,0.3873214,2937
XC100389,10 dB,10.0,0.82931,0.801126,2937
XC731537,10 dB,10.0,0.95922,0.9003245999999999,2937
XC320934,10 dB,10.0,0.542316,0.023849600000000002,2937
XC115775,10 dB,10.0,0.986365,0.9564412000000001,2937
XC2514,10 dB,10.0,0.91396,0.8804212,2937
XC1625,10 dB,10.0,0.838958,0.8179700000000001,2937
XC552370,10 dB,10.0,0.883267,0.8987780000000001,2937
XC773151,10 dB,10.0,0.642192,0.23403520000000003,2937
XC505536,10 dB,10.0,0.900151,0.7758164,2937
XC456902,10 dB,10.0,0.877499,0.8915092,2937
XC364191,10 dB,10.0,0.190898,0.1159812,2937
XC731579,10 dB,10.0,0.427366,0.3913624,2937
XC729586,10 dB,10.0,0.816313,0.7633036,2937
XC156106,10 dB,10.0,0.965274,0.8263178,2937
XC290829,10 dB,10.0,0.912648,0.0,2937
XC336751,10 dB,10.0,0.898464,0.627902,2937
XC676160,10 dB,10.0,0.78066,0.3617384,2937
XC669920,10 dB,10.0,0.663661,0.0,2937
XC638143,10 dB,10.0,0.194361,0.0,2937
XC674750,10 dB,10.0,0.495565,0.1742784,2937
XC156109,10 dB,10.0,0.746109,0.34201439999999994,2937
XC539755,10 dB,10.0,0.200576,0.1282926,2937
XC731543,10 dB,10.0,0.985118,0.9777813999999999,2937
XC717023,10 dB,10.0,0.98663,0.8548781999999999,2937
XC436107,10 dB,10.0,0.953104,0.9223806,2937
XC268491,10 dB,10.0,0.573147,0.0781212,2937
XC736658,10 dB,10.0,0.289536,0.37700079999999997,2937
XC670632,10 dB,10.0,0.769371,0.6931624000000001,2937
XC127523,10 dB,10.0,0.810709,0.78512,2937
XC154859,10 dB,10.0,0.565848,0.45477439999999997,2937
XC470231,10 dB,10.0,0.962432,0.8101119999999999,2937
XC284124,10 dB,10.0,0.364614,0.0760932,2937
XC717234,10 dB,10.0,0.969046,0.9397211999999999,2937
XC170826,10 dB,10.0,0.92749,0.9074678,2937
XC717233,10 dB,10.0,0.968102,0.8844412,2937
XC400282,10 dB,10.0,0.300667,0.2106542,2937
XC718320,10 dB,10.0,0.984107,0.9416758,2937
XC166730,10 dB,10.0,0.90219,0.6634616,2937
XC174050,10 dB,10.0,0.801002,0.6849451999999999,2937
XC731573,10 dB,10.0,0.97659,0.6314342,2937
XC645630,10 dB,10.0,0.947894,0.8876996,2937
XC92618,10 dB,10.0,0.943041,0.6200146,2937
XC628125,10 dB,10.0,0.967711,0.9512698,2937
XC335316,10 dB,10.0,0.970712,0.9471214,2937
XC387317,10 dB,10.0,0.966204,0.9586542,2937
XC717022,10 dB,10.0,0.988082,0.6144906,2937
XC717222,10 dB,10.0,0.97628,0.9757472,2937
XC23622,10 dB,10.0,0.937302,0.8582660000000001,2937
XC92619,10 dB,10.0,0.960516,0.8325674,2937
XC1940,10 dB,10.0,0.855042,0.5901194000000001,2937
XC496266,10 dB,10.0,0.920381,0.8805998,2937
XC317808,10 dB,10.0,0.866119,0.7355566,2937
XC321867,10 dB,10.0,0.966284,0.9293726,2937
XC424472,10 dB,10.0,0.270151,0.2469544,2937
XC262940,10 dB,10.0,0.959279,0.9154064,2937
XC322051,10 dB,10.0,0.947823,0.6939428,2937
XC732891,10 dB,10.0,0.214192,0.1592074,2937
XC492567,10 dB,10.0,0.957365,0.8894382000000001,2937
XC731565,10 dB,10.0,0.982066,0.9611462,2937
XC562169,10 dB,10.0,0.314269,0.0,2937
XC663424,10 dB,10.0,0.886214,0.8987058000000001,2937
XC447739,10 dB,10.0,0.983137,0.9652272,2937
XC682538,10 dB,10.0,0.420835,0.45758679999999996,2937
XC520027,10 dB,10.0,0.804594,0.7714748,2937
XC614665,10 dB,10.0,0.689615,0.6683646,2937
XC736624,10 dB,10.0,0.906542,0.6064284000000001,2937
XC671372,10 dB,10.0,0.947546,0.9144120000000001,2937
XC627071,10 dB,10.0,0.895706,0.8893196,2937
XC408327,10 dB,10.0,0.967778,0.9687430000000001,2937
XC403698,10 dB,10.0,0.581439,0.2630962,2937
XC204225,10 dB,10.0,0.29607,0.17250839999999998,2937
XC7089,10 dB,10.0,0.317717,0.2817616,2937
XC453867,10 dB,10.0,0.853234,0.884018,2937
XC634052,10 dB,10.0,0.991125,0.963945,2937
XC313446,10 dB,10.0,0.139222,0.0,2937
XC544431,10 dB,10.0,0.849615,0.3800518,2937
XC517320,10 dB,10.0,0.941784,0.9482039999999999,2937
XC223710,10 dB,10.0,0.881973,0.759175,2937
XC205322,10 dB,10.0,0.870129,0.5949904,2937
XC360004,10 dB,10.0,0.885913,0.8096479999999999,2937
XC578918,10 dB,10.0,0.180467,0.07116979999999999,2937
XC322680,10 dB,10.0,0.795281,0.2911608,2937
XC270007,10 dB,10.0,0.882418,0.7617385999999999,2937
XC400281,10 dB,10.0,0.693626,0.13721860000000002,2937
XC529368,10 dB,10.0,0.919624,0.8677835999999999,2937
XC192429,10 dB,10.0,0.426871,0.3323522,2937
XC714481,10 dB,10.0,0.580729,0.40619639999999996,2937
XC229240,10 dB,10.0,0.970286,0.9373578,2937
XC3112,10 dB,10.0,0.900683,0.8836556,2937
XC360403,10 dB,10.0,0.920213,0.16575800000000002,2937
XC717223,10 dB,10.0,0.991387,0.9902481999999999,2937
XC180516,10 dB,10.0,0.988832,0.9701252,2937
XC432254,10 dB,10.0,0.835563,0.6941574,2937
XC203384,10 dB,10.0,0.20138,0.146937,2937
XC303510,10 dB,10.0,0.15038,0.0,2937
XC475035,10 dB,10.0,0.529916,0.3337128,2937
XC192768,10 dB,10.0,0.887537,0.8286865999999999,2937
XC229236,10 dB,10.0,0.87457,0.8155312,2937
XC409291,10 dB,10.0,0.715363,0.6361404,2937
XC580583,10 dB,10.0,0.299232,0.1492772,2937
XC511965,10 dB,10.0,0.727937,0.43442500000000006,2937
XC514470,10 dB,10.0,0.980272,0.929313,2937
XC514371,10 dB,10.0,0.990334,0.9827898000000002,2937
XC235764,10 dB,10.0,0.478424,0.5630422,2937
XC322783,10 dB,10.0,0.649421,0.5731396,2937
XC150942,10 dB,10.0,0.924073,0.8284271999999999,2937
XC634066,10 dB,10.0,0.955468,0.9617678,2937
XC694812,10 dB,10.0,0.774172,0.6166752,2937
XC229227,10 dB,10.0,0.807264,0.650228,2937
XC767412,10 dB,10.0,0.179927,0.0,2937
XC614719,10 dB,10.0,0.343933,0.4616272,2937
XC127469,10 dB,10.0,0.472103,0.0,2937
XC424685,10 dB,10.0,0.448359,0.0854616,2937
XC314359,10 dB,10.0,0.744756,0.3678234,2937
XC516659,10 dB,10.0,0.975788,0.972251,2937
XC407838,10 dB,10.0,0.696985,0.653026,2937
XC15775,10 dB,10.0,0.768388,0.7008084,2937
XC598394,10 dB,10.0,0.251692,0.0542466,2937
XC23740,10 dB,10.0,0.922289,0.8930692,2937
XC41668,10 dB,10.0,0.952368,0.898127,2937
XC421983,10 dB,10.0,0.907517,0.7546558,2937
XC141634,10 dB,10.0,0.185806,0.0936266,2937
XC15448,10 dB,10.0,0.979555,0.9761682,2937
XC514364,10 dB,10.0,0.930573,0.8081821999999999,2937
XC516660,10 dB,10.0,0.544888,0.0,2937
XC100395,10 dB,10.0,0.943346,0.9371268,2937
XC734236,10 dB,10.0,0.909052,0.8579302,2937
XC634173,10 dB,10.0,0.97804,0.9610217999999999,2937
XC64975,10 dB,10.0,0.439773,0.3523156,2937
XC438599,10 dB,10.0,0.260235,0.0,2937
XC205321,10 dB,10.0,0.819642,0.8401308000000001,2937
XC517081,10 dB,10.0,0.987478,0.9819538,2937
XC365344,10 dB,10.0,0.951755,0.9173778,2937
XC514328,10 dB,10.0,0.785354,0.770669,2937
XC34470,10 dB,10.0,0.816289,0.8401408,2937
XC229235,10 dB,10.0,0.956422,0.9426698,2937
XC670847,10 dB,10.0,0.519141,0.0,2937
XC512203,10 dB,10.0,0.953956,0.8821274000000001,2937
XC351193,10 dB,10.0,0.246618,0.3066418,2937
XC514350,10 dB,10.0,0.934051,0.9084289999999999,2937
XC287834,10 dB,10.0,0.449445,0.2873158,2937
XC514442,10 dB,10.0,0.34057,0.104393,2937
XC515018,10 dB,10.0,0.98198,0.9543544,2937
XC714479,10 dB,10.0,0.724054,0.40030479999999996,2937
XC680456,10 dB,10.0,0.195046,0.1019174,2937
XC694817,10 dB,10.0,0.784936,0.6801454,2937
XC646146,10 dB,10.0,0.289708,0.15203099999999997,2937
XC289858,10 dB,10.0,0.907951,0.8332236,2937
XC99239,10 dB,10.0,0.820128,0.220349,2937
XC694821,10 dB,10.0,0.734631,0.562165,2937
XC717475,10 dB,10.0,0.976809,0.9591006,2937
XC515019,10 dB,10.0,0.99083,0.9675204000000001,2937
XC250060,10 dB,10.0,0.82793,0.8320348,2937
XC83491,10 dB,10.0,0.862197,0.7429121999999999,2937
XC694824,10 dB,10.0,0.846821,0.7533877999999999,2937
XC655652,10 dB,10.0,0.521031,0.3227624,2937
XC69226,10 dB,10.0,0.903348,0.8204912,2937
XC335303,10 dB,10.0,0.97542,0.918783,2937
XC512210,10 dB,10.0,0.911096,0.822767,2937
XC528843,10 dB,10.0,0.19966,0.18124279999999998,2937
XC485257,10 dB,10.0,0.891331,0.9181302,2937
XC40409,10 dB,10.0,0.906697,0.8347724,2937
XC353379,10 dB,10.0,0.634092,0.2748604,2937
XC736598,10 dB,10.0,0.97053,0.9670270000000001,2937
XC269392,10 dB,10.0,0.33808,0.198902,2937
XC453969,10 dB,10.0,0.362302,0.11763939999999999,2937
XC150944,10 dB,10.0,0.402676,0.2390294,2937
XC125125,10 dB,10.0,0.594918,0.4776534,2937
XC468745,10 dB,10.0,0.406276,0.3238484,2937
XC500276,10 dB,10.0,0.941925,0.8694765999999999,2937
XC512204,10 dB,10.0,0.967844,0.8108267999999998,2937
XC119864,10 dB,10.0,0.956694,0.9325578,2937
XC736644,10 dB,10.0,0.981624,0.9828018000000001,2937
XC529367,10 dB,10.0,0.945213,0.9376144,2937
XC535142,10 dB,10.0,0.515795,0.42230080000000003,2937
XC731551,10 dB,10.0,0.221143,0.21609660000000003,2937
XC529369,10 dB,10.0,0.949639,0.9449574000000001,2937
XC497550,10 dB,10.0,0.750149,0.6218646,2937
XC479514,10 dB,10.0,0.86716,0.525004,2937
XC235766,10 dB,10.0,0.840726,0.8196842,2937
XC100394,10 dB,10.0,0.907606,0.9302244,2937
XC545236,10 dB,10.0,0.961648,0.9193070000000001,2937
XC55379,10 dB,10.0,0.995479,0.9867578,2937
XC360395,10 dB,10.0,0.814901,0.8654002000000001,2937
XC243335,10 dB,10.0,0.182285,0.0,2937
XC8283,10 dB,10.0,0.964535,0.9313486,2937
XC305629,10 dB,10.0,0.342994,0.05412360000000001,2937
XC714483,10 dB,10.0,0.830483,0.7468062,2937
XC147427,10 dB,10.0,0.917243,0.8034247999999999,2937
XC634168,10 dB,10.0,0.994038,0.9867663999999999,2937
XC69224,10 dB,10.0,0.922734,0.5452462,2937
XC616148,10 dB,10.0,0.947166,0.8300946,2937
XC239425,10 dB,10.0,0.995859,0.7711186,2937
XC514373,10 dB,10.0,0.784054,0.047885,2937
XC184507,10 dB,10.0,0.768989,0.6807946,2937
XC287294,10 dB,10.0,0.892516,0.8675162000000001,2937
XC169430,10 dB,10.0,0.57416,0.508064,2937
XC69099,10 dB,10.0,0.167599,0.0,2937
XC514375,10 dB,10.0,0.962897,0.9493828000000001,2937
XC180511,10 dB,10.0,0.923688,0.9269706,2937
XC546704,10 dB,10.0,0.957078,0.8886808,2937
XC361125,10 dB,10.0,0.834651,0.694396,2937
XC269394,10 dB,10.0,0.980538,0.895774,2937
XC150940,10 dB,10.0,0.19631,0.0785956,2937
XC118201,10 dB,10.0,0.817382,0.7202874,2937
XC514451,10 dB,10.0,0.623259,0.5512568,2937
XC516613,10 dB,10.0,0.968231,0.9735324000000001,2937
XC408101,10 dB,10.0,0.207684,0.19239699999999998,2937
XC294269,10 dB,10.0,0.849069,0.0,2937
XC14220,10 dB,10.0,0.740058,0.593046,2937
XC626780,10 dB,10.0,0.368859,0.0,2937
XC470049,10 dB,10.0,0.902548,0.9378484,2937
XC635474,10 dB,10.0,0.89685,0.4927358,2937
XC308164,10 dB,10.0,0.849069,0.0,2937
XC144613,10 dB,10.0,0.889308,0.9020804,2937
XC145028,10 dB,10.0,0.782059,0.6268317999999999,2937
XC378934,10 dB,10.0,0.263624,0.021807,2937
XC56864,10 dB,10.0,0.823811,0.8290660000000001,2937
XC512208,10 dB,10.0,0.97602,0.967609,2937
XC42255,10 dB,10.0,0.345677,0.1797744,2937
XC489566,10 dB,10.0,0.980583,0.97208,2937
XC714957,10 dB,10.0,0.757905,0.6981656,2937
XC250059,10 dB,10.0,0.816899,0.7732146,2937
XC514333,10 dB,10.0,0.889699,0.7503054,2937
XC717484,10 dB,10.0,0.9864,0.9421108,2937
XC438590,10 dB,10.0,0.475512,0.0668728,2937
XC193601,10 dB,10.0,0.122784,0.1409964,2937
XC158699,10 dB,10.0,0.735542,0.6661584,2937
XC714484,10 dB,10.0,0.883699,0.8226668,2937
XC754618,10 dB,10.0,0.873309,0.5979086,2937
XC517141,10 dB,10.0,0.956992,0.9292301999999999,2937
XC135352,10 dB,10.0,0.964026,0.9589388,2937
XC511539,10 dB,10.0,0.948205,0.8151596,2937
XC704870,10 dB,10.0,0.736523,0.514058,2937
XC118189,10 dB,10.0,0.925633,0.8675992000000001,2937
XC616454,10 dB,10.0,0.908061,0.6654324,2937
XC292511,10 dB,10.0,0.940967,0.8924514,2937
XC635493,10 dB,10.0,0.559213,0.5819634,2937
XC634059,10 dB,10.0,0.982548,0.9611046,2937
XC109776,10 dB,10.0,0.973539,0.8788928,2937
XC433216,10 dB,10.0,0.785006,0.6728092,2937
XC334885,10 dB,10.0,0.917195,0.8580919999999999,2937
XC100392,10 dB,10.0,0.938054,0.9133583999999999,2937
XC230213,10 dB,10.0,0.780249,0.8150312,2937
XC42253,10 dB,10.0,0.528374,0.6112966,2937
XC286142,10 dB,10.0,0.991491,0.9813584000000001,2937
XC438587,10 dB,10.0,0.803165,0.4221134,2937
XC67990,10 dB,10.0,0.868525,0.736193,2937
XC390191,10 dB,10.0,0.510229,0.39453560000000004,2937
XC304221,10 dB,10.0,0.820685,0.5856932,2937
XC292709,10 dB,10.0,0.918476,0.8370022,2937
XC132412,10 dB,10.0,0.899951,0.9087156000000001,2937
XC28542,10 dB,10.0,0.934811,0.8804550000000001,2937
XC436517,10 dB,10.0,0.801712,0.6675142000000001,2937
XC425441,10 dB,10.0,0.142917,0.0,2937
XC429692,10 dB,10.0,0.958136,0.9036146,2937
XC499849,10 dB,10.0,0.889796,0.8868758,2937
XC586742,10 dB,10.0,0.982888,0.0,2937
XC428468,10 dB,10.0,0.966873,0.9492392000000001,2937
XC269399,10 dB,10.0,0.980538,0.901601,2937
XC711613,10 dB,10.0,0.965789,0.964682,2937
XC634140,10 dB,10.0,0.986564,0.9737848,2937
XC159928,10 dB,10.0,0.404753,0.39716399999999996,2937
XC520280,10 dB,10.0,0.843319,0.5696944,2937
XC102910,10 dB,10.0,0.948395,0.939489,2937
XC634170,10 dB,10.0,0.986815,0.9516924,2937
XC520311,10 dB,10.0,0.185006,0.1815254,2937
XC514327,10 dB,10.0,0.986889,0.9757201999999999,2937
XC517372,10 dB,10.0,0.986731,0.9831382,2937
XC617454,10 dB,10.0,0.892824,0.7565324,2937
XC457418,10 dB,10.0,0.468529,0.5237082,2937
XC548893,10 dB,10.0,0.921356,0.9246928000000001,2937
XC444491,10 dB,10.0,0.95951,0.9537037999999999,2937
XC694818,10 dB,10.0,0.829784,0.7906245999999999,2937
XC451919,10 dB,10.0,0.553353,0.0,2937
XC322879,10 dB,10.0,0.485712,0.20338760000000003,2937
XC615864,10 dB,10.0,0.112261,0.0,2937
XC229234,10 dB,10.0,0.959432,0.9495004,2937
XC514340,10 dB,10.0,0.932166,0.9022244,2937
XC514334,10 dB,10.0,0.973401,0.9342331999999999,2937
XC249658,10 dB,10.0,0.906935,0.8639165999999999,2937
XC514376,10 dB,10.0,0.857565,0.8697226,2937
XC529311,10 dB,10.0,0.467945,0.406504,2937
XC441196,10 dB,10.0,0.238907,0.071168,2937
XC360003,10 dB,10.0,0.125158,0.06999,2937
XC216827,10 dB,10.0,0.72443,0.5008282,2937
XC22978,10 dB,10.0,0.959882,0.9234728000000001,2937
XC20655,10 dB,10.0,0.429619,0.2624606,2937
XC222858,10 dB,10.0,0.57273,0.5810476,2937
XC516662,10 dB,10.0,0.98643,0.9833786,2937
XC531463,10 dB,10.0,0.939212,0.8876459999999999,2937
XC386424,10 dB,10.0,0.871144,0.0,2937
XC671404,10 dB,10.0,0.57976,0.08562499999999999,2937
XC208011,10 dB,10.0,0.639586,0.690284,2937
XC517205,10 dB,10.0,0.781046,0.5854421999999999,2937
XC694810,10 dB,10.0,0.380889,0.2838526,2937
XC279341,10 dB,10.0,0.73486,0.0,2937
XC148214,10 dB,10.0,0.897663,0.8336722,2937
XC274899,10 dB,10.0,0.970631,0.9419017999999999,2937
XC514284,10 dB,10.0,0.973975,0.9660095999999999,2937
XC708008,10 dB,10.0,0.562648,0.020341,2937
XC223711,10 dB,10.0,0.242984,0.23626139999999998,2937
XC714477,10 dB,10.0,0.612569,0.6009876000000001,2937
XC438589,10 dB,10.0,0.545444,0.0,2937
XC119198,10 dB,10.0,0.922494,0.7611186,2937
XC635475,10 dB,10.0,0.870357,0.837585,2937
XC514472,10 dB,10.0,0.991044,0.9768665999999999,2937
XC332172,10 dB,10.0,0.479234,0.0,2937
XC652264,10 dB,10.0,0.824734,0.7927822,2937
XC230214,10 dB,10.0,0.639447,0.652235,2937
XC514377,10 dB,10.0,0.989252,0.953299,2937
XC736645,10 dB,10.0,0.982032,0.9765798,2937
XC239387,10 dB,10.0,0.96937,0.9690716,2937
XC717224,10 dB,10.0,0.985518,0.9828164000000001,2937
XC19484,10 dB,10.0,0.929283,0.2187094,2937
XC514473,10 dB,10.0,0.992787,0.9794002,2937
XC314360,10 dB,10.0,0.865965,0.301709,2937
XC452638,10 dB,10.0,0.947245,0.9347179999999999,2937
XC206979,10 dB,10.0,0.215571,0.0908906,2937
XC307458,10 dB,10.0,0.906041,0.7139371999999999,2937
XC514480,10 dB,10.0,0.98703,0.9713293999999999,2937
XC349245,10 dB,10.0,0.948543,0.8964518,2937
XC286143,10 dB,10.0,0.84713,0.327318,2937
XC732479,10 dB,10.0,0.5031,0.2298668,2937
XC572864,10 dB,10.0,0.366193,0.28483559999999997,2937
XC354168,10 dB,10.0,0.894716,0.8968782000000001,2937
XC736646,10 dB,10.0,0.979911,0.9645436000000001,2937
XC330499,10 dB,10.0,0.91197,0.5069234,2937
XC413250,10 dB,10.0,0.217473,0.1266548,2937
XC90268,10 dB,10.0,0.611128,0.1703406,2937
XC42247,10 dB,10.0,0.980037,0.9388638,2937
XC250223,10 dB,10.0,0.714126,0.7561798,2937
XC223707,10 dB,10.0,0.318027,0.0896656,2937
XC500325,10 dB,10.0,0.976893,0.9752622000000001,2937
XC477356,10 dB,10.0,0.925375,0.6948512,2937
XC389156,10 dB,10.0,0.722507,0.6614522,2937
XC514354,10 dB,10.0,0.816155,0.48557839999999997,2937
XC516588,10 dB,10.0,0.843641,0.16338619999999998,2937
XC36066,10 dB,10.0,0.97332,0.3902964,2937
XC351680,10 dB,10.0,0.937569,0.8727514,2937
XC514372,10 dB,10.0,0.815012,0.8002192000000001,2937
XC514336,10 dB,10.0,0.914103,0.7852868,2937
XC449937,10 dB,10.0,0.856935,0.8215402,2937
XC121787,10 dB,10.0,0.96906,0.6544612,2937
XC634063,10 dB,10.0,0.976135,0.9739563999999999,2937
XC405346,10 dB,10.0,0.938217,0.8637168,2937
XC37726,10 dB,10.0,0.11317,0.0,2937
XC176402,10 dB,10.0,0.581645,0.6261850000000001,2937
XC286115,10 dB,10.0,0.75472,0.602955,2937
XC167026,10 dB,10.0,0.90161,0.644008,2937
XC156743,10 dB,10.0,0.64284,0.5424792,2937
XC47913,10 dB,10.0,0.905856,0.8172138,2937
XC517155,10 dB,10.0,0.948921,0.931447,2937
XC28333,10 dB,10.0,0.973405,0.9787138000000001,2937
XC415874,10 dB,10.0,0.609547,0.6290834000000001,2937
XC150786,10 dB,10.0,0.963343,0.9317738,2937
XC616146,10 dB,10.0,0.85672,0.6990742,2937
XC39851,10 dB,10.0,0.662945,0.6223878,2937
XC635578,10 dB,10.0,0.881271,0.8182940000000001,2937
XC529309,10 dB,10.0,0.912996,0.9246892000000001,2937
XC546753,10 dB,10.0,0.951813,0.9386302000000001,2937
XC517208,10 dB,10.0,0.987879,0.9837440000000001,2937
XC453851,10 dB,10.0,0.177251,0.0,2937
XC628299,10 dB,10.0,0.990384,0.847925,2937
XC516658,10 dB,10.0,0.91734,0.9105686000000001,2937
XC322878,10 dB,10.0,0.387196,0.2513248,2937
XC694811,10 dB,10.0,0.659293,0.5576912,2937
XC404974,10 dB,10.0,0.850903,0.8061132000000001,2937
XC248630,10 dB,10.0,0.932761,0.9311496,2937
XC516667,10 dB,10.0,0.849567,0.870472,2937
XC292809,10 dB,10.0,0.989534,0.7654694,2937
XC101062,10 dB,10.0,0.972016,0.9589848,2937
XC96396,10 dB,10.0,0.757315,0.3335132,2937
XC10744,10 dB,10.0,0.917023,0.9117637999999999,2937
XC322828,10 dB,10.0,0.744814,0.4007154,2937
XC514347,10 dB,10.0,0.877953,0.6565604,2937
XC58843,10 dB,10.0,0.643621,0.328984,2937
XC154656,10 dB,10.0,0.826438,0.885778,2937
XC156104,10 dB,10.0,0.428911,0.3037862,2937
XC151021,10 dB,10.0,0.85026,0.7909476,2937
XC439380,10 dB,10.0,0.115549,0.0463568,2937
XC514217,10 dB,10.0,0.811181,0.8330210000000001,2937
XC307973,10 dB,10.0,0.922313,0.7831574,2937
XC20102,10 dB,10.0,0.332232,0.1166348,2937
XC694815,10 dB,10.0,0.553414,0.1916718,2937
XC150941,10 dB,10.0,0.622775,0.4185476,2937
XC577947,10 dB,10.0,0.852442,0.8784504,2937
XC139701,10 dB,10.0,0.91414,0.8106947999999999,2937
XC736636,10 dB,10.0,0.968831,0.9259124,2937
XC516649,10 dB,10.0,0.992972,0.9915786000000001,2937
XC250040,10 dB,10.0,0.810707,0.8168944,2937
XC134456,10 dB,10.0,0.836021,0.8472379999999999,2937
XC714954,10 dB,10.0,0.580904,0.2737044,2937
XC634325,10 dB,10.0,0.809174,0.0,2937
XC376366,10 dB,10.0,0.894139,0.8452772,2937
XC196809,10 dB,10.0,0.721157,0.28897059999999997,2937
XC429909,10 dB,10.0,0.966089,0.9036486,2937
XC449936,10 dB,10.0,0.977162,0.9547556,2937
XC180857,10 dB,10.0,0.69346,0.0,2937
XC180515,10 dB,10.0,0.968059,0.9236941999999999,2937
XC36105,10 dB,10.0,0.946641,0.9416281999999999,2937
XC291039,10 dB,10.0,0.195153,0.1492104,2937
XC494097,10 dB,10.0,0.101757,0.0241118,2937
XC37704,10 dB,10.0,0.565864,0.5274395999999999,2937
XC433376,10 dB,10.0,0.957209,0.9188618,2937
XC39381,10 dB,10.0,0.883219,0.7978336,2937
XC517140,10 dB,10.0,0.95086,0.9639852,2937
XC514357,10 dB,10.0,0.916487,0.6456528,2937
XC228523,10 dB,10.0,0.381082,0.4188412,2937
XC497552,10 dB,10.0,0.731893,0.38353420000000005,2937
XC248855,10 dB,10.0,0.94996,0.9369019999999999,2937
XC159956,10 dB,10.0,0.329919,0.23311580000000004,2937
XC60124,10 dB,10.0,0.930906,0.8059392000000001,2937
XC634056,10 dB,10.0,0.903625,0.8601656,2937
XC205157,10 dB,10.0,0.690099,0.23573919999999998,2937
XC229241,10 dB,10.0,0.925921,0.9052418,2937
XC140327,10 dB,10.0,0.136688,0.11037659999999998,2937
XC500308,10 dB,10.0,0.951494,0.5513796,2937
XC524072,10 dB,10.0,0.861678,0.815673,2937
XC360007,10 dB,10.0,0.976026,0.9479105999999999,2937
XC250299,10 dB,10.0,0.481467,0.34458219999999995,2937
XC192428,10 dB,10.0,0.77223,0.5182424,2937
XC717473,10 dB,10.0,0.942511,0.9124022,2937
XC536672,10 dB,10.0,0.127992,0.0,2937
XC614722,10 dB,10.0,0.176699,0.2745278,2937
XC409332,10 dB,10.0,0.720965,0.23159380000000002,2937
XC235598,10 dB,10.0,0.441775,0.6176376,2937
XC517005,10 dB,10.0,0.994919,0.9390919999999999,2937
XC572899,10 dB,10.0,0.593118,0.6122932000000001,2937
XC616147,10 dB,10.0,0.855916,0.8339892000000001,2937
XC524075,10 dB,10.0,0.88142,0.8457542,2937
XC535147,10 dB,10.0,0.243552,0.2607188,2937
XC228524,10 dB,10.0,0.835877,0.8342392000000001,2937
XC205305,10 dB,10.0,0.884796,0.5249886,2937
XC279627,10 dB,10.0,0.703621,0.6684517999999999,2937
XC182759,10 dB,10.0,0.667589,0.5572706000000001,2937
XC248856,10 dB,10.0,0.925547,0.898563,2937
XC529371,10 dB,10.0,0.352372,0.3488,2937
XC694813,10 dB,10.0,0.523559,0.377899,2937
XC286019,10 dB,10.0,0.142243,0.0,2937
XC420195,10 dB,10.0,0.891797,0.89985,2937
XC7209,10 dB,10.0,0.874153,0.8920172000000001,2937
XC28806,10 dB,10.0,0.823401,0.0,2937
XC90214,10 dB,10.0,0.916197,0.167849,2937
XC228522,10 dB,10.0,0.309535,0.3863532,2937
XC714474,10 dB,10.0,0.404676,0.3193816,2937
XC83837,10 dB,10.0,0.104859,0.0,2937
XC270006,10 dB,10.0,0.792493,0.697038,2937
XC517242,10 dB,10.0,0.981721,0.9763176,2937
XC229522,10 dB,10.0,0.886286,0.7579944,2937
XC300814,10 dB,10.0,0.237524,0.0228378,2937
XC694823,10 dB,10.0,0.877581,0.7699642,2937
XC634100,10 dB,10.0,0.974363,0.9707876000000001,2937
XC524073,10 dB,10.0,0.913024,0.8831628,2937
XC324612,10 dB,10.0,0.397425,0.1125502,2937
XC155526,10 dB,10.0,0.796223,0.7016104000000001,2937
XC286127,10 dB,10.0,0.863175,0.542679,2937
XC53923,10 dB,10.0,0.988055,0.9559507999999999,2937
XC595546,10 dB,10.0,0.875261,0.8345684,2937
XC196807,10 dB,10.0,0.991797,0.9873898000000001,2937
XC369190,10 dB,10.0,0.805436,0.44042180000000003,2937
XC614861,10 dB,10.0,0.962436,0.9448934,2937
XC184673,10 dB,10.0,0.953566,0.9340809999999999,2937
XC438183,10 dB,10.0,0.801935,0.7394098,2937
XC161622,10 dB,10.0,0.189685,0.21303239999999998,2937
XC156249,10 dB,10.0,0.756673,0.667313,2937
XC294272,10 dB,10.0,0.948256,0.7409844,2937
XC500312,10 dB,10.0,0.911882,0.8599918000000001,2937
XC223708,10 dB,10.0,0.77554,0.386604,2937
XC317857,10 dB,10.0,0.926672,0.9044934,2937
XC514318,10 dB,10.0,0.162396,0.050665,2937
XC514342,10 dB,10.0,0.931919,0.9545123999999999,2937
XC152065,10 dB,10.0,0.104124,0.10116080000000001,2937
XC514358,10 dB,10.0,0.746135,0.6555707999999999,2937
XC455169,10 dB,10.0,0.916706,0.8911898,2937
XC236314,10 dB,10.0,0.451711,0.2585256,2937
XC714482,10 dB,10.0,0.708075,0.5792908000000001,2937
XC396491,10 dB,10.0,0.220513,0.0,2937
XC292718,10 dB,10.0,0.139283,0.21661640000000001,2937
XC192769,10 dB,10.0,0.808298,0.7792342,2937
XC74984,10 dB,10.0,0.85633,0.8201972,2937
XC754608,10 dB,10.0,0.727672,0.6761114,2937
XC18946,10 dB,10.0,0.828778,0.3721274,2937
XC708006,10 dB,10.0,0.330188,0.1272858,2937
XC528968,10 dB,10.0,0.840228,0.7196377999999999,2937
XC207975,10 dB,10.0,0.56394,0.2723668,2937
XC634049,10 dB,10.0,0.987744,0.9797974,2937
XC4352,10 dB,10.0,0.511129,0.6268776,2937
XC580956,10 dB,10.0,0.781229,0.1067474,2937
XC359332,10 dB,10.0,0.992678,0.0237432,2937
XC291038,10 dB,10.0,0.264016,0.24400260000000001,2937
XC77104,10 dB,10.0,0.924858,0.8651104000000001,2937
XC529310,10 dB,10.0,0.965215,0.9263462,2937
XC523399,10 dB,10.0,0.747499,0.25687319999999997,2937
XC165953,10 dB,10.0,0.914526,0.7699102,2937
XC615085,10 dB,10.0,0.423157,0.1361706,2937
XC229230,10 dB,10.0,0.702792,0.5102468,2937
XC514345,10 dB,10.0,0.919882,0.8520222000000001,2937
XC292282,10 dB,10.0,0.0,0.0,2937
XC500275,10 dB,10.0,0.928657,0.9114853999999999,2937
XC229229,10 dB,10.0,0.667646,0.5478176,2937
XC207972,10 dB,10.0,0.683506,0.3921306,2937
XC283456,10 dB,10.0,0.408794,0.389477,2937
XC409206,10 dB,10.0,0.89256,0.748799,2937
XC152187,10 dB,10.0,0.484188,0.48469239999999997,2937
XC517082,10 dB,10.0,0.980313,0.9864006,2937
XC1026,10 dB,10.0,0.867781,0.8543308,2937
XC145004,10 dB,10.0,0.66832,0.592078,2937
XC193080,10 dB,10.0,0.855814,0.7834606,2937
XC344197,10 dB,10.0,0.70654,0.668616,2937
XC515030,10 dB,10.0,0.971684,0.9708971999999999,2937
XC572282,10 dB,10.0,0.872588,0.8005936,2937
XC83099,10 dB,10.0,0.963168,0.861608,2937
XC128011,10 dB,10.0,0.189446,0.09343,2937
XC352084,10 dB,10.0,0.734253,0.41167859999999995,2937
XC121782,10 dB,10.0,0.825326,0.330001,2937
XC690240,10 dB,10.0,0.219705,0.055766,2937
XC86089,10 dB,10.0,0.845155,0.799803,2937
XC291487,10 dB,10.0,0.925233,0.8988546,2937
XC595548,10 dB,10.0,0.849747,0.8504719999999999,2937
XC154186,10 dB,10.0,0.974163,0.9619424000000001,2937
XC196806,10 dB,10.0,0.97468,0.9355902,2937
XC314361,10 dB,10.0,0.83676,0.0,2937
XC429969,10 dB,10.0,0.296021,0.247451,2937
XC494231,10 dB,10.0,0.926846,0.9135206,2937
XC133150,10 dB,10.0,0.834403,0.621312,2937
XC736608,10 dB,10.0,0.570746,0.5055596,2937
XC37284,10 dB,10.0,0.412112,0.07692879999999999,2937
XC223709,10 dB,10.0,0.958161,0.8697008,2937
XC514331,10 dB,10.0,0.955177,0.891042,2937
XC578917,10 dB,10.0,0.271914,0.143521,2937
XC158018,10 dB,10.0,0.778003,0.6430773999999999,2937
XC633661,10 dB,10.0,0.978804,0.9728762,2937
XC208009,10 dB,10.0,0.848426,0.6996604,2937
XC86090,10 dB,10.0,0.6735,0.6308262,2937
XC610747,10 dB,10.0,0.536408,0.2504454,2937
XC634176,10 dB,10.0,0.594087,0.5854815999999999,2937
XC407905,10 dB,10.0,0.678182,0.4007332,2937
XC524074,10 dB,10.0,0.823616,0.8292097999999999,2937
XC204579,10 dB,10.0,0.757371,0.8685472000000001,2937
XC634062,10 dB,10.0,0.885858,0.9124522,2937
XC634098,10 dB,10.0,0.989401,0.9762322000000001,2937
XC514962,10 dB,10.0,0.848386,0.653724,2937
XC634174,10 dB,10.0,0.989243,0.987951,2937
XC576693,10 dB,10.0,0.950563,0.6784946,2937
XC210965,10 dB,10.0,0.865255,0.5764674000000001,2937
XC736643,10 dB,10.0,0.93042,0.9539286,2937
XC335309,10 dB,10.0,0.934153,0.9009816,2937
XC59517,10 dB,10.0,0.846815,0.8456661999999999,2937
XC1122,10 dB,10.0,0.925849,0.8477750000000001,2937
XC745270,10 dB,10.0,0.721757,0.5621334,2937
XC196810,10 dB,10.0,0.505988,0.5260304,2937
XC386425,10 dB,10.0,0.875064,0.7621258,2937
XC451453,10 dB,10.0,0.213,0.17172800000000002,2937
XC62685,10 dB,10.0,0.481852,0.41427619999999993,2937
XC635488,10 dB,10.0,0.880693,0.8387774,2937
XC248387,10 dB,10.0,0.881167,0.7998858,2937
XC610748,10 dB,10.0,0.216977,0.0,2937
XC286133,10 dB,10.0,0.925971,0.9454322,2937
XC144443,10 dB,10.0,0.59886,0.24136879999999997,2937
XC552369,10 dB,10.0,0.969604,0.9585386,2937
XC307555,10 dB,10.0,0.225171,0.09001719999999999,2937
XC42254,10 dB,10.0,0.695454,0.5868336000000001,2937
XC441195,10 dB,10.0,0.513425,0.1251628,2937
XC292445,10 dB,10.0,0.957152,0.7938798,2937
XC736647,10 dB,10.0,0.971454,0.9587160000000001,2937
XC222857,10 dB,10.0,0.749267,0.6780996,2937
XC417492,10 dB,10.0,0.104118,0.0,2937
XC517122,10 dB,10.0,0.987386,0.9801672,2937
XC65324,10 dB,10.0,0.870521,0.6478577999999999,2937
XC68999,10 dB,10.0,0.691234,0.6463368,2937
XC504459,10 dB,10.0,0.13709,0.13159800000000002,2937
XC634097,10 dB,10.0,0.993095,0.9953022,2937
XC694814,10 dB,10.0,0.767303,0.7085026,2937
XC156103,10 dB,10.0,0.16615,0.0,2937
XC470518,10 dB,10.0,0.647647,0.6417766,2937
XC246020,10 dB,10.0,0.93049,0.7779764,2937
XC24867,10 dB,10.0,0.380768,0.40861839999999994,2937
XC42252,10 dB,10.0,0.536562,0.4641258,2937
XC634053,10 dB,10.0,0.98948,0.9883469999999999,2937
XC621565,10 dB,10.0,0.578658,0.5696584,2937
XC151206,10 dB,10.0,0.863081,0.33545020000000003,2937
XC36104,10 dB,10.0,0.970215,0.9593788,2937
XC516680,10 dB,10.0,0.910175,0.9372026,2937
XC626897,10 dB,10.0,0.92306,0.8908802,2937
XC36025,10 dB,10.0,0.982146,0.9550114000000001,2937
XC296619,10 dB,10.0,0.986694,0.9735444,2937
XC515023,10 dB,10.0,0.930301,0.8974793999999999,2937
XC409295,10 dB,10.0,0.720108,0.4991742,2937
XC51170,10 dB,10.0,0.78516,0.8079966000000001,2937
XC184117,10 dB,10.0,0.765665,0.8019728,2937
XC543594,10 dB,10.0,0.117654,0.0,2937
XC47645,10 dB,10.0,0.597425,0.55442,2937
XC307556,10 dB,10.0,0.951519,0.3344374,2937
XC453968,10 dB,10.0,0.862411,0.8049124000000001,2937
XC150,10 dB,10.0,0.981132,0.8795056000000001,2937
XC242994,10 dB,10.0,0.696324,0.3812,2937
XC500328,10 dB,10.0,0.975074,0.9679916000000001,2937
XC473472,10 dB,10.0,0.772148,0.5642812,2937
XC634054,10 dB,10.0,0.981755,0.9680524,2937
XC47106,10 dB,10.0,0.177522,0.082606,2937
XC90653,10 dB,10.0,0.97192,0.9292149999999999,2937
XC223706,10 dB,10.0,0.542001,0.9338094,2937
XC475032,10 dB,10.0,0.322565,0.153159,2937
XC396048,10 dB,10.0,0.461601,0.5923052,2937
XC714472,10 dB,10.0,0.875657,0.7050326,2937
XC423,10 dB,10.0,0.855755,0.7516733999999999,2937
XC444049,10 dB,10.0,0.895491,0.8967516,2937
XC634051,10 dB,10.0,0.970634,0.9652305999999999,2937
XC245492,10 dB,10.0,0.651973,0.5493948,2937
XC500277,10 dB,10.0,0.912519,0.6030364,2937
XC172589,10 dB,10.0,0.811605,0.7267636000000001,2937
XC634293,10 dB,10.0,0.208481,0.3381008,2937
XC209062,10 dB,10.0,0.974472,0.9630804,2937
XC471099,10 dB,10.0,0.662244,0.54321,2937
XC476259,10 dB,10.0,0.632386,0.6072561999999999,2937
XC276417,10 dB,10.0,0.966032,0.9394767999999999,2937
XC663611,10 dB,10.0,0.105386,0.0,2937
XC39856,10 dB,10.0,0.935809,0.904907,2937
XC202654,10 dB,10.0,0.643505,0.44813580000000003,2937
XC180606,10 dB,10.0,0.971751,0.9790926000000001,2937
XC156008,10 dB,10.0,0.486209,0.0,2937
XC152186,10 dB,10.0,0.341161,0.377935,2937
XC729259,10 dB,10.0,0.242533,0.19257059999999998,2937
XC303388,10 dB,10.0,0.840974,0.5981642,2937
XC287695,10 dB,10.0,0.12867,0.0668406,2937
XC236362,10 dB,10.0,0.933303,0.944553,2937
XC634169,10 dB,10.0,0.962583,0.9406372,2937
XC714485,10 dB,10.0,0.904667,0.8394688,2937
XC151022,10 dB,10.0,0.884283,0.6350692,2937
XC443573,10 dB,10.0,0.906857,0.7887,2937
XC248631,10 dB,10.0,0.952204,0.9242332,2937
XC717474,10 dB,10.0,0.969036,0.9588032,2937
XC38865,10 dB,10.0,0.854202,0.7017673999999999,2937
XC446763,10 dB,10.0,0.863662,0.8579612000000001,2937
XC514326,10 dB,10.0,0.944723,0.914781,2937
XC570880,10 dB,10.0,0.353757,0.1609368,2937
XC291040,10 dB,10.0,0.140039,0.0846484,2937
XC473420,10 dB,10.0,0.59526,0.45569880000000007,2937
XC288810,10 dB,10.0,0.120476,0.119119,2937
XC12113,10 dB,10.0,0.929308,0.855198,2937
XC628298,10 dB,10.0,0.97117,0.9294838000000001,2937
XC717471,10 dB,10.0,0.978944,0.9711366,2937
XC149129,10 dB,10.0,0.697746,0.5250872,2937
XC249777,10 dB,10.0,0.943789,0.9513756000000001,2937
XC142209,10 dB,10.0,0.478725,0.0,2937
XC376241,10 dB,10.0,0.771699,0.7230638,2937
XC1074,10 dB,10.0,0.761345,0.7629666,2937
XC731548,10 dB,10.0,0.958038,0.8749116000000001,2937
XC369191,10 dB,10.0,0.803825,0.41337039999999997,2937
XC572779,10 dB,10.0,0.94288,0.35467299999999996,2937
XC38940,10 dB,10.0,0.871296,0.8230270000000001,2937
XC516909,10 dB,10.0,0.987809,0.9852132000000001,2937
XC611619,10 dB,10.0,0.869152,0.7702424,2937
XC291821,10 dB,10.0,0.873184,0.867507,2937
XC444563,10 dB,10.0,0.138912,0.21681,2937
XC234277,10 dB,10.0,0.83437,0.5315608,2937
XC82816,10 dB,10.0,0.912015,0.7863092,2937
XC514363,10 dB,10.0,0.958554,0.8848708000000001,2937
XC156250,10 dB,10.0,0.644985,0.22849080000000002,2937
XC694825,10 dB,10.0,0.729127,0.7252716,2937
XC514475,10 dB,10.0,0.984088,0.9314622,2937
XC517347,10 dB,10.0,0.990195,0.9878906000000001,2937
XC479973,10 dB,10.0,0.715524,0.6474786,2937
XC36091,10 dB,10.0,0.772086,0.8362368,2937
XC429907,10 dB,10.0,0.98879,0.9563162000000001,2937
XC33921,10 dB,10.0,0.744181,0.5184788,2937
XC109803,10 dB,10.0,0.931731,0.9170465999999999,2937
XC634057,10 dB,10.0,0.521152,0.48617600000000005,2937
XC614855,10 dB,10.0,0.957771,0.6280564,2937
XC694819,10 dB,10.0,0.761936,0.5983476,2937
XC28805,10 dB,10.0,0.777916,0.4566562,2937
XC41664,10 dB,10.0,0.872489,0.8719986000000001,2937
XC154229,10 dB,10.0,0.937259,0.6966526,2937
XC429691,10 dB,10.0,0.957573,0.886787,2937
XC512612,10 dB,10.0,0.628225,0.9084052,2937
XC455030,10 dB,10.0,0.844535,0.6779366,2937
XC517373,10 dB,10.0,0.986714,0.9776621999999999,2937
XC690108,10 dB,10.0,0.970005,0.9513866,2937
XC40408,10 dB,10.0,0.767669,0.6820226,2937
XC34469,10 dB,10.0,0.66874,0.42874359999999995,2937
XC179939,10 dB,10.0,0.664365,0.2864468,2937
XC639813,10 dB,10.0,0.951101,0.9430108,2937
XC514230,10 dB,10.0,0.201001,0.0215776,2937
XC16627,10 dB,10.0,0.865069,0.9559998000000001,2937
XC197559,10 dB,10.0,0.458183,0.5249682,2937
XC190711,10 dB,10.0,0.402141,0.2903138,2937
XC389157,10 dB,10.0,0.786345,0.6399302,2937
XC351681,10 dB,10.0,0.33904,0.5112216,2937
XC147742,10 dB,10.0,0.464962,0.45001860000000005,2937
XC286021,10 dB,10.0,0.195779,0.0,2937
XC182353,10 dB,10.0,0.95884,0.9454933999999999,2937
XC500316,10 dB,10.0,0.956647,0.950799,2937
XC91192,10 dB,10.0,0.718828,0.7101702000000001,2937
XC249491,10 dB,10.0,0.733895,0.7326349999999999,2937
XC180517,10 dB,10.0,0.365534,0.3758186,2937
XC13293,10 dB,10.0,0.700885,0.8460024,2937
XC415876,10 dB,10.0,0.466071,0.26989260000000004,2937
XC352083,10 dB,10.0,0.748183,0.3905992,2937
XC51169,10 dB,10.0,0.512224,0.163855,2937
XC535145,10 dB,10.0,0.575898,0.631452,2937
XC398482,10 dB,10.0,0.993767,0.8761561999999999,2937
XC251529,10 dB,10.0,0.957134,0.9629899999999999,2937
XC448919,10 dB,10.0,0.978448,0.9343502000000001,2937
XC235597,10 dB,10.0,0.927923,0.8202152,2937
XC41256,10 dB,10.0,0.556748,0.2439794,2937
XC69352,10 dB,10.0,0.517415,0.5473944,2937
XC454532,10 dB,10.0,0.855037,0.8908187999999999,2937
XC249776,10 dB,10.0,0.968252,0.9573941999999999,2937
XC493303,10 dB,10.0,0.958668,0.9460564,2937
XC362122,10 dB,10.0,0.450627,0.3217994,2937
XC168785,10 dB,10.0,0.962106,0.9543052,2937
XC243336,10 dB,10.0,0.595505,0.0,2937
XC42244,10 dB,10.0,0.855,0.8710090000000001,2937
XC64976,10 dB,10.0,0.764674,0.7340055999999999,2937
XC388834,10 dB,10.0,0.853657,0.8136506000000001,2937
XC318412,10 dB,10.0,0.763746,0.6060732,2937
XC312992,10 dB,10.0,0.844492,0.8151780000000001,2937
XC29659,10 dB,10.0,0.947453,0.9344796000000001,2937
XC208007,10 dB,10.0,0.782342,0.461827,2937
XC717472,10 dB,10.0,0.952206,0.913419,2937
XC694822,10 dB,10.0,0.734631,0.5539248,2937
XC39060,10 dB,10.0,0.85925,0.7313674,2937
XC514366,10 dB,10.0,0.921744,0.9384790000000001,2937
XC717476,10 dB,10.0,0.983888,0.9615182000000001,2937
XC664632,10 dB,10.0,0.747155,0.44198839999999995,2937
XC334883,10 dB,10.0,0.954714,0.929413,2937
XC230215,10 dB,10.0,0.987748,0.9574598,2937
XC424687,10 dB,10.0,0.479907,0.0,2937
XC100391,10 dB,10.0,0.901891,0.8775236,2937
XC230211,10 dB,10.0,0.789087,0.5606896,2937
XC44500,10 dB,10.0,0.829451,0.7546914,2937
XC192431,10 dB,10.0,0.848457,0.8996561999999999,2937
XC516606,10 dB,10.0,0.973099,0.9311982000000001,2937
XC569502,10 dB,10.0,0.393933,0.25602099999999994,2937
XC191924,10 dB,10.0,0.684879,0.509879,2937
XC346041,10 dB,10.0,0.813528,0.49729899999999994,2937
XC15737,10 dB,10.0,0.958571,0.5619878,2937
XC622762,10 dB,10.0,0.733612,0.5709538000000001,2937
XC517018,10 dB,10.0,0.948007,0.9574534,2937
XC284123,10 dB,10.0,0.304629,0.2531682,2937
XC286166,10 dB,10.0,0.232174,0.0,2937
XC473594,10 dB,10.0,0.858858,0.6390108,2937
XC513772,10 dB,10.0,0.876941,0.8792588,2937
XC248610,10 dB,10.0,0.915906,0.8713799999999999,2937
XC535146,10 dB,10.0,0.528904,0.0,2937
XC514351,10 dB,10.0,0.371891,0.0200392,2937
XC714470,10 dB,10.0,0.683392,0.528516,2937
XC241931,10 dB,10.0,0.72443,0.5627422,2937
XC513769,10 dB,10.0,0.868132,0.8755024,2937
XC438454,10 dB,10.0,0.393655,0.040098800000000004,2937
XC101061,10 dB,10.0,0.87334,0.8607686000000001,2937
XC515031,10 dB,10.0,0.995337,0.9797184,2937
XC83490,10 dB,10.0,0.96677,0.9181904,2937
XC335304,10 dB,10.0,0.872531,0.6633932,2937
XC514338,10 dB,10.0,0.925561,0.806696,2937
XC192631,10 dB,10.0,0.846872,0.6294449999999999,2937
XC308189,10 dB,10.0,0.705501,0.7220632,2937
XC61884,10 dB,10.0,0.768174,0.027579799999999998,2937
XC535144,10 dB,10.0,0.741162,0.6508644,2937
XC508249,10 dB,10.0,0.375449,0.19711720000000002,2937
XC454101,10 dB,10.0,0.970659,0.9584400000000001,2937
XC102681,10 dB,10.0,0.97872,0.9585813999999999,2937
XC253758,10 dB,10.0,0.5043,0.2482482,2937
XC635471,10 dB,10.0,0.881271,0.8251626,2937
XC121788,10 dB,10.0,0.896065,0.9217254,2937
XC14388,10 dB,10.0,0.151144,0.0901364,2937
XC66172,10 dB,10.0,0.512992,0.429121,2937
XC657037,10 dB,10.0,0.371323,0.2960862,2937
XC706612,10 dB,10.0,0.473623,0.35728020000000005,2937
XC694816,10 dB,10.0,0.766914,0.5729998000000001,2937
XC23836,10 dB,10.0,0.160351,0.0242032,2937
XC69102,10 dB,10.0,0.556244,0.0921184,2937
XC515029,10 dB,10.0,0.964469,0.8716172,2937
XC229228,10 dB,10.0,0.623623,0.6329568,2937
XC101056,10 dB,10.0,0.94648,0.9447791999999999,2937
XC616455,10 dB,10.0,0.946791,0.506733,2937
XC731539,10 dB,10.0,0.988375,0.9281238,2937
XC385745,10 dB,10.0,0.848698,0.7475842,2937
XC634064,10 dB,10.0,0.719428,0.798109,2937
XC416030,10 dB,10.0,0.714559,0.6538798,2937
XC102680,10 dB,10.0,0.876081,0.801398,2937
XC192630,10 dB,10.0,0.484045,0.10316860000000001,2937
XC64655,10 dB,10.0,0.60826,0.7001286,2937
XC185174,10 dB,10.0,0.709731,0.7253342,2937
XC33934,10 dB,10.0,0.683389,0.7234788,2937
XC106501,10 dB,10.0,0.89578,0.8615676000000001,2937
XC129295,10 dB,10.0,0.978682,0.9709624,2937
XC397624,10 dB,10.0,0.336913,0.05355259999999999,2937
XC690241,10 dB,10.0,0.507259,0.0,2937
XC572866,10 dB,10.0,0.803666,0.8394382,2937
XC203382,10 dB,10.0,0.595415,0.534235,2937
XC51171,10 dB,10.0,0.828203,0.7638532,2937
XC177925,10 dB,10.0,0.86384,0.7162368000000001,2937
XC106502,10 dB,10.0,0.876985,0.8055698,2937
XC511547,10 dB,10.0,0.91976,0.85724,2937
XC36092,10 dB,10.0,0.908428,0.9358261999999999,2937
XC529370,10 dB,10.0,0.417397,0.17564960000000002,2937
XC96896,10 dB,10.0,0.20036,0.0,2937
XC152064,10 dB,10.0,0.126144,0.0941118,2937
XC634058,10 dB,10.0,0.295294,0.3593308,2937
XC406078,10 dB,10.0,0.864336,0.8421901999999999,2937
XC514283,10 dB,10.0,0.938141,0.7095461999999999,2937
XC166307,10 dB,10.0,0.993793,0.9842217999999999,2937
XC317721,10 dB,10.0,0.807345,0.624993,2937
XC714486,10 dB,10.0,0.770077,0.6530498,2937
XC666746,10 dB,10.0,0.521911,0.0,2937
XC506919,10 dB,10.0,0.521869,0.7203024,2937
XC180856,10 dB,10.0,0.413342,0.113168,2937
XC363841,10 dB,10.0,0.153924,0.0219022,2937
XC763502,10 dB,10.0,0.322371,0.23527880000000004,2937
XC694809,10 dB,10.0,0.824357,0.7448838,2937
XC39382,10 dB,10.0,0.783621,0.7388678,2937
XC190497,10 dB,10.0,0.95999,0.8630352,2937
XC517321,10 dB,10.0,0.142587,0.17649520000000002,2937
XC514374,10 dB,10.0,0.911108,0.847129,2937
XC576694,10 dB,10.0,0.7416,0.43469959999999996,2937
XC156009,10 dB,10.0,0.748596,0.4743164,2937
XC251530,10 dB,10.0,0.420133,0.40025659999999996,2937
XC317807,10 dB,10.0,0.799444,0.832234,2937
XC845938,10 dB,10.0,0.17173,0.0822154,2937
XC362112,10 dB,10.0,0.476059,0.4136234,2937
XC39069,10 dB,10.0,0.931829,0.8624919999999999,2937
XC448918,10 dB,10.0,0.892903,0.8600578000000001,2937
XC156006,10 dB,10.0,0.641157,0.2895586,2937
XC34467,10 dB,10.0,0.709956,0.731188,2937
XC351435,10 dB,10.0,0.828438,0.7002826,2937
XC59518,10 dB,10.0,0.345029,0.29719280000000003,2937
XC83907,10 dB,10.0,0.951171,0.9312837999999999,2937
XC126989,10 dB,10.0,0.61561,0.5957236,2937
XC207950,10 dB,10.0,0.101391,0.0,2937
XC445986,10 dB,10.0,0.953896,0.6936734,2937
XC514467,10 dB,10.0,0.963183,0.9058868,2937
XC517142,10 dB,10.0,0.961942,0.921449,2937
XC358304,10 dB,10.0,0.256137,0.398739,2937
XC516656,10 dB,10.0,0.953887,0.9443856,2937
XC42246,10 dB,10.0,0.970963,0.9168806,2937
XC155990,10 dB,10.0,0.104212,0.0,2937
XC41666,10 dB,10.0,0.896541,0.766424,2937
XC615602,10 dB,10.0,0.462189,0.4313612,2937
XC515615,10 dB,10.0,0.994895,0.9958178,2937
XC521535,10 dB,10.0,0.996842,0.976085,2937
XC240128,10 dB,10.0,0.758189,0.6521686,2937
XC7170,10 dB,10.0,0.938962,0.9468385999999999,2937
XC1080575,10 dB,10.0,0.139985,0.0,2937
XC249439,10 dB,10.0,0.924865,0.9433952,2937
XC457315,10 dB,10.0,0.206747,0.1052402,2937
XC123020,10 dB,10.0,0.875426,0.8576406000000001,2937
XC150779,10 dB,10.0,0.335667,0.200579,2937
XC706613,10 dB,10.0,0.183291,0.0,2937
XC498079,10 dB,10.0,0.994902,0.9904678,2937
XC514429,10 dB,10.0,0.320544,0.23570220000000003,2937
XC188220,10 dB,10.0,0.965135,0.947969,2937
XC334269,10 dB,10.0,0.243427,0.3792052,2937
XC21587,10 dB,10.0,0.654929,0.5023632,2937
XC42248,10 dB,10.0,0.621155,0.8024419999999999,2937
XC526184,10 dB,10.0,0.87848,0.791666,2937
XC83865,10 dB,10.0,0.156604,0.15930919999999998,2937
XC767562,10 dB,10.0,0.174718,0.0202278,2937
XC335143,10 dB,10.0,0.702359,0.7737936,2937
XC238665,10 dB,10.0,0.982485,0.970993,2937
XC629962,10 dB,10.0,0.974693,0.9419266000000001,2937
XC117399,10 dB,10.0,0.974348,0.9175128000000001,2937
XC182258,10 dB,10.0,0.201841,0.4343874,2937
XC6192,10 dB,10.0,0.921072,0.8989594000000001,2937
XC705473,10 dB,10.0,0.882589,0.915189,2937
XC782813,10 dB,10.0,0.159089,0.15926800000000002,2937
XC141610,10 dB,10.0,0.940577,0.9113514,2937
XC262859,10 dB,10.0,0.944089,0.9304435999999999,2937
XC1183762,10 dB,10.0,0.850991,0.7355902000000001,2937
XC221822,10 dB,10.0,0.905828,0.8549640000000001,2937
XC213072,10 dB,10.0,0.966425,0.9360012,2937
XC955344,10 dB,10.0,0.988636,0.9783542000000001,2937
XC452850,10 dB,10.0,0.952819,0.9334326000000001,2937
XC221834,10 dB,10.0,0.901605,0.8858596000000001,2937
XC63323,10 dB,10.0,0.868764,0.8833344000000001,2937
XC332903,10 dB,10.0,0.975812,0.9610782,2937
XC35361,10 dB,10.0,0.910261,0.6770158000000001,2937
XC958225,10 dB,10.0,0.969309,0.9585996,2937
XC551201,10 dB,10.0,0.26793,0.22587480000000001,2937
XC117343,10 dB,10.0,0.860004,0.8974922,2937
XC4724,10 dB,10.0,0.931737,0.8888617999999999,2937
XC486438,10 dB,10.0,0.971402,0.9609476000000001,2937
XC123657,10 dB,10.0,0.949184,0.8497664,2937
XC289850,10 dB,10.0,0.826142,0.6118498,2937
XC1050604,10 dB,10.0,0.157984,0.1195552,2937
XC965412,10 dB,10.0,0.968438,0.9495026,2937
XC986715,10 dB,10.0,0.936359,0.8684976000000001,2937
XC64282,10 dB,10.0,0.442691,0.737444,2937
XC217200,10 dB,10.0,0.912413,0.860718,2937
XC920874,10 dB,10.0,0.286297,0.0,2937
XC117390,10 dB,10.0,0.343242,0.122184,2937
XC955066,10 dB,10.0,0.979652,0.981155,2937
XC1099,10 dB,10.0,0.909986,0.9055058,2937
XC238216,10 dB,10.0,0.903308,0.9133735999999999,2937
XC965428,10 dB,10.0,0.962089,0.8934386,2937
XC117969,10 dB,10.0,0.833881,0.8386950000000001,2937
XC462182,10 dB,10.0,0.464575,0.0,2937
XC9338,10 dB,10.0,0.680152,0.4678408,2937
XC1035920,10 dB,10.0,0.859396,0.37787960000000004,2937
XC953398,10 dB,10.0,0.814367,0.7940438000000001,2937
XC221836,10 dB,10.0,0.796397,0.7901710000000001,2937
XC239090,10 dB,10.0,0.962241,0.9545626,2937
XC552350,10 dB,10.0,0.223779,0.31517300000000004,2937
XC221828,10 dB,10.0,0.794673,0.8151377999999999,2937
XC401413,10 dB,10.0,0.96177,0.9489014000000001,2937
XC276293,10 dB,10.0,0.962388,0.9239713999999999,2937
XC1182467,10 dB,10.0,0.9681,0.9654718000000001,2937
XC1068423,10 dB,10.0,0.904914,0.7465328,2937
XC570356,10 dB,10.0,0.118876,0.0258984,2937
XC639880,10 dB,10.0,0.922546,0.7048076,2937
XC47907,10 dB,10.0,0.93248,0.8829062000000001,2937
XC94,10 dB,10.0,0.356317,0.6203022,2937
XC450786,10 dB,10.0,0.930104,0.9187892,2937
XC481239,10 dB,10.0,0.903796,0.7925518,2937
XC1009773,10 dB,10.0,0.886154,0.8145664,2937
XC871978,10 dB,10.0,0.456831,0.447569,2937
XC619043,10 dB,10.0,0.321551,0.0,2937
XC717260,10 dB,10.0,0.98528,0.7951462,2937
XC117341,10 dB,10.0,0.861686,0.9153840000000001,2937
XC1173801,10 dB,10.0,0.337267,0.3440202,2937
XC563191,10 dB,10.0,0.960042,0.9752042,2937
XC982174,10 dB,10.0,0.933674,0.8352046,2937
XC119909,10 dB,10.0,0.918392,0.8982789999999999,2937
XC117940,10 dB,10.0,0.910418,0.8447412,2937
XC1142042,10 dB,10.0,0.956103,0.9405747999999999,2937
XC648682,10 dB,10.0,0.970233,0.9591367999999999,2937
XC717257,10 dB,10.0,0.98528,0.6535344000000001,2937
XC1068898,10 dB,10.0,0.62104,0.4668498,2937
XC670079,10 dB,10.0,0.973885,0.892309,2937
XC862953,10 dB,10.0,0.915617,0.8967886,2937
XC1139578,10 dB,10.0,0.956144,0.9618106,2937
XC817025,10 dB,10.0,0.785548,0.538983,2937
XC117237,10 dB,10.0,0.102532,0.0,2937
XC92072,10 dB,10.0,0.88362,0.841858,2937
XC6265,10 dB,10.0,0.925973,0.9235362,2937
XC231238,10 dB,10.0,0.953463,0.9058782000000001,2937
XC124943,10 dB,10.0,0.879802,0.7874726,2937
XC74276,10 dB,10.0,0.931328,0.8033106,2937
XC273514,10 dB,10.0,0.957477,0.9696581999999999,2937
XC9939,10 dB,10.0,0.818458,0.7363118,2937
XC13506,10 dB,10.0,0.96277,0.9663862,2937
XC986718,10 dB,10.0,0.87504,0.9360718,2937
XC683921,10 dB,10.0,0.902002,0.8989282,2937
XC401264,10 dB,10.0,0.896497,0.8975334,2937
XC698536,10 dB,10.0,0.842852,0.8390986,2937
XC167252,10 dB,10.0,0.928827,0.8794758,2937
XC673176,10 dB,10.0,0.888035,0.8224904000000001,2937
XC472076,10 dB,10.0,0.804206,0.5857704,2937
XC730108,10 dB,10.0,0.892769,0.9147513999999999,2937
XC353537,10 dB,10.0,0.642528,0.4410102,2937
XC821559,10 dB,10.0,0.809085,0.7367891999999999,2937
XC1019664,10 dB,10.0,0.95487,0.9238698,2937
XC574867,10 dB,10.0,0.937328,0.9249378,2937
XC231245,10 dB,10.0,0.922954,0.8912088,2937
XC36720,10 dB,10.0,0.933903,0.8614602,2937
XC446610,10 dB,10.0,0.898646,0.7519132,2937
XC117402,10 dB,10.0,0.319432,0.26918319999999996,2937
XC439082,10 dB,10.0,0.131385,0.1417416,2937
XC176263,10 dB,10.0,0.855423,0.8209744000000001,2937
XC329091,10 dB,10.0,0.917364,0.9009360000000001,2937
XC65691,10 dB,10.0,0.918903,0.9464354,2937
XC9840,10 dB,10.0,0.926503,0.9409089999999999,2937
XC639885,10 dB,10.0,0.945922,0.7832732,2937
XC239092,10 dB,10.0,0.551374,0.4278122,2937
XC881545,10 dB,10.0,0.949997,0.9178546000000001,2937
XC176277,10 dB,10.0,0.801849,0.7138068,2937
XC685672,10 dB,10.0,0.776086,0.45331859999999996,2937
XC609167,10 dB,10.0,0.901681,0.8990406,2937
XC75049,10 dB,10.0,0.873252,0.8499874000000001,2937
XC124860,10 dB,10.0,0.97728,0.9736444000000001,2937
XC209066,10 dB,10.0,0.413611,0.0,2937
XC593289,10 dB,10.0,0.492626,0.24714339999999999,2937
XC330075,10 dB,10.0,0.611959,0.21108159999999998,2937
XC54798,10 dB,10.0,0.833668,0.8024462,2937
XC127813,10 dB,10.0,0.853691,0.7564816000000001,2937
XC549355,10 dB,10.0,0.22236,0.0,2937
XC609913,10 dB,10.0,0.961577,0.9458688000000001,2937
XC140621,10 dB,10.0,0.950747,0.9242126,2937
XC104125,10 dB,10.0,0.881436,0.8235210000000001,2937
XC203677,10 dB,10.0,0.919978,0.9187212,2937
XC349414,10 dB,10.0,0.778211,0.7324818000000001,2937
XC529165,10 dB,10.0,0.969833,0.958734,2937
XC217695,10 dB,10.0,0.227026,0.024404600000000002,2937
XC733965,10 dB,10.0,0.976785,0.9657197999999999,2937
XC1150401,10 dB,10.0,0.611512,0.5160208,2937
XC284945,10 dB,10.0,0.912551,0.9069041999999999,2937
XC380710,10 dB,10.0,0.951833,0.9256862,2937
XC743526,10 dB,10.0,0.924091,0.830077,2937
XC173433,10 dB,10.0,0.324142,0.27026279999999997,2937
XC260327,10 dB,10.0,0.971701,0.96244,2937
XC1180204,10 dB,10.0,0.828007,0.38504900000000003,2937
XC43730,10 dB,10.0,0.196826,0.148177,2937
XC11871,10 dB,10.0,0.957712,0.807478,2937
XC795926,10 dB,10.0,0.69317,0.6764978,2937
XC353906,10 dB,10.0,0.92284,0.9154148,2937
XC251636,10 dB,10.0,0.894403,0.8788868000000001,2937
XC1068886,10 dB,10.0,0.930035,0.9198726,2937
XC117475,10 dB,10.0,0.932573,0.8113092,2937
XC614772,10 dB,10.0,0.267401,0.2044378,2937
XC769477,10 dB,10.0,0.897261,0.8992584000000001,2937
XC156972,10 dB,10.0,0.944136,0.9413518,2937
XC192238,10 dB,10.0,0.963027,0.9062886000000001,2937
XC346417,10 dB,10.0,0.976826,0.9759598,2937
XC698535,10 dB,10.0,0.944691,0.9324724,2937
XC221885,10 dB,10.0,0.958607,0.9642611999999999,2937
XC24203,10 dB,10.0,0.973634,0.9703949999999999,2937
XC1183429,10 dB,10.0,0.945257,0.9418532000000001,2937
XC387680,10 dB,10.0,0.902602,0.9082784,2937
XC122487,10 dB,10.0,0.926712,0.9006187999999999,2937
XC97090,10 dB,10.0,0.96147,0.9359152,2937
XC318739,10 dB,10.0,0.801021,0.58419,2937
XC944387,10 dB,10.0,0.930488,0.9313752000000001,2937
XC537897,10 dB,10.0,0.374801,0.255071,2937
XC115877,10 dB,10.0,0.859547,0.5250410000000001,2937
XC694205,10 dB,10.0,0.957698,0.8962498,2937
XC187295,10 dB,10.0,0.866961,0.7791866000000001,2937
XC155416,10 dB,10.0,0.892368,0.7162488,2937
XC127951,10 dB,10.0,0.175801,0.112049,2937
XC391429,10 dB,10.0,0.876451,0.8095568,2937
XC801655,10 dB,10.0,0.851202,0.7278948,2937
XC952952,10 dB,10.0,0.984489,0.9509146000000002,2937
XC1078023,10 dB,10.0,0.928744,0.9374966,2937
XC1175092,10 dB,10.0,0.23183,0.3842984,2937
XC34,10 dB,10.0,0.940276,0.9121803999999999,2937
XC687037,10 dB,10.0,0.102743,0.0,2937
XC3145,10 dB,10.0,0.784343,0.7827035999999999,2937
XC512211,10 dB,10.0,0.800661,0.8651376000000001,2937
XC582797,10 dB,10.0,0.94875,0.9405858,2937
XC188875,10 dB,10.0,0.85392,0.6044532,2937
XC85442,10 dB,10.0,0.870663,0.8354772,2937
XC221821,10 dB,10.0,0.875863,0.9177932,2937
XC122569,10 dB,10.0,0.841083,0.7450254000000001,2937
XC390190,10 dB,10.0,0.553077,0.2818336,2937
XC556639,10 dB,10.0,0.892662,0.8527338,2937
XC514464,10 dB,10.0,0.979491,0.9477308000000001,2937
XC353330,10 dB,10.0,0.726196,0.6926924,2937
XC294118,10 dB,10.0,0.165463,0.1289968,2937
XC529481,10 dB,10.0,0.984845,0.9698962,2937
XC333322,10 dB,10.0,0.939046,0.9013724,2937
XC752666,10 dB,10.0,0.972371,0.9407804000000001,2937
XC334270,10 dB,10.0,0.809676,0.5363774,2937
XC65380,10 dB,10.0,0.707719,0.5749424000000001,2937
XC249415,10 dB,10.0,0.855507,0.8733402,2937
XC657320,10 dB,10.0,0.973384,0.9541798,2937
XC514280,10 dB,10.0,0.919244,0.857149,2937
XC395757,10 dB,10.0,0.746375,0.661683,2937
XC124264,10 dB,10.0,0.92947,0.9631069999999999,2937
XC6189,10 dB,10.0,0.633307,0.5728514,2937
XC521538,10 dB,10.0,0.979078,0.9700668,2937
XC282306,10 dB,10.0,0.958133,0.9531212,2937
XC117398,10 dB,10.0,0.976064,0.9212576,2937
XC986563,10 dB,10.0,0.531096,0.5030966,2937
XC724679,10 dB,10.0,0.979358,0.9699669999999999,2937
XC616210,10 dB,10.0,0.949173,0.8790184,2937
XC557622,10 dB,10.0,0.509008,0.1376076,2937
XC621782,10 dB,10.0,0.904588,0.7088374,2937
XC845927,10 dB,10.0,0.399266,0.1346704,2937
XC428699,10 dB,10.0,0.954652,0.7589119999999999,2937
XC350929,10 dB,10.0,0.329797,0.3897848,2937
XC979864,10 dB,10.0,0.965823,0.9494412000000001,2937
XC239087,10 dB,10.0,0.954368,0.9442299999999999,2937
XC837123,10 dB,10.0,0.923719,0.9414144,2937
XC400646,10 dB,10.0,0.304408,0.1828072,2937
XC29427,10 dB,10.0,0.947395,0.932094,2937
XC435857,10 dB,10.0,0.898394,0.8993126,2937
XC9904,10 dB,10.0,0.947009,0.8980418,2937
XC536695,10 dB,10.0,0.9379,0.9378618,2937
XC456377,10 dB,10.0,0.897879,0.9112658,2937
XC481243,10 dB,10.0,0.839541,0.7825666,2937
XC231252,10 dB,10.0,0.450497,0.30014759999999996,2937
XC182608,10 dB,10.0,0.477597,0.45020799999999994,2937
XC338619,10 dB,10.0,0.875808,0.8579996,2937
XC91214,10 dB,10.0,0.301805,0.28894600000000004,2937
XC944044,10 dB,10.0,0.898035,0.887062,2937
XC54929,10 dB,10.0,0.916533,0.6086358,2937
XC340041,10 dB,10.0,0.260718,0.21807859999999998,2937
XC520724,10 dB,10.0,0.942257,0.8313038,2937
XC202,10 dB,10.0,0.893135,0.8867342,2937
XC1158132,10 dB,10.0,0.947274,0.8995264000000001,2937
XC117474,10 dB,10.0,0.869138,0.8085302000000001,2937
XC217201,10 dB,10.0,0.762367,0.737807,2937
XC277175,10 dB,10.0,0.914712,0.542615,2937
XC71614,10 dB,10.0,0.490413,0.6499292000000001,2937
XC195102,10 dB,10.0,0.761616,0.7284468000000001,2937
XC585162,10 dB,10.0,0.912858,0.6206524,2937
XC608132,10 dB,10.0,0.933033,0.902266,2937
XC270977,10 dB,10.0,0.824343,0.4509256,2937
XC121330,10 dB,10.0,0.317515,0.2915368,2937
XC221826,10 dB,10.0,0.909222,0.9149698,2937
XC40712,10 dB,10.0,0.958958,0.8281244000000001,2937
XC345319,10 dB,10.0,0.413687,0.31429260000000003,2937
XC692855,10 dB,10.0,0.96726,0.948643,2937
XC231248,10 dB,10.0,0.959104,0.9461318000000001,2937
XC641695,10 dB,10.0,0.964371,0.9185013999999999,2937
XC1181643,10 dB,10.0,0.960298,0.9201065999999999,2937
XC102372,10 dB,10.0,0.829914,0.8054492,2937
XC514319,10 dB,10.0,0.413643,0.3978408,2937
XC329089,10 dB,10.0,0.958919,0.9362284000000001,2937
XC525925,10 dB,10.0,0.204079,0.14656940000000002,2937
XC221818,10 dB,10.0,0.827682,0.6922931999999999,2937
XC845941,10 dB,10.0,0.311186,0.0,2937
XC387444,10 dB,10.0,0.899062,0.926047,2937
XC105785,10 dB,10.0,0.519865,0.6612568,2937
XC138931,10 dB,10.0,0.518545,0.20301019999999997,2937
XC119752,10 dB,10.0,0.907817,0.8598775999999999,2937
XC406949,10 dB,10.0,0.52667,0.0,2937
XC117391,10 dB,10.0,0.651459,0.7177308,2937
XC769668,10 dB,10.0,0.936608,0.9014832,2937
XC506024,10 dB,10.0,0.90257,0.9053668,2937
XC239091,10 dB,10.0,0.530733,0.1264962,2937
XC1011761,10 dB,10.0,0.931179,0.8426756000000001,2937
XC9563,10 dB,10.0,0.83942,0.8050347999999999,2937
XC1139336,10 dB,10.0,0.963273,0.950907,2937
XC117938,10 dB,10.0,0.79153,0.6883938000000001,2937
XC127229,10 dB,10.0,0.92904,0.8789892,2937
XC537922,10 dB,10.0,0.160613,0.0,2937
XC33754,10 dB,10.0,0.994634,0.9949952,2937
XC275912,10 dB,10.0,0.896331,0.8946517999999999,2937
XC298876,10 dB,10.0,0.938597,0.8844239999999999,2937
XC54857,10 dB,10.0,0.795939,0.5362123999999999,2937
XC117875,10 dB,10.0,0.744742,0.9190918,2937
XC159203,10 dB,10.0,0.164114,0.0,2937
XC576436,10 dB,10.0,0.947419,0.9300326,2937
XC251635,10 dB,10.0,0.640693,0.5666096,2937
XC95327,10 dB,10.0,0.1468,0.1621654,2937
XC100340,10 dB,10.0,0.92904,0.873992,2937
XC251975,10 dB,10.0,0.889012,0.9020712,2937
XC965399,10 dB,10.0,0.965059,0.8365598000000001,2937
XC745959,10 dB,10.0,0.70782,0.24981119999999998,2937
XC1076679,10 dB,10.0,0.733545,0.6753606,2937
XC13439,10 dB,10.0,0.892385,0.8014838,2937
XC477771,10 dB,10.0,0.929494,0.863022,2937
XC1085552,10 dB,10.0,0.954439,0.9423182000000001,2937
XC97267,10 dB,10.0,0.882989,0.8460749999999999,2937
XC1028543,10 dB,10.0,0.981374,0.975831,2937
XC248663,10 dB,10.0,0.860877,0.8295068000000001,2937
XC483178,10 dB,10.0,0.488769,0.47108160000000004,2937
XC771791,10 dB,10.0,0.916025,0.9048092000000001,2937
XC1174785,10 dB,10.0,0.895942,0.9121058,2937
XC517004,10 dB,10.0,0.994588,0.9698074,2937
XC257244,10 dB,10.0,0.915859,0.8637404,2937
XC449720,10 dB,10.0,0.141054,0.2239638,2937
XC493784,10 dB,10.0,0.940029,0.9048035999999999,2937
XC472328,10 dB,10.0,0.950167,0.9550094,2937
XC24460,10 dB,10.0,0.857748,0.4365232,2937
XC64137,10 dB,10.0,0.933161,0.914527,2937
XC517023,10 dB,10.0,0.984956,0.9775159999999999,2937
XC354167,10 dB,10.0,0.888751,0.4771092,2937
XC516634,10 dB,10.0,0.951678,0.9555436,2937
XC706672,10 dB,10.0,0.315096,0.1246148,2937
XC117970,10 dB,10.0,0.92721,0.846706,2937
XC56827,10 dB,10.0,0.254641,0.1665494,2937
XC748492,10 dB,10.0,0.895348,0.5146577999999999,2937
XC767460,10 dB,10.0,0.597703,0.3768948,2937
XC295796,10 dB,10.0,0.941999,0.9514234,2937
XC933265,10 dB,10.0,0.957475,0.9599603999999999,2937
XC984820,10 dB,10.0,0.774135,0.7806252,2937
XC557620,10 dB,10.0,0.964193,0.9514988000000001,2937
XC894922,10 dB,10.0,0.224234,0.20837080000000002,2937
XC21589,10 dB,10.0,0.605349,0.5438636000000001,2937
XC117400,10 dB,10.0,0.951904,0.9463126000000001,2937
XC117439,10 dB,10.0,0.861975,0.8062918,2937
XC44067,10 dB,10.0,0.907718,0.8338094,2937
XC490102,10 dB,10.0,0.955506,0.9446709999999999,2937
XC351780,10 dB,10.0,0.555355,0.033782,2937
XC1145229,10 dB,10.0,0.951732,0.9109594,2937
XC33658,10 dB,10.0,0.10166,0.0,2937
XC94146,10 dB,10.0,0.697371,0.4231382,2937
XC339994,10 dB,10.0,0.94164,0.8482673999999999,2937
XC1033438,10 dB,10.0,0.949621,0.908718,2937
XC117866,10 dB,10.0,0.8854,0.8853260000000001,2937
XC683916,10 dB,10.0,0.929986,0.878725,2937
XC199263,10 dB,10.0,0.890099,0.8929030000000001,2937
XC1152523,10 dB,10.0,0.752799,0.7381042,2937
XC944386,10 dB,10.0,0.901723,0.8704134,2937
XC9839,10 dB,10.0,0.918292,0.9030392,2937
XC223712,10 dB,10.0,0.544754,0.6149788,2937
XC291909,10 dB,10.0,0.882021,0.761374,2937
XC511115,10 dB,10.0,0.174564,0.1249306,2937
XC231237,10 dB,10.0,0.967734,0.8948136,2937
XC95326,10 dB,10.0,0.130261,0.0502402,2937
XC507903,10 dB,10.0,0.937446,0.9245851999999999,2937
XC353525,10 dB,10.0,0.787,0.395815,2937
XC517126,10 dB,10.0,0.963214,0.9223946,2937
XC17881,10 dB,10.0,0.984836,0.9612126,2937
XC514446,10 dB,10.0,0.800117,0.6966884,2937
XC1044072,10 dB,10.0,0.953327,0.9159668,2937
XC517021,10 dB,10.0,0.946552,0.9166190000000001,2937
XC435537,10 dB,10.0,0.830012,0.17521579999999998,2937
XC862485,10 dB,10.0,0.870892,0.8684966,2937
XC127228,10 dB,10.0,0.926707,0.902054,2937
XC810505,10 dB,10.0,0.52884,0.5606666,2937
XC845929,10 dB,10.0,0.319027,0.38376,2937
XC698654,10 dB,10.0,0.89888,0.8617322,2937
XC845037,10 dB,10.0,0.884954,0.7994490000000001,2937
XC340067,10 dB,10.0,0.435326,0.660837,2937
XC399451,10 dB,10.0,0.945645,0.9270191999999999,2937
XC137697,10 dB,10.0,0.937874,0.9383906,2937
XC178657,10 dB,10.0,0.909084,0.66087,2937
XC980748,10 dB,10.0,0.9505,0.9080406,2937
XC514492,10 dB,10.0,0.889702,0.6803592,2937
XC156745,10 dB,10.0,0.348482,0.2388642,2937
XC526190,10 dB,10.0,0.154933,0.06934,2937
XC256978,10 dB,10.0,0.968023,0.9441626,2937
XC333320,10 dB,10.0,0.973545,0.9555686,2937
XC656067,10 dB,10.0,0.964403,0.8849126,2937
XC372434,10 dB,10.0,0.947506,0.9526787999999999,2937
XC834114,10 dB,10.0,0.104002,0.0,2937
XC64136,10 dB,10.0,0.959684,0.9444222,2937
XC2706,10 dB,10.0,0.96516,0.9440424000000001,2937
XC117476,10 dB,10.0,0.908795,0.8583544,2937
XC610115,10 dB,10.0,0.966648,0.9518148,2937
XC121218,10 dB,10.0,0.926228,0.905523,2937
XC321483,10 dB,10.0,0.425885,0.0,2937
XC221820,10 dB,10.0,0.874419,0.9017624,2937
XC68054,10 dB,10.0,0.895416,0.8931749999999999,2937
XC297690,10 dB,10.0,0.786225,0.7440048,2937
XC212849,10 dB,10.0,0.852525,0.5842112,2937
XC305368,10 dB,10.0,0.964135,0.9378598,2937
XC998172,10 dB,10.0,0.933995,0.8979649999999999,2937
XC249414,10 dB,10.0,0.883676,0.7376004,2937
XC812877,10 dB,10.0,0.93668,0.9263389999999999,2937
XC333567,10 dB,10.0,0.980725,0.9689996000000001,2937
XC1181496,10 dB,10.0,0.518143,0.0913444,2937
XC117867,10 dB,10.0,0.947733,0.9434837999999999,2937
XC979867,10 dB,10.0,0.865231,0.8912066,2937
XC982175,10 dB,10.0,0.929577,0.9226998,2937
XC165994,10 dB,10.0,0.337984,0.1503734,2937
XC642569,10 dB,10.0,0.935274,0.8733128000000001,2937
XC517269,10 dB,10.0,0.943273,0.9444604,2937
XC151221,10 dB,10.0,0.293666,0.0,2937
XC55897,10 dB,10.0,0.290612,0.3526586,2937
XC816990,10 dB,10.0,0.498087,0.42890259999999997,2937
XC428089,10 dB,10.0,0.859247,0.6321694,2937
XC564620,10 dB,10.0,0.968265,0.9504146,2937
XC117338,10 dB,10.0,0.610103,0.6835222,2937
XC15033,10 dB,10.0,0.953975,0.977828,2937
XC1085553,10 dB,10.0,0.957146,0.953206,2937
XC65348,10 dB,10.0,0.464661,0.29414039999999997,2937
XC76655,10 dB,10.0,0.936501,0.8231384,2937
XC152944,10 dB,10.0,0.363974,0.26174939999999997,2937
XC117353,10 dB,10.0,0.841064,0.7110902,2937
XC245528,10 dB,10.0,0.967519,0.9310687999999999,2937
XC360009,10 dB,10.0,0.813057,0.6923066,2937
XC106610,10 dB,10.0,0.833459,0.8014849999999999,2937
XC54394,10 dB,10.0,0.958638,0.9511958,2937
XC3735,10 dB,10.0,0.896464,0.8993674,2937
XC463658,10 dB,10.0,0.933641,0.4388898,2937
XC377192,10 dB,10.0,0.962513,0.954604,2937
XC1179462,10 dB,10.0,0.969073,0.9670413999999999,2937
XC1073177,10 dB,10.0,0.937361,0.9082252000000001,2937
XC39855,10 dB,10.0,0.955883,0.8769034,2937
XC261514,10 dB,10.0,0.387534,0.30258820000000003,2937
XC85036,10 dB,10.0,0.936562,0.856888,2937
XC482180,10 dB,10.0,0.94446,0.8971232,2937
XC429417,10 dB,10.0,0.880881,0.8085086,2937
XC221887,10 dB,10.0,0.949968,0.875529,2937
XC493927,10 dB,10.0,0.843796,0.8799142,2937
XC636382,10 dB,10.0,0.955633,0.9578298000000001,2937
XC1065170,10 dB,10.0,0.924382,0.7264482,2937
XC90693,10 dB,10.0,0.91595,0.892614,2937
XC257243,10 dB,10.0,0.945906,0.9005248,2937
XC634096,10 dB,10.0,0.980716,0.9819034,2937
XC363937,10 dB,10.0,0.981547,0.9674479999999999,2937
XC73976,10 dB,10.0,0.774724,0.7435094,2937
XC444542,10 dB,10.0,0.902358,0.8281554,2937
XC872350,10 dB,10.0,0.834867,0.8439522,2937
XC9838,10 dB,10.0,0.862874,0.916272,2937
XC754627,10 dB,10.0,0.558207,0.5450704,2937
XC15034,10 dB,10.0,0.974847,0.9426276,2937
XC196811,10 dB,10.0,0.866462,0.6651406,2937
XC965410,10 dB,10.0,0.946006,0.9428076000000001,2937
XC231235,10 dB,10.0,0.952821,0.9116137999999999,2937
XC767464,10 dB,10.0,0.11715,0.11425099999999999,2937
XC257241,10 dB,10.0,0.968615,0.9318702,2937
XC4097,10 dB,10.0,0.390442,0.3206078,2937
XC517322,10 dB,10.0,0.905869,0.8469606000000001,2937
XC730107,10 dB,10.0,0.795193,0.6337554,2937
XC474813,10 dB,10.0,0.921212,0.9270492000000001,2937
XC117339,10 dB,10.0,0.762027,0.8568606000000001,2937
XC979865,10 dB,10.0,0.957798,0.9620750000000001,2937
XC171227,10 dB,10.0,0.91431,0.86799,2937
XC5427,10 dB,10.0,0.939253,0.9199442,2937
XC455138,10 dB,10.0,0.970545,0.9622546,2937
XC239095,10 dB,10.0,0.544886,0.3306186,2937
XC131553,10 dB,10.0,0.980711,0.9537316,2937
XC129750,10 dB,10.0,0.934786,0.9078516000000001,2937
XC277016,10 dB,10.0,0.949493,0.9132716000000001,2937
XC17645,10 dB,10.0,0.899497,0.8687737999999999,2937
XC521554,10 dB,10.0,0.915223,0.9095679999999999,2937
XC85034,10 dB,10.0,0.939561,0.9048424,2937
XC127504,10 dB,10.0,0.917403,0.9124192000000001,2937
XC722858,10 dB,10.0,0.963598,0.954086,2937
XC9837,10 dB,10.0,0.947445,0.9196382,2937
XC221835,10 dB,10.0,0.907491,0.5500809999999999,2937
XC742257,10 dB,10.0,0.958342,0.9644386,2937
XC514964,10 dB,10.0,0.592503,0.5554562,2937
XC53913,10 dB,10.0,0.978126,0.960684,2937
XC125693,10 dB,10.0,0.874146,0.851553,2937
XC225380,10 dB,10.0,0.927876,0.8786938,2937
XC1174512,10 dB,10.0,0.214551,0.1623174,2937
XC525926,10 dB,10.0,0.332773,0.4326728,2937
XC221832,10 dB,10.0,0.842706,0.5238964,2937
XC248386,10 dB,10.0,0.911729,0.8753472,2937
XC231261,10 dB,10.0,0.103545,0.07497140000000001,2937
XC845920,10 dB,10.0,0.159965,0.0489122,2937
XC133287,10 dB,10.0,0.743769,0.0538934,2937
XC1142047,10 dB,10.0,0.975,0.9556316,2937
XC85037,10 dB,10.0,0.94,0.8849726,2937
XC1043495,10 dB,10.0,0.201798,0.0,2937
XC12055,10 dB,10.0,0.975139,0.953519,2937
XC517265,10 dB,10.0,0.991316,0.9793388000000001,2937
XC1180982,10 dB,10.0,0.952046,0.8722920000000001,2937
XC982176,10 dB,10.0,0.75168,0.3875508,2937
XC117904,10 dB,10.0,0.799385,0.7647231999999999,2937
XC424163,10 dB,10.0,0.932728,0.9006398000000001,2937
XC84175,10 dB,10.0,0.774466,0.46192700000000003,2937
XC517123,10 dB,10.0,0.96891,0.9675372,2937
XC303458,10 dB,10.0,0.558501,0.6320304,2937
XC234299,10 dB,10.0,0.887524,0.8394408,2937
XC440015,10 dB,10.0,0.923985,0.8288654,2937
XC33320,10 dB,10.0,0.854144,0.5566074000000001,2937
XC767563,10 dB,10.0,0.0,0.0690452,2937
XC61371,10 dB,10.0,0.896098,0.6545282,2937
XC221816,10 dB,10.0,0.929852,0.8950150000000001,2937
XC340660,10 dB,10.0,0.925776,0.5906926,2937
XC1074885,10 dB,10.0,0.511935,0.2108394,2937
XC917458,10 dB,10.0,0.427481,0.20121219999999998,2937
XC862961,10 dB,10.0,0.904468,0.8815227999999999,2937
XC231260,10 dB,10.0,0.234865,0.1583472,2937
XC984344,10 dB,10.0,0.907685,0.8223808,2937
XC124265,10 dB,10.0,0.961168,0.955516,2937
XC73975,10 dB,10.0,0.920271,0.7894048,2937
XC105718,10 dB,10.0,0.927111,0.7961076,2937
XC41184,10 dB,10.0,0.600856,0.1224472,2937
XC221831,10 dB,10.0,0.846811,0.6995606,2937
XC987304,10 dB,10.0,0.527856,0.5634518,2937
XC767564,10 dB,10.0,0.0,0.0,2937
XC13372,10 dB,10.0,0.9317,0.9216564,2937
XC768540,10 dB,10.0,0.921844,0.9353073999999999,2937
XC516908,10 dB,10.0,0.963654,0.9710738000000001,2937
XC1080573,10 dB,10.0,0.205258,0.1630732,2937
XC274416,10 dB,10.0,0.964162,0.9116128,2937
XC1009853,10 dB,10.0,0.302361,0.275019,2937
XC261509,10 dB,10.0,0.96503,0.9036044000000001,2937
XC1153871,10 dB,10.0,0.981049,0.9773796000000001,2937
XC514370,10 dB,10.0,0.594911,0.5403862,2937
XC709625,10 dB,10.0,0.93475,0.935371,2937
XC302998,10 dB,10.0,0.18898,0.0,2937
XC63324,10 dB,10.0,0.956908,0.8479334,2937
XC376452,10 dB,10.0,0.957103,0.9375665999999999,2937
XC615158,10 dB,10.0,0.403471,0.18805080000000002,2937
XC987210,10 dB,10.0,0.960548,0.9141798,2937
XC251637,10 dB,10.0,0.923616,0.9064014,2937
XC641683,10 dB,10.0,0.954718,0.8668340000000001,2937
XC257240,10 dB,10.0,0.972179,0.870848,2937
XC980749,10 dB,10.0,0.888802,0.9025525999999999,2937
XC231244,10 dB,10.0,0.896416,0.676501,2937
XC228537,10 dB,10.0,0.641122,0.6993302,2937
XC515377,10 dB,10.0,0.958902,0.8185266,2937
XC198718,10 dB,10.0,0.968539,0.9383406000000001,2937
XC845954,10 dB,10.0,0.159965,0.052066,2937
XC1085558,10 dB,10.0,0.973997,0.966884,2937
XC318740,10 dB,10.0,0.575802,0.46229619999999993,2937
XC549356,10 dB,10.0,0.610826,0.2811608,2937
XC148702,10 dB,10.0,0.576668,0.7164612,2937
XC3135,10 dB,10.0,0.462275,0.2714766,2937
XC633784,10 dB,10.0,0.977893,0.9789096,2937
XC493786,10 dB,10.0,0.942875,0.8929682,2937
XC537720,10 dB,10.0,0.923267,0.924256,2937
XC477102,10 dB,10.0,0.947297,0.9244752,2937
XC660666,10 dB,10.0,0.133761,0.0,2937
XC755078,10 dB,10.0,0.928151,0.921926,2937
XC392986,10 dB,10.0,0.827449,0.720284,2937
XC973634,10 dB,10.0,0.94121,0.887621,2937
XC176977,10 dB,10.0,0.903008,0.6332612,2937
XC736611,10 dB,10.0,0.324841,0.2672468,2937
XC85066,10 dB,10.0,0.948959,0.8295232,2937
XC186987,10 dB,10.0,0.931169,0.8995136,2937
XC444283,10 dB,10.0,0.97363,0.9522098,2937
XC92,10 dB,10.0,0.937459,0.9220136,2937
XC862956,10 dB,10.0,0.94249,0.9374212,2937
XC42256,10 dB,10.0,0.384341,0.3056082,2937
XC231232,10 dB,10.0,0.578605,0.07712680000000001,2937
XC676249,10 dB,10.0,0.957635,0.9234886,2937
XC441107,10 dB,10.0,0.974373,0.9058336,2937
XC113213,10 dB,10.0,0.888989,0.8524215999999999,2937
XC250734,10 dB,10.0,0.905987,0.882625,2937
XC687236,10 dB,10.0,0.922157,0.9228289999999999,2937
XC119566,10 dB,10.0,0.868911,0.8449678,2937
XC251449,10 dB,10.0,0.342889,0.177212,2937
XC902975,10 dB,10.0,0.518641,0.7794204,2937
XC1029590,10 dB,10.0,0.927144,0.9478282,2937
XC180618,10 dB,10.0,0.905272,0.8951308000000001,2937
XC55898,10 dB,10.0,0.527618,0.0,2937
XC528844,10 dB,10.0,0.156825,0.0,2937
XC17677,10 dB,10.0,0.581796,0.29349119999999995,2937
XC239093,10 dB,10.0,0.458056,0.5056176,2937
XC917456,10 dB,10.0,0.857592,0.7366124000000001,2937
XC13519,10 dB,10.0,0.900856,0.8644462,2937
XC494771,10 dB,10.0,0.821893,0.767568,2937
XC117396,10 dB,10.0,0.882366,0.8723022,2937
XC254274,10 dB,10.0,0.667638,0.45534680000000005,2937
XC13437,10 dB,10.0,0.17107,0.0,2937
XC195459,10 dB,10.0,0.256746,0.0200332,2937
XC518065,10 dB,10.0,0.563328,0.35992999999999997,2937
XC313980,10 dB,10.0,0.884793,0.8731183999999999,2937
XC767436,10 dB,10.0,0.554227,0.4965294,2937
XC845928,10 dB,10.0,0.717372,0.5439292,2937
XC987209,10 dB,10.0,0.929951,0.8197089999999999,2937
XC13373,10 dB,10.0,0.971879,0.6319868,2937
XC124266,10 dB,10.0,0.962296,0.95579,2937
XC568023,10 dB,10.0,0.911403,0.8542662,2937
XC638202,10 dB,10.0,0.612599,0.38424200000000003,2937
XC236217,10 dB,10.0,0.542695,0.4786772,2937
XC832545,10 dB,10.0,0.886624,0.3501322,2937
XC896032,10 dB,10.0,0.595292,0.5145042,2937
XC1146081,10 dB,10.0,0.84203,0.8071626000000001,2937
XC794785,10 dB,10.0,0.110061,0.0,2937
XC688003,10 dB,10.0,0.973557,0.9637898,2937
XC1177293,10 dB,10.0,0.438156,0.44956019999999997,2937
XC271934,10 dB,10.0,0.950674,0.9492136,2937
XC9641,10 dB,10.0,0.268187,0.0,2937
XC297010,10 dB,10.0,0.904335,0.84947,2937
XC656065,10 dB,10.0,0.960222,0.9349576,2937
XC120557,10 dB,10.0,0.929761,0.9123912000000001,2937
XC482164,10 dB,10.0,0.862633,0.791007,2937
XC334271,10 dB,10.0,0.939207,0.879116,2937
XC1001797,10 dB,10.0,0.921548,0.9279797999999999,2937
XC357041,10 dB,10.0,0.942396,0.8352024,2937
XC57821,10 dB,10.0,0.238319,0.2468788,2937
XC21101,10 dB,10.0,0.920159,0.861262,2937
XC42249,10 dB,10.0,0.88773,0.9315238000000001,2937
XC1045021,10 dB,10.0,0.822064,0.8175746,2937
XC238215,10 dB,10.0,0.899064,0.8636256,2937
XC231243,10 dB,10.0,0.929028,0.949959,2937
XC156744,10 dB,10.0,0.577381,0.5051946,2937
XC157357,10 dB,10.0,0.944623,0.9233182,2937
XC191784,10 dB,10.0,0.681975,0.6086652,2937
XC494361,10 dB,10.0,0.9121,0.91302,2937
XC1163315,10 dB,10.0,0.817635,0.7149646000000001,2937
XC479542,10 dB,10.0,0.943244,0.8840671999999999,2937
XC535967,10 dB,10.0,0.462629,0.401663,2937
XC122334,10 dB,10.0,0.842827,0.808607,2937
XC516832,10 dB,10.0,0.931107,0.9348288,2937
XC285207,10 dB,10.0,0.949245,0.9361311999999999,2937
XC272430,10 dB,10.0,0.884397,0.8529769999999999,2937
XC75048,10 dB,10.0,0.967193,0.946998,2937
XC202363,10 dB,10.0,0.974968,0.9172993999999999,2937
XC741070,10 dB,10.0,0.958907,0.9654738,2937
XC514471,10 dB,10.0,0.988021,0.9786402000000001,2937
XC552958,10 dB,10.0,0.673223,0.5530326000000001,2937
XC995521,10 dB,10.0,0.88335,0.870467,2937
XC63327,10 dB,10.0,0.913921,0.8276899999999999,2937
XC4725,10 dB,10.0,0.959937,0.8430834,2937
XC226702,10 dB,10.0,0.960069,0.9215911999999999,2937
XC63325,10 dB,10.0,0.896391,0.855772,2937
XC862952,10 dB,10.0,0.959191,0.7318941999999999,2937
XC634099,10 dB,10.0,0.987727,0.9810936,2937
XC231249,10 dB,10.0,0.751981,0.7084252,2937
XC85052,10 dB,10.0,0.949117,0.9616604000000001,2937
XC264358,10 dB,10.0,0.926923,0.2577086,2937
XC526188,10 dB,10.0,0.40055,0.45298540000000004,2937
XC323011,10 dB,10.0,0.566627,0.37940640000000003,2937
XC1068422,10 dB,10.0,0.95083,0.731302,2937
XC154191,10 dB,10.0,0.9806,0.9501956,2937
XC236629,10 dB,10.0,0.945111,0.9494897999999999,2937
XC44953,10 dB,10.0,0.807947,0.8141086,2937
XC772536,10 dB,10.0,0.895338,0.8762808,2937
XC271633,10 dB,10.0,0.968622,0.9125072,2937
XC144378,10 dB,10.0,0.849385,0.34083199999999997,2937
XC310825,10 dB,10.0,0.905642,0.8701258,2937
XC497975,10 dB,10.0,0.157264,0.1385118,2937
XC571382,10 dB,10.0,0.650215,0.6412758000000001,2937
XC547147,10 dB,10.0,0.865005,0.797568,2937
XC722601,10 dB,10.0,0.111132,0.0203714,2937
XC1073178,10 dB,10.0,0.871215,0.8181307999999999,2937
XC1046156,10 dB,10.0,0.948551,0.9132852,2937
XC755226,10 dB,10.0,0.150521,0.1427196,2937
XC14781,10 dB,10.0,0.813992,0.7936776,2937
XC333417,10 dB,10.0,0.932144,0.9046348,2937
XC156007,10 dB,10.0,0.564552,0.3830006,2937
XC838961,10 dB,10.0,0.927468,0.9155371999999999,2937
XC354901,10 dB,10.0,0.877912,0.8361746,2937
XC481240,10 dB,10.0,0.826344,0.8147434,2937
XC31427,10 dB,10.0,0.308459,0.3500334,2937
XC1166238,10 dB,10.0,0.915376,0.9037534,2937
XC770944,10 dB,10.0,0.884231,0.867466,2937
XC154636,10 dB,10.0,0.849075,0.8590604,2937
XC633782,10 dB,10.0,0.888894,0.8973254,2937
XC449318,10 dB,10.0,0.887034,0.887294,2937
XC238666,10 dB,10.0,0.981164,0.9678321999999999,2937
XC698618,10 dB,10.0,0.942549,0.9463877999999999,2937
XC537901,10 dB,10.0,0.470195,0.42446900000000004,2937
XC66682,10 dB,10.0,0.916996,0.8990742,2937
XC231258,10 dB,10.0,0.890765,0.8302108,2937
XC426308,10 dB,10.0,0.966413,0.9417526,2937
XC965433,10 dB,10.0,0.938292,0.8715073999999999,2937
XC497452,10 dB,10.0,0.585663,0.164735,2937
XC29550,10 dB,10.0,0.737957,0.7389918,2937
XC117975,10 dB,10.0,0.921341,0.862579,2937
XC1018701,10 dB,10.0,0.829168,0.6509696,2937
XC120310,10 dB,10.0,0.741794,0.758436,2937
XC131552,10 dB,10.0,0.968786,0.9463538,2937
XC668545,10 dB,10.0,0.890352,0.5187262,2937
XC231259,10 dB,10.0,0.135185,0.1473672,2937
XC53553,10 dB,10.0,0.414779,0.1226728,2937
XC249722,10 dB,10.0,0.726981,0.8181196,2937
XC872943,10 dB,10.0,0.964507,0.9565097999999999,2937
XC4765,10 dB,10.0,0.895774,0.8774642,2937
XC42258,10 dB,10.0,0.148498,0.054565600000000006,2937
XC93456,10 dB,10.0,0.909628,0.8900102000000001,2937
XC823989,10 dB,10.0,0.972714,0.934319,2937
XC920781,10 dB,10.0,0.934615,0.9317703999999999,2937
XC163711,10 dB,10.0,0.145461,0.0,2937
XC316501,10 dB,10.0,0.914173,0.7768412,2937
XC721763,10 dB,10.0,0.918169,0.9049512,2937
XC581276,10 dB,10.0,0.915806,0.909327,2937
XC717216,10 dB,10.0,0.958536,0.9691748,2937
XC221817,10 dB,10.0,0.923022,0.8607376,2937
XC517143,10 dB,10.0,0.986972,0.9822824000000001,2937
XC231228,10 dB,10.0,0.679557,0.0232558,2937
XC405722,10 dB,10.0,0.933686,0.9342796,2937
XC445976,10 dB,10.0,0.918166,0.8580672,2937
XC246805,10 dB,10.0,0.913161,0.6139218,2937
XC534122,10 dB,10.0,0.833753,0.8875978,2937
XC706582,10 dB,10.0,0.903726,0.8671300000000001,2937
XC338589,10 dB,10.0,0.784262,0.7590716000000001,2937
XC55896,10 dB,10.0,0.290612,0.32376299999999997,2937
XC85441,10 dB,10.0,0.903909,0.8305474,2937
XC139310,10 dB,10.0,0.88058,0.5989688,2937
XC634095,10 dB,10.0,0.977676,0.9602252,2937
XC75389,10 dB,10.0,0.85591,0.7166446000000001,2937
XC490752,10 dB,10.0,0.367045,0.0691152,2937
XC518707,10 dB,10.0,0.869583,0.8867524,2937
XC986564,10 dB,10.0,0.955512,0.9362168000000001,2937
XC655146,10 dB,10.0,0.965176,0.9482518000000001,2937
XC13440,10 dB,10.0,0.88044,0.8258601999999999,2937
XC798139,10 dB,10.0,0.956935,0.9402896000000001,2937
XC754086,10 dB,10.0,0.900997,0.8655554000000001,2937
XC71650,10 dB,10.0,0.897773,0.6509496,2937
XC96248,10 dB,10.0,0.927022,0.9159304,2937
XC221825,10 dB,10.0,0.898397,0.8642633999999999,2937
XC24402,10 dB,10.0,0.380058,0.0,2937
XC1035652,10 dB,10.0,0.886322,0.8787858,2937
XC299585,10 dB,10.0,0.106018,0.0,2937
XC1158134,10 dB,10.0,0.97526,0.1327518,2937
XC274330,10 dB,10.0,0.954751,0.8990161999999999,2937
XC122570,10 dB,10.0,0.805512,0.7355488,2937
XC845930,10 dB,10.0,0.588123,0.194723,2937
XC845925,10 dB,10.0,0.242404,0.198596,2937
XC683512,10 dB,10.0,0.931673,0.8938634000000001,2937
XC535969,10 dB,10.0,0.804689,0.78858,2937
XC17377,10 dB,10.0,0.898122,0.8387840000000001,2937
XC1050491,10 dB,10.0,0.277223,0.0,2937
XC504868,10 dB,10.0,0.194871,0.0,2937
XC117340,10 dB,10.0,0.890727,0.8565428,2937
XC972929,10 dB,10.0,0.924839,0.752686,2937
XC441801,10 dB,10.0,0.936414,0.9268312,2937
XC1183766,10 dB,10.0,0.875868,0.7699062,2937
XC525927,10 dB,10.0,0.859071,0.8489006,2937
XC767437,10 dB,10.0,0.69196,0.4855334,2937
XC217863,10 dB,10.0,0.866248,0.6332134,2937
XC14389,10 dB,10.0,0.964511,0.8717302,2937
XC38734,10 dB,10.0,0.877804,0.9198462,2937
XC214472,10 dB,10.0,0.141837,0.0,2937
XC124861,10 dB,10.0,0.95014,0.8777926,2937
XC481241,10 dB,10.0,0.843352,0.8830933999999999,2937
XC830857,10 dB,10.0,0.872911,0.854931,2937
XC472327,10 dB,10.0,0.411006,0.12992779999999998,2937
XC638200,10 dB,10.0,0.991364,0.9878358,2937
XC102373,10 dB,10.0,0.970352,0.9614813999999999,2937
XC973627,10 dB,10.0,0.942677,0.9103199999999999,2937
XC783213,10 dB,10.0,0.976321,0.9546708,2937
XC285539,10 dB,10.0,0.926844,0.8622384000000001,2937
XC840280,10 dB,10.0,0.627569,0.6539448,2937
XC686179,10 dB,10.0,0.669063,0.5641552,2937
XC522227,10 dB,10.0,0.965201,0.8924908,2937
XC613866,10 dB,10.0,0.201546,0.16738979999999998,2937
XC1079151,10 dB,10.0,0.926106,0.9282446,2937
XC4273,10 dB,10.0,0.464824,0.22076219999999996,2937
XC27219,10 dB,10.0,0.924061,0.9055056,2937
XC1153864,10 dB,10.0,0.972917,0.9737678000000001,2937
XC358477,10 dB,10.0,0.986076,0.9766259999999999,2937
XC453865,10 dB,10.0,0.976955,0.9669154000000001,2937
XC407355,10 dB,10.0,0.890896,0.8656931999999999,2937
XC1072155,10 dB,10.0,0.846559,0.851714,2937
XC615156,10 dB,10.0,0.613939,0.7983938,2937
XC55899,10 dB,10.0,0.839612,0.37756280000000003,2937
XC783221,10 dB,10.0,0.984422,0.97262,2937
XC127195,10 dB,10.0,0.957645,0.9208923999999999,2937
XC411738,10 dB,10.0,0.976022,0.9648868,2937
XC482162,10 dB,10.0,0.725055,0.4958836,2937
XC500971,10 dB,10.0,0.983173,0.9811812,2937
XC270978,10 dB,10.0,0.947821,0.912229,2937
XC767476,10 dB,10.0,0.889832,0.8278054000000001,2937
XC156004,10 dB,10.0,0.65145,0.5271536,2937
XC23785,10 dB,10.0,0.927907,0.8849123999999999,2937
XC340050,10 dB,10.0,0.774549,0.0,2937
XC239751,10 dB,10.0,0.46578,0.0,2937
XC827713,10 dB,10.0,0.924339,0.9011944,2937
XC188288,10 dB,10.0,0.396677,0.33111619999999997,2937
XC42251,10 dB,10.0,0.580256,0.3100374,2937
XC411906,10 dB,10.0,0.932251,0.75248,2937
XC428202,10 dB,10.0,0.720835,0.6905314,2937
XC412494,10 dB,10.0,0.969389,0.9229182,2937
XC862959,10 dB,10.0,0.875641,0.8943125999999999,2937
XC564679,10 dB,10.0,0.892588,0.48417280000000007,2937
XC117865,10 dB,10.0,0.717621,0.2085482,2937
XC231253,10 dB,10.0,0.334914,0.0,2937
XC781297,10 dB,10.0,0.832448,0.22192620000000002,2937
XC238667,10 dB,10.0,0.983617,0.9862422000000001,2937
XC221824,10 dB,10.0,0.893416,0.8872426000000001,2937
XC609240,10 dB,10.0,0.959325,0.9443564,2937
XC925556,10 dB,10.0,0.883731,0.8371712,2937
XC845931,10 dB,10.0,0.30269,0.22848739999999998,2937
XC231255,10 dB,10.0,0.882677,0.6977966,2937
XC821609,10 dB,10.0,0.929533,0.9224325999999999,2937
XC448917,10 dB,10.0,0.827845,0.7846242,2937
XC429775,10 dB,10.0,0.88052,0.779404,2937
XC261512,10 dB,10.0,0.94806,0.2667486,2937
XC14717,10 dB,10.0,0.503648,0.5685247999999999,2937
XC517128,10 dB,10.0,0.960652,0.9522892000000001,2937
XC404570,10 dB,10.0,0.544318,0.6656012,2937
XC1966,10 dB,10.0,0.70589,0.514949,2937
XC424036,10 dB,10.0,0.963248,0.9316016000000001,2937
XC441760,10 dB,10.0,0.862359,0.9294002000000001,2937
XC231240,10 dB,10.0,0.907188,0.8846874,2937
XC154635,10 dB,10.0,0.107439,0.0441854,2937
XC1097697,10 dB,10.0,0.786031,0.7280464,2937
XC477199,10 dB,10.0,0.834651,0.803367,2937
XC986717,10 dB,10.0,0.948932,0.9237795999999999,2937
XC16707,10 dB,10.0,0.858749,0.8750994000000001,2937
XC329090,10 dB,10.0,0.950461,0.9346772,2937
XC212996,10 dB,10.0,0.784294,0.7564068,2937
XC198702,10 dB,10.0,0.897687,0.8244299999999999,2937
XC1080577,10 dB,10.0,0.254559,0.0,2937
XC378623,10 dB,10.0,0.704059,0.6749368,2937
XC88143,10 dB,10.0,0.983848,0.9919772,2937
XC83256,10 dB,10.0,0.979878,0.9779092,2937
XC794786,10 dB,10.0,0.582557,0.47991039999999996,2937
XC670077,10 dB,10.0,0.957765,0.9466865999999999,2937
XC239088,10 dB,10.0,0.925883,0.916489,2937
XC648856,10 dB,10.0,0.645345,0.6191409999999999,2937
XC949767,10 dB,10.0,0.874933,0.6707094,2937
XC363225,10 dB,10.0,0.962641,0.9305619999999999,2937
XC239094,10 dB,10.0,0.636901,0.49692739999999996,2937
XC534790,10 dB,10.0,0.47094,0.0206566,2937
XC65583,10 dB,10.0,0.892624,0.6896076,2937
XC401414,10 dB,10.0,0.984981,0.9599664000000001,2937
XC524937,10 dB,10.0,0.700136,0.5665274,2937
XC506369,10 dB,10.0,0.923189,0.9046386,2937
XC139218,10 dB,10.0,0.917806,0.8862308000000001,2937
XC949778,10 dB,10.0,0.908542,0.7613654000000001,2937
XC763566,10 dB,10.0,0.958586,0.9615220000000001,2937
XC683923,10 dB,10.0,0.920795,0.89711,2937
XC102709,10 dB,10.0,0.918509,0.9096818000000001,2937
XC1086248,10 dB,10.0,0.986651,0.9847632000000001,2937
XC94649,10 dB,10.0,0.699149,0.6919904,2937
XC221833,10 dB,10.0,0.927079,0.8955337999999999,2937
XC51834,10 dB,10.0,0.129663,0.0,2937
XC467767,10 dB,10.0,0.413303,0.0,2937
XC88478,10 dB,10.0,0.92202,0.9021722000000001,2937
XC411236,10 dB,10.0,0.964311,0.9144332000000001,2937
XC426307,10 dB,10.0,0.930034,0.8978958,2937
XC156005,10 dB,10.0,0.544948,0.24567100000000003,2937
XC494772,10 dB,10.0,0.709291,0.5935344,2937
XC371531,10 dB,10.0,0.91908,0.9188993999999999,2937
XC297011,10 dB,10.0,0.94559,0.8689112,2937
XC231239,10 dB,10.0,0.8883,0.8000396000000001,2937
XC1069396,10 dB,10.0,0.942491,0.702353,2937
XC117974,10 dB,10.0,0.848518,0.7772112,2937
XC539735,10 dB,10.0,0.756982,0.8462493999999999,2937
XC845943,10 dB,10.0,0.311186,0.0216516,2937
XC138343,10 dB,10.0,0.490404,0.3102398,2937
XC463536,10 dB,10.0,0.962728,0.8550445999999999,2937
XC416308,10 dB,10.0,0.55394,0.5258136,2937
XC231230,10 dB,10.0,0.245251,0.1621512,2937
XC9804,10 dB,10.0,0.963078,0.9435256000000001,2937
XC456284,10 dB,10.0,0.895501,0.8638197999999999,2937
XC862957,10 dB,10.0,0.856431,0.8748851999999999,2937
XC45159,10 dB,10.0,0.928685,0.9019182000000001,2937
XC199971,10 dB,10.0,0.693531,0.18814000000000003,2937
XC890988,10 dB,10.0,0.67995,0.6480574000000001,2937
XC557617,10 dB,10.0,0.894189,0.8687431999999999,2937
XC1174806,10 dB,10.0,0.809549,0.5004648,2937
XC1145896,10 dB,10.0,0.926722,0.8698696,2937
XC1053048,10 dB,10.0,0.331722,0.2776354,2937
XC955810,10 dB,10.0,0.960967,0.9147742000000001,2937
XC403323,10 dB,10.0,0.939834,0.9354632,2937
XC939484,10 dB,10.0,0.904145,0.8792681999999999,2937
XC954987,10 dB,10.0,0.948716,0.9054894000000001,2937
XC127798,10 dB,10.0,0.893039,0.8847882,2937
XC845940,10 dB,10.0,0.314995,0.0,2937
XC231254,10 dB,10.0,0.484203,0.031607800000000005,2937
XC221830,10 dB,10.0,0.899033,0.9107084000000001,2937
XC6881,10 dB,10.0,0.970285,0.9493563999999999,2937
XC122731,10 dB,10.0,0.959754,0.9181326000000001,2937
XC845942,10 dB,10.0,0.171723,0.09867039999999999,2937
XC526192,10 dB,10.0,0.859763,0.7899086,2937
XC965394,10 dB,10.0,0.965616,0.9172193999999999,2937
XC231256,10 dB,10.0,0.280726,0.029288799999999997,2937
XC231247,10 dB,10.0,0.866314,0.9145951999999999,2937
XC845956,10 dB,10.0,0.294957,0.0460094,2937
XC1155311,10 dB,10.0,0.900224,0.8592476,2937
XC521537,10 dB,10.0,0.52785,0.3117562,2937
XC472326,10 dB,10.0,0.931697,0.9171016,2937
XC403446,10 dB,10.0,0.875142,0.4843532,2937
XC20908,10 dB,10.0,0.989463,0.958905,2937
XC231251,10 dB,10.0,0.164227,0.0,2937
XC174540,10 dB,10.0,0.396152,0.3644774,2937
XC125592,10 dB,10.0,0.295604,0.3295446,2937
XC604135,10 dB,10.0,0.952876,0.9183536,2937
XC657183,10 dB,10.0,0.966807,0.9551845999999999,2937
XC562438,10 dB,10.0,0.97684,0.9713868,2937
XC251988,10 dB,10.0,0.923784,0.8801014,2937
XC103034,10 dB,10.0,0.836477,0.8070122,2937
XC85038,10 dB,10.0,0.945542,0.9211266,2937
XC5794,10 dB,10.0,0.96855,0.927435,2937
XC412960,10 dB,10.0,0.980004,0.9592248,2937
XC238664,10 dB,10.0,0.963846,0.9381858,2937
XC1079796,10 dB,10.0,0.860794,0.80854,2937
XC231241,10 dB,10.0,0.970232,0.9536176,2937
XC85231,10 dB,10.0,0.458444,0.5414816,2937
XC27770,10 dB,10.0,0.92866,0.9104749999999999,2937
XC178777,10 dB,10.0,0.881876,0.8663396000000001,2937
XC91953,10 dB,10.0,0.859503,0.6452644,2937
XC490387,10 dB,10.0,0.917991,0.9044102,2937
XC64283,10 dB,10.0,0.133162,0.0687816,2937
XC947776,10 dB,10.0,0.901908,0.8664524,2937
XC33200,10 dB,10.0,0.949788,0.8202510000000001,2937
XC95956,10 dB,10.0,0.971933,0.9161724,2937
XC306288,10 dB,10.0,0.952103,0.9194789999999999,2937
XC1145895,10 dB,10.0,0.722522,0.6158116,2937
XC143922,10 dB,10.0,0.943145,0.8776541999999999,2937
XC236216,10 dB,10.0,0.86777,0.8548690000000001,2937
XC1030177,10 dB,10.0,0.924075,0.9131534,2937
XC127833,10 dB,10.0,0.867082,0.8291456,2937
XC736610,10 dB,10.0,0.393364,0.1308518,2937
XC294134,10 dB,10.0,0.404846,0.0990044,2937
XC939585,10 dB,10.0,0.906872,0.8855934,2937
XC143839,10 dB,10.0,0.987946,0.9210041999999999,2937
XC319116,10 dB,10.0,0.595621,0.6084734,2937
XC239089,10 dB,10.0,0.947482,0.9246786,2937
XC407245,10 dB,10.0,0.916807,0.9011332,2937
XC979863,10 dB,10.0,0.933665,0.8958324,2937
XC129346,10 dB,10.0,0.920774,0.8730936,2937
XC317551,10 dB,10.0,0.82604,0.7656928000000001,2937
XC684991,10 dB,10.0,0.834303,0.8073309999999999,2937
XC327123,10 dB,10.0,0.978448,0.9520314000000001,2937
XC310821,10 dB,10.0,0.896968,0.872357,2937
XC54926,10 dB,10.0,0.583686,0.48197539999999994,2937
XC1054653,10 dB,10.0,0.46942,0.4446866,2937
XC609645,10 dB,10.0,0.969341,0.9658856,2937
XC517016,10 dB,10.0,0.962143,0.9644349999999999,2937
XC441802,10 dB,10.0,0.963091,0.8887014000000001,2937
XC387892,10 dB,10.0,0.792969,0.7858620000000001,2937
XC138930,10 dB,10.0,0.122667,0.0428232,2937
XC15687,10 dB,10.0,0.951353,0.9413867999999999,2937
XC261510,10 dB,10.0,0.966676,0.9519772,2937
XC55535,10 dB,10.0,0.914343,0.8967188,2937
XC238214,10 dB,10.0,0.944632,0.9404998000000001,2937
XC217696,10 dB,10.0,0.951976,0.9041482000000001,2937
XC498506,10 dB,10.0,0.966808,0.9463193999999999,2937
XC102708,10 dB,10.0,0.922939,0.9008654,2937
XC935058,10 dB,10.0,0.958583,0.9538848,2937
XC273513,10 dB,10.0,0.963068,0.9626962000000001,2937
XC44074,10 dB,10.0,0.89931,0.918956,2937
XC324374,10 dB,10.0,0.958557,0.9158782000000001,2937
XC955637,10 dB,10.0,0.957475,0.9447074000000001,2937
XC257242,10 dB,10.0,0.924715,0.910605,2937
XC862962,10 dB,10.0,0.146104,0.0,2937
XC17471,10 dB,10.0,0.955303,0.9177351999999999,2937
XC392044,10 dB,10.0,0.943006,0.8444566,2937
XC955636,10 dB,10.0,0.948957,0.9448594,2937
XC354202,10 dB,10.0,0.944389,0.9543950000000001,2937
XC633783,10 dB,10.0,0.623414,0.6622277999999999,2937
XC273498,10 dB,10.0,0.949715,0.931593,2937
XC65407,10 dB,10.0,0.884757,0.0412858,2937
XC151451,10 dB,10.0,0.213456,0.20891980000000002,2937
XC424382,10 dB,10.0,0.956632,0.907987,2937
XC231246,10 dB,10.0,0.653683,0.6251586,2937
XC488706,10 dB,10.0,0.88248,0.8843146,2937
XC412497,10 dB,10.0,0.948498,0.8894550000000001,2937
XC474901,10 dB,10.0,0.205299,0.1990162,2937
XC14762,10 dB,10.0,0.927126,0.7981816,2937
XC1086381,10 dB,10.0,0.886897,0.8418806,2937
XC698534,10 dB,10.0,0.951937,0.9308882,2937
XC493928,10 dB,10.0,0.881536,0.8607628,2937
XC221889,10 dB,10.0,0.955912,0.9536352000000001,2937
XC871979,10 dB,10.0,0.438546,0.416899,2937
XC1183120,10 dB,10.0,0.919984,0.884422,2937
XC427268,10 dB,10.0,0.945185,0.9339717999999999,2937
XC278336,10 dB,10.0,0.318817,0.47809,2937
XC456424,10 dB,10.0,0.917123,0.9147040000000001,2937
XC221823,10 dB,10.0,0.912146,0.8708632,2937
XC221819,10 dB,10.0,0.541774,0.0,2937
XC482184,10 dB,10.0,0.870927,0.49385139999999994,2937
XC1140033,10 dB,10.0,0.962315,0.9170223999999999,2937
XC119754,10 dB,10.0,0.94315,0.9329826000000001,2937
XC1183710,10 dB,10.0,0.762077,0.7116872,2937
XC1071354,10 dB,10.0,0.913183,0.8892184000000001,2937
XC209067,10 dB,10.0,0.694472,0.1973676,2937
XC395953,10 dB,10.0,0.943995,0.873915,2937
XC821655,10 dB,10.0,0.930701,0.9178176,2937
XC51086,10 dB,10.0,0.91932,0.9318468,2937
XC817213,10 dB,10.0,0.638012,0.5711660000000001,2937
XC514469,10 dB,10.0,0.944427,0.6226377999999999,2937
XC9841,10 dB,10.0,0.879844,0.8860823999999999,2937
XC517124,10 dB,10.0,0.961828,0.9785928,2937
XC982173,10 dB,10.0,0.937751,0.9000042,2937
XC107758,10 dB,10.0,0.983693,0.9762972,2937
XC131496,10 dB,10.0,0.81171,0.6898804000000001,2937
XC248415,10 dB,10.0,0.811545,0.747191,2937
XC98243,10 dB,10.0,0.9716,0.9651565999999999,2937
XC516642,10 dB,10.0,0.986193,0.9827968,2937
XC517207,10 dB,10.0,0.995766,0.9912996,2937
XC154455,10 dB,10.0,0.923089,0.9192614000000001,2937
XC789276,10 dB,10.0,0.928808,0.9381024,2937
XC85035,10 dB,10.0,0.904354,0.6303844,2937
XC735433,10 dB,10.0,0.961353,0.9391434000000001,2937
XC94148,10 dB,10.0,0.127418,0.0,2937
XC87826,10 dB,10.0,0.212629,0.0210512,2937
XC441799,10 dB,10.0,0.911705,0.8917712,2937
XC755231,10 dB,10.0,0.499841,0.10929199999999999,2937
XC909281,10 dB,10.0,0.906398,0.8407410000000001,2937
XC117477,10 dB,10.0,0.935149,0.940569,2937
XC422786,10 dB,10.0,0.683521,0.0,2937
XC835840,10 dB,10.0,0.829975,0.7927322,2937
XC356321,10 dB,10.0,0.197177,0.0,2937
XC1050464,10 dB,10.0,0.823583,0.8349246000000001,2937
XC272385,10 dB,10.0,0.890658,0.6946786,2937
XC231229,10 dB,10.0,0.883668,0.843224,2937
XC1154894,10 dB,10.0,0.940123,0.969524,2937
XC952953,10 dB,10.0,0.388651,0.5384998,2937
XC1139472,10 dB,10.0,0.934656,0.9298202,2937
XC965436,10 dB,10.0,0.921889,0.3970466,2937
XC287483,10 dB,10.0,0.895424,0.7736276,2937
XC1148602,10 dB,10.0,0.885614,0.8707636000000001,2937
XC755087,10 dB,10.0,0.890498,0.8784234,2937
XC348749,10 dB,10.0,0.440264,0.4366904,2937
XC1139335,10 dB,10.0,0.941253,0.9340151999999999,2937
XC906802,10 dB,10.0,0.868116,0.860167,2937
XC514427,10 dB,10.0,0.994874,0.9861305999999999,2937
XC221884,10 dB,10.0,0.939821,0.953767,2937
XC328485,10 dB,10.0,0.867276,0.9204052,2937
XC947013,10 dB,10.0,0.983978,0.9806466,2937
XC1045020,10 dB,10.0,0.820034,0.8156880000000001,2937
XC272432,10 dB,10.0,0.926324,0.7407866000000001,2937
XC816988,10 dB,10.0,0.383442,0.2587176,2937
XC401416,10 dB,10.0,0.97609,0.9652554,2937
XC687030,10 dB,10.0,0.125029,0.12310499999999999,2937
XC69225,10 dB,10.0,0.803632,0.7940864,2937
XC514445,10 dB,10.0,0.572583,0.3594926,2937
XC119918,10 dB,10.0,0.863915,0.8558412000000001,2937
XC1044074,10 dB,10.0,0.946627,0.9287124,2937
XC526191,10 dB,10.0,0.951054,0.8482746000000001,2937
XC176340,10 dB,10.0,0.852768,0.6994646,2937
XC591392,10 dB,10.0,0.714615,0.748176,2937
XC482161,10 dB,10.0,0.189195,0.1726942,2937
XC143840,10 dB,10.0,0.972385,0.9656842000000001,2937
XC272431,10 dB,10.0,0.947531,0.766185,2937
XC4928,10 dB,10.0,0.925794,0.8416574000000001,2937
XC556640,10 dB,10.0,0.917597,0.863917,2937
XC119753,10 dB,10.0,0.939668,0.8143416,2937
XC63326,10 dB,10.0,0.937032,0.9109082,2937
XC517346,10 dB,10.0,0.988623,0.8725752,2937
XC22499,10 dB,10.0,0.743858,0.0854036,2937
XC84830,10 dB,10.0,0.956303,0.6332682000000001,2937
XC536532,10 dB,10.0,0.877189,0.6344732,2937
XC686892,10 dB,10.0,0.950728,0.9278802,2937
XC614721,10 dB,10.0,0.497506,0.42615300000000006,2937
XC469140,10 dB,10.0,0.972249,0.9508738000000001,2937
XC231257,10 dB,10.0,0.780272,0.8105114,2937
XC834116,10 dB,10.0,0.208521,0.0205368,2937
XC557624,10 dB,10.0,0.848351,0.5138336,2937
XC342395,10 dB,10.0,0.927547,0.8944414,2937
XC1152548,10 dB,10.0,0.84203,0.8093883999999999,2937
XC371202,10 dB,10.0,0.703977,0.2753426,2937
XC845939,10 dB,10.0,0.123583,0.0,2937
XC1003005,10 dB,10.0,0.976654,0.9421242,2937
XC282307,10 dB,10.0,0.963249,0.9437255999999999,2937
XC92766,10 dB,10.0,0.927759,0.8984615999999999,2937
XC221888,10 dB,10.0,0.960359,0.949965,2937
XC712644,10 dB,10.0,0.984766,0.9709977999999999,2937
XC84099,10 dB,10.0,0.846008,0.7788512,2937
XC958222,10 dB,10.0,0.644931,0.6068832000000001,2937
XC928650,10 dB,10.0,0.893114,0.9260014,2937
XC1177099,10 dB,10.0,0.810119,0.5249066,2937
XC1148572,10 dB,10.0,0.885614,0.8735886,2937
XC701270,10 dB,10.0,0.122001,0.0,2937
XC391377,10 dB,10.0,0.94062,0.8609161999999999,2937
XC965403,10 dB,10.0,0.947027,0.7683907999999999,2937
XC517268,10 dB,10.0,0.970977,0.9621764,2937
XC213013,10 dB,10.0,0.899183,0.8784737999999999,2937
XC973631,10 dB,10.0,0.959938,0.8861352,2937
XC538980,10 dB,10.0,0.786178,0.8027466000000001,2937
XC767477,10 dB,10.0,0.831636,0.7996605999999999,2937
XC41669,10 dB,10.0,0.429818,0.5169818,2937
XC245531,10 dB,10.0,0.95997,0.9402204000000001,2937
XC984336,10 dB,10.0,0.932371,0.9262233999999999,2937
XC1175234,10 dB,10.0,0.138143,0.0794882,2937
XC917448,10 dB,10.0,0.832961,0.7884827999999999,2937
XC504867,10 dB,10.0,0.78847,0.0,2937
XC279384,10 dB,10.0,0.479092,0.5888486,2937
XC90249,10 dB,10.0,0.198281,0.0,2937
XC812155,10 dB,10.0,0.94078,0.20155659999999997,2937
XC469821,10 dB,10.0,0.930713,0.9449372,2937
XC154943,10 dB,10.0,0.883907,0.8528079999999999,2937
XC163930,10 dB,10.0,0.649628,0.6403316,2937
XC490758,10 dB,10.0,0.757959,0.8471596,2937
XC1022373,10 dB,10.0,0.96747,0.9617238,2937
XC430095,10 dB,10.0,0.97161,0.9668834000000001,2937
XC533161,10 dB,10.0,0.982783,0.9659224,2937
XC282032,10 dB,10.0,0.877878,0.8322526,2937
XC490293,10 dB,10.0,0.978479,0.934938,2937
XC761130,10 dB,10.0,0.951029,0.8289272000000001,2937
XC955233,10 dB,10.0,0.930579,0.9178236,2937
XC702518,10 dB,10.0,0.88354,0.8509604,2937
XC603629,10 dB,10.0,0.86386,0.6859492,2937
XC558634,10 dB,10.0,0.883588,0.8138204,2937
XC833574,10 dB,10.0,0.184512,0.02758,2937
XC420398,10 dB,10.0,0.905719,0.861472,2937
XC27975,10 dB,10.0,0.985678,0.7372080000000001,2937
XC762416,10 dB,10.0,0.102269,0.0,2937
XC818009,10 dB,10.0,0.976418,0.9398801999999999,2937
XC1050283,10 dB,10.0,0.839031,0.9211342,2937
XC449327,10 dB,10.0,0.123884,0.2902894,2937
XC659681,10 dB,10.0,0.960899,0.9535422,2937
XC236333,10 dB,10.0,0.966219,0.9351800000000001,2937
XC703161,10 dB,10.0,0.972008,0.8987676,2937
XC925207,10 dB,10.0,0.10175,0.16870400000000002,2937
XC551209,10 dB,10.0,0.481609,0.496774,2937
XC376971,10 dB,10.0,0.960187,0.9505258,2937
XC794809,10 dB,10.0,0.940513,0.9103756000000001,2937
XC66065,10 dB,10.0,0.923718,0.8661074,2937
XC51363,10 dB,10.0,0.927642,0.8820094,2937
XC190782,10 dB,10.0,0.201111,0.0,2937
XC160185,10 dB,10.0,0.972128,0.8847153999999999,2937
XC692916,10 dB,10.0,0.966495,0.9099318000000001,2937
XC715257,10 dB,10.0,0.835332,0.09662180000000001,2937
XC983661,10 dB,10.0,0.901491,0.9144952,2937
XC542734,10 dB,10.0,0.899199,0.0,2937
XC16680,10 dB,10.0,0.690701,0.5722894000000001,2937
XC897709,10 dB,10.0,0.87178,0.8698866000000001,2937
XC498927,10 dB,10.0,0.504711,0.025555,2937
XC352950,10 dB,10.0,0.90091,0.8818364000000001,2937
XC441695,10 dB,10.0,0.956548,0.9482142,2937
XC571970,10 dB,10.0,0.972721,0.9564806000000001,2937
XC174582,10 dB,10.0,0.70042,0.5785560000000001,2937
XC237923,10 dB,10.0,0.491938,0.5529838,2937
XC585614,10 dB,10.0,0.979903,0.9658621999999999,2937
XC437274,10 dB,10.0,0.973214,0.9544852,2937
XC333854,10 dB,10.0,0.961048,0.9660209999999999,2937
XC880219,10 dB,10.0,0.563825,0.2023584,2937
XC627023,10 dB,10.0,0.381586,0.39463940000000003,2937
XC482096,10 dB,10.0,0.675901,0.6839734,2937
XC1090752,10 dB,10.0,0.973288,0.0,2937
XC433619,10 dB,10.0,0.980481,0.9814664000000001,2937
XC238769,10 dB,10.0,0.957853,0.950812,2937
XC216153,10 dB,10.0,0.965246,0.9415815999999999,2937
XC637434,10 dB,10.0,0.966803,0.955453,2937
XC1150946,10 dB,10.0,0.959932,0.8916416,2937
XC927796,10 dB,10.0,0.935611,0.9528549999999999,2937
XC603346,10 dB,10.0,0.888621,0.8601842,2937
XC935490,10 dB,10.0,0.919407,0.8756856,2937
XC919070,10 dB,10.0,0.96747,0.9475816,2937
XC709974,10 dB,10.0,0.934628,0.9150062,2937
XC393807,10 dB,10.0,0.674772,0.811791,2937
XC547138,10 dB,10.0,0.922555,0.9244814,2937
XC720796,10 dB,10.0,0.943887,0.943689,2937
XC1065705,10 dB,10.0,0.894633,0.5242152,2937
XC804803,10 dB,10.0,0.428788,0.2921844,2937
XC164104,10 dB,10.0,0.901521,0.9317888,2937
XC687791,10 dB,10.0,0.921405,0.9026752,2937
XC900272,10 dB,10.0,0.980271,0.9654196,2937
XC847148,10 dB,10.0,0.913637,0.9035135999999999,2937
XC808615,10 dB,10.0,0.948905,0.47030840000000007,2937
XC816269,10 dB,10.0,0.969209,0.9609052,2937
XC585536,10 dB,10.0,0.721815,0.810679,2937
XC387118,10 dB,10.0,0.940904,0.9460868,2937
XC266736,10 dB,10.0,0.959779,0.9476226000000001,2937
XC862711,10 dB,10.0,0.294506,0.3644336,2937
XC319234,10 dB,10.0,0.785824,0.6022466,2937
XC747476,10 dB,10.0,0.866857,0.8603265999999999,2937
XC946633,10 dB,10.0,0.864568,0.8631553999999999,2937
XC96532,10 dB,10.0,0.964849,0.9535899999999999,2937
XC993657,10 dB,10.0,0.834866,0.8404887999999999,2937
XC254120,10 dB,10.0,0.961837,0.9572559999999999,2937
XC958827,10 dB,10.0,0.946179,0.824816,2937
XC138789,10 dB,10.0,0.919208,0.915443,2937
XC895115,10 dB,10.0,0.824468,0.7108164,2937
XC416702,10 dB,10.0,0.967501,0.9539166,2937
XC881430,10 dB,10.0,0.931935,0.9407462000000001,2937
XC86404,10 dB,10.0,0.775527,0.5447484,2937
XC640190,10 dB,10.0,0.546191,0.48544280000000006,2937
XC544314,10 dB,10.0,0.956962,0.9481564,2937
XC817420,10 dB,10.0,0.92322,0.8779733999999999,2937
XC186102,10 dB,10.0,0.922676,0.8883255999999999,2937
XC814143,10 dB,10.0,0.94553,0.9220202000000001,2937
XC757075,10 dB,10.0,0.598988,0.0906376,2937
XC724313,10 dB,10.0,0.983262,0.9889977999999999,2937
XC710866,10 dB,10.0,0.961306,0.9567526000000001,2937
XC307123,10 dB,10.0,0.904922,0.9209212000000001,2937
XC495462,10 dB,10.0,0.962317,0.8964446,2937
XC442988,10 dB,10.0,0.951163,0.8437146,2937
XC54251,10 dB,10.0,0.53766,0.0,2937
XC480059,10 dB,10.0,0.958392,0.9556205999999999,2937
XC532294,10 dB,10.0,0.763253,0.6362666,2937
XC1001205,10 dB,10.0,0.765956,0.6257246,2937
XC843135,10 dB,10.0,0.964466,0.9653012000000001,2937
XC1180487,10 dB,10.0,0.899942,0.9093043999999999,2937
XC1135889,10 dB,10.0,0.952075,0.9464184,2937
XC549979,10 dB,10.0,0.954791,0.9407156000000001,2937
XC178529,10 dB,10.0,0.935735,0.8110636,2937
XC864130,10 dB,10.0,0.868628,0.8825698,2937
XC829903,10 dB,10.0,0.926304,0.8290604,2937
XC330572,10 dB,10.0,0.960441,0.9468962,2937
XC1176267,10 dB,10.0,0.987965,0.9894622,2937
XC27091,10 dB,10.0,0.979756,0.9839008,2937
XC40140,10 dB,10.0,0.599019,0.3453444,2937
XC233039,10 dB,10.0,0.964314,0.9503556,2937
XC507180,10 dB,10.0,0.952988,0.8999782,2937
XC58707,10 dB,10.0,0.960995,0.8836102,2937
XC827140,10 dB,10.0,0.861568,0.8550267999999999,2937
XC416923,10 dB,10.0,0.962047,0.8834882000000001,2937
XC1087301,10 dB,10.0,0.951339,0.9382644000000001,2937
XC712320,10 dB,10.0,0.860232,0.8773099999999999,2937
XC368447,10 dB,10.0,0.960181,0.9260870000000001,2937
XC1163554,10 dB,10.0,0.671025,0.856325,2937
XC161888,10 dB,10.0,0.915881,0.9064044000000001,2937
XC722485,10 dB,10.0,0.918839,0.8334811999999999,2937
XC630605,10 dB,10.0,0.95238,0.8765881999999999,2937
XC126403,10 dB,10.0,0.966353,0.9316514,2937
XC607494,10 dB,10.0,0.941351,0.9199417999999999,2937
XC547426,10 dB,10.0,0.340662,0.26024780000000003,2937
XC72727,10 dB,10.0,0.97281,0.6654308,2937
XC608718,10 dB,10.0,0.911513,0.8655262,2937
XC1011624,10 dB,10.0,0.943195,0.9203184,2937
XC139835,10 dB,10.0,0.136657,0.37027299999999996,2937
XC421360,10 dB,10.0,0.770711,0.7206978,2937
XC492561,10 dB,10.0,0.960829,0.9591746000000001,2937
XC938778,10 dB,10.0,0.783824,0.7078409999999999,2937
XC632068,10 dB,10.0,0.966223,0.7267016,2937
XC35236,10 dB,10.0,0.118828,0.0,2937
XC1049856,10 dB,10.0,0.950807,0.9663102,2937
XC991353,10 dB,10.0,0.471723,0.0,2937
XC521196,10 dB,10.0,0.964634,0.8513272000000001,2937
XC594445,10 dB,10.0,0.624743,0.4299336,2937
XC668732,10 dB,10.0,0.417321,0.2326194,2937
XC604692,10 dB,10.0,0.968353,0.9620810000000001,2937
XC126289,10 dB,10.0,0.863094,0.6922536,2937
XC982035,10 dB,10.0,0.901792,0.9171661999999999,2937
XC606202,10 dB,10.0,0.940269,0.654323,2937
XC991990,10 dB,10.0,0.908226,0.9057596,2937
XC395769,10 dB,10.0,0.786923,0.6812775999999999,2937
XC348022,10 dB,10.0,0.96331,0.9587704,2937
XC458926,10 dB,10.0,0.953898,0.9201824000000001,2937
XC24934,10 dB,10.0,0.95463,0.9668022000000001,2937
XC147651,10 dB,10.0,0.919238,0.9227852000000001,2937
XC1083085,10 dB,10.0,0.832153,0.8586342,2937
XC799489,10 dB,10.0,0.955244,0.947147,2937
XC517012,10 dB,10.0,0.951382,0.9430336,2937
XC998780,10 dB,10.0,0.968062,0.9207924000000001,2937
XC234612,10 dB,10.0,0.974638,0.9767237999999999,2937
XC871704,10 dB,10.0,0.945303,0.9370742,2937
XC650591,10 dB,10.0,0.1681,0.0323776,2937
XC288411,10 dB,10.0,0.893793,0.8938212,2937
XC701838,10 dB,10.0,0.901601,0.763976,2937
XC152240,10 dB,10.0,0.84859,0.8330686,2937
XC16332,10 dB,10.0,0.904538,0.6287194,2937
XC813660,10 dB,10.0,0.988562,0.9839998,2937
XC151807,10 dB,10.0,0.445331,0.16195120000000002,2937
XC407889,10 dB,10.0,0.930524,0.935173,2937
XC136045,10 dB,10.0,0.983876,0.9695218000000001,2937
XC1058305,10 dB,10.0,0.727585,0.6372762,2937
XC883734,10 dB,10.0,0.419303,0.3516068,2937
XC570910,10 dB,10.0,0.832766,0.8617025999999999,2937
XC1140305,10 dB,10.0,0.966476,0.9324934,2937
XC1068115,10 dB,10.0,0.522404,0.050234,2937
XC927579,10 dB,10.0,0.937626,0.9254192,2937
XC702509,10 dB,10.0,0.89704,0.8946365999999999,2937
XC564146,10 dB,10.0,0.962737,0.023777200000000002,2937
XC238441,10 dB,10.0,0.931105,0.8398604000000001,2937
XC177146,10 dB,10.0,0.967428,0.9780636000000001,2937
XC64022,10 dB,10.0,0.783611,0.6989534,2937
XC482545,10 dB,10.0,0.939149,0.8631306000000001,2937
XC620243,10 dB,10.0,0.872009,0.5758912,2937
XC1043757,10 dB,10.0,0.971667,0.9709168,2937
XC252846,10 dB,10.0,0.922482,0.9242298,2937
XC353721,10 dB,10.0,0.97393,0.9758610000000001,2937
XC232558,10 dB,10.0,0.946507,0.9415901999999999,2937
XC192990,10 dB,10.0,0.909232,0.8775335999999999,2937
XC182848,10 dB,10.0,0.898726,0.8539785999999999,2937
XC844118,10 dB,10.0,0.554758,0.7069061999999999,2937
XC160497,10 dB,10.0,0.895213,0.801054,2937
XC1038622,10 dB,10.0,0.957807,0.8808146000000001,2937
XC684192,10 dB,10.0,0.936282,0.8721152,2937
XC713423,10 dB,10.0,0.38931,0.2957474,2937
XC48806,10 dB,10.0,0.774451,0.6171496,2937
XC1053479,10 dB,10.0,0.204305,0.0492648,2937
XC833314,10 dB,10.0,0.950159,0.9529668000000001,2937
XC256795,10 dB,10.0,0.96151,0.9596302,2937
XC506656,10 dB,10.0,0.948265,0.5718354,2937
XC709620,10 dB,10.0,0.922921,0.9136094,2937
XC307546,10 dB,10.0,0.915525,0.8638302,2937
XC448104,10 dB,10.0,0.964835,0.9438798,2937
XC689680,10 dB,10.0,0.791986,0.8100305999999999,2937
XC605194,10 dB,10.0,0.961979,0.9548254,2937
XC341898,10 dB,10.0,0.381843,0.6044438000000001,2937
XC709197,10 dB,10.0,0.867196,0.8876664,2937
XC545747,10 dB,10.0,0.168847,0.0,2937
XC1067263,10 dB,10.0,0.916949,0.9423938,2937
XC712200,10 dB,10.0,0.759481,0.5667868,2937
XC218954,10 dB,10.0,0.949845,0.8939866000000001,2937
XC954941,10 dB,10.0,0.877035,0.8488286,2937
XC289508,10 dB,10.0,0.895491,0.8356004,2937
XC683817,10 dB,10.0,0.888287,0.8555486,2937
XC560150,10 dB,10.0,0.913721,0.9111153999999999,2937
XC94550,10 dB,10.0,0.879155,0.8513824,2937
XC564102,10 dB,10.0,0.940057,0.9481756000000001,2937
XC1104503,10 dB,10.0,0.96932,0.958301,2937
XC302477,10 dB,10.0,0.787326,0.6974146,2937
XC160910,10 dB,10.0,0.768564,0.4450712,2937
XC482212,10 dB,10.0,0.848809,0.8604426000000001,2937
XC1084353,10 dB,10.0,0.720748,0.7288471999999999,2937
XC939767,10 dB,10.0,0.92705,0.1472606,2937
XC404238,10 dB,10.0,0.866678,0.8586824,2937
XC369709,10 dB,10.0,0.931392,0.8348182,2937
XC774089,10 dB,10.0,0.955016,0.168075,2937
XC753541,10 dB,10.0,0.959828,0.9581996,2937
XC372776,10 dB,10.0,0.938689,0.9364312,2937
XC1018054,10 dB,10.0,0.947972,0.8986954,2937
XC1018293,10 dB,10.0,0.915038,0.9252815999999999,2937
XC326220,10 dB,10.0,0.920917,0.9130734,2937
XC35662,10 dB,10.0,0.946865,0.6484206,2937
XC38968,10 dB,10.0,0.924163,0.9074074,2937
XC479015,10 dB,10.0,0.745472,0.7048835999999999,2937
XC955638,10 dB,10.0,0.974142,0.9692168000000001,2937
XC1139202,10 dB,10.0,0.943343,0.9191988,2937
XC40892,10 dB,10.0,0.795072,0.7041036,2937
XC854708,10 dB,10.0,0.879666,0.8219718,2937
XC700330,10 dB,10.0,0.972996,0.9355166,2937
XC409395,10 dB,10.0,0.841043,0.5120968,2937
XC426624,10 dB,10.0,0.931897,0.954332,2937
XC360300,10 dB,10.0,0.921089,0.9026398,2937
XC1066178,10 dB,10.0,0.88842,0.8157928,2937
XC260508,10 dB,10.0,0.743415,0.28649399999999997,2937
XC981172,10 dB,10.0,0.543284,0.6340868000000001,2937
XC226752,10 dB,10.0,0.798641,0.7842678000000001,2937
XC990816,10 dB,10.0,0.944619,0.9247730000000001,2937
XC238205,10 dB,10.0,0.834553,0.8011240000000001,2937
XC815251,10 dB,10.0,0.983418,0.9814176,2937
XC933671,10 dB,10.0,0.942234,0.950136,2937
XC542031,20 dB,20.0,0.748806,0.42800720000000003,2937
XC717038,20 dB,20.0,0.987573,0.9891059999999999,2937
XC251447,20 dB,20.0,0.969183,0.9600774,2937
XC193611,20 dB,20.0,0.946015,0.9403663999999999,2937
XC165403,20 dB,20.0,0.840401,0.8030014,2937
XC90213,20 dB,20.0,0.919224,0.8754477999999999,2937
XC497903,20 dB,20.0,0.32962,0.3430224,2937
XC682585,20 dB,20.0,0.308264,0.128934,2937
XC153465,20 dB,20.0,0.889957,0.8217174,2937
XC3514,20 dB,20.0,0.957722,0.9440696,2937
XC449938,20 dB,20.0,0.961031,0.969028,2937
XC990257,20 dB,20.0,0.939484,0.9215914,2937
XC262136,20 dB,20.0,0.958439,0.9378508,2937
XC424555,20 dB,20.0,0.831408,0.8067399999999999,2937
XC694774,20 dB,20.0,0.843946,0.8398483999999999,2937
XC266398,20 dB,20.0,0.941273,0.8665534000000001,2937
XC282475,20 dB,20.0,0.779631,0.10124979999999999,2937
XC90898,20 dB,20.0,0.640307,0.6141598,2937
XC539753,20 dB,20.0,0.961329,0.9519012,2937
XC439088,20 dB,20.0,0.915558,0.9065877999999999,2937
XC741461,20 dB,20.0,0.696367,0.6617136,2937
XC269402,20 dB,20.0,0.975879,0.8021222,2937
XC676028,20 dB,20.0,0.29048,0.246041,2937
XC290827,20 dB,20.0,0.898791,0.7580975999999999,2937
XC286048,20 dB,20.0,0.870418,0.7101498,2937
XC242995,20 dB,20.0,0.936658,0.9191407999999999,2937
XC197700,20 dB,20.0,0.980793,0.9609962,2937
XC276046,20 dB,20.0,0.958609,0.9409464,2937
XC730873,20 dB,20.0,0.932704,0.9036716,2937
XC417506,20 dB,20.0,0.336344,0.18964799999999998,2937
XC162647,20 dB,20.0,0.561829,0.4218598,2937
XC731561,20 dB,20.0,0.962278,0.9720096,2937
XC666766,20 dB,20.0,0.945582,0.9380371999999999,2937
XC701724,20 dB,20.0,0.418166,0.3749422,2937
XC183937,20 dB,20.0,0.604472,0.570215,2937
XC736674,20 dB,20.0,0.575466,0.4559902,2937
XC12598,20 dB,20.0,0.800506,0.764484,2937
XC235763,20 dB,20.0,0.95246,0.9503152,2937
XC525016,20 dB,20.0,0.806854,0.7933798,2937
XC158132,20 dB,20.0,0.872114,0.7104258,2937
XC8565,20 dB,20.0,0.96136,0.9086292,2937
XC108542,20 dB,20.0,0.907893,0.3922246,2937
XC731493,20 dB,20.0,0.974966,0.9810344000000001,2937
XC614881,20 dB,20.0,0.911326,0.8126899999999999,2937
XC228513,20 dB,20.0,0.833949,0.9062572,2937
XC633647,20 dB,20.0,0.874187,0.9152530000000001,2937
XC717024,20 dB,20.0,0.990225,0.985061,2937
XC658138,20 dB,20.0,0.548326,0.5696574,2937
XC732280,20 dB,20.0,0.851586,0.8279400000000001,2937
XC486154,20 dB,20.0,0.957303,0.9448972,2937
XC268493,20 dB,20.0,0.1174,0.0,2937
XC688133,20 dB,20.0,0.699202,0.6953742,2937
XC718295,20 dB,20.0,0.987347,0.9799538,2937
XC753982,20 dB,20.0,0.62195,0.43747860000000005,2937
XC731499,20 dB,20.0,0.94102,0.8007412,2937
XC223693,20 dB,20.0,0.97893,0.9699012,2937
XC410185,20 dB,20.0,0.945921,0.8388823999999999,2937
XC731558,20 dB,20.0,0.969703,0.9512328,2937
XC400280,20 dB,20.0,0.746822,0.3989582,2937
XC674130,20 dB,20.0,0.91645,0.7903328000000001,2937
XC382526,20 dB,20.0,0.812956,0.79989,2937
XC183493,20 dB,20.0,0.939848,0.9127004,2937
XC189826,20 dB,20.0,0.965184,0.9606657999999999,2937
XC740662,20 dB,20.0,0.101652,0.023324,2937
XC409718,20 dB,20.0,0.910189,0.892948,2937
XC694808,20 dB,20.0,0.759381,0.688939,2937
XC360002,20 dB,20.0,0.995623,0.9847547999999999,2937
XC674749,20 dB,20.0,0.730305,0.6958692,2937
XC578931,20 dB,20.0,0.772837,0.7344094,2937
XC714960,20 dB,20.0,0.677227,0.685766,2937
XC265618,20 dB,20.0,0.897378,0.885853,2937
XC229218,20 dB,20.0,0.937253,0.9448755999999999,2937
XC511967,20 dB,20.0,0.802974,0.8135914,2937
XC229222,20 dB,20.0,0.988451,0.9893094,2937
XC17548,20 dB,20.0,0.942661,0.9354928000000001,2937
XC773037,20 dB,20.0,0.10336,0.020613600000000003,2937
XC235762,20 dB,20.0,0.282444,0.20772139999999997,2937
XC244192,20 dB,20.0,0.824029,0.8326914000000001,2937
XC731587,20 dB,20.0,0.984625,0.9837452000000001,2937
XC676217,20 dB,20.0,0.954201,0.9076147999999999,2937
XC429908,20 dB,20.0,0.870766,0.8677298,2937
XC718293,20 dB,20.0,0.968829,0.9571292,2937
XC736633,20 dB,20.0,0.906567,0.8601257999999999,2937
XC19024,20 dB,20.0,0.951792,0.8484496,2937
XC415875,20 dB,20.0,0.721994,0.6866656,2937
XC567311,20 dB,20.0,0.920661,0.9070486000000001,2937
XC731590,20 dB,20.0,0.982773,0.976259,2937
XC32383,20 dB,20.0,0.922962,0.9091228000000001,2937
XC773753,20 dB,20.0,0.839633,0.7073294000000001,2937
XC223701,20 dB,20.0,0.932119,0.8318588,2937
XC718291,20 dB,20.0,0.988451,0.9727636000000001,2937
XC718292,20 dB,20.0,0.988451,0.973147,2937
XC149604,20 dB,20.0,0.900185,0.8799073999999999,2937
XC718323,20 dB,20.0,0.994848,0.9880334,2937
XC736604,20 dB,20.0,0.992973,0.9776279999999999,2937
XC242993,20 dB,20.0,0.868318,0.8555020000000001,2937
XC36065,20 dB,20.0,0.716531,0.5381534,2937
XC296721,20 dB,20.0,0.892503,0.9055633999999999,2937
XC500320,20 dB,20.0,0.930578,0.8374732,2937
XC717284,20 dB,20.0,0.982787,0.8923873999999999,2937
XC275047,20 dB,20.0,0.934169,0.8986428,2937
XC682184,20 dB,20.0,0.222711,0.22882220000000003,2937
XC158693,20 dB,20.0,0.765714,0.7906880000000001,2937
XC260813,20 dB,20.0,0.403828,0.26151979999999997,2937
XC736667,20 dB,20.0,0.908242,0.9158184,2937
XC732889,20 dB,20.0,0.361042,0.41815499999999994,2937
XC534791,20 dB,20.0,0.707699,0.6848578,2937
XC680802,20 dB,20.0,0.928912,0.9251111999999999,2937
XC289593,20 dB,20.0,0.869918,0.8257118,2937
XC773176,20 dB,20.0,0.452691,0.5191984,2937
XC736670,20 dB,20.0,0.950779,0.9382542,2937
XC682188,20 dB,20.0,0.460177,0.471769,2937
XC663295,20 dB,20.0,0.702629,0.7001459999999999,2937
XC275048,20 dB,20.0,0.901795,0.7723082,2937
XC166540,20 dB,20.0,0.949161,0.9389848000000001,2937
XC302616,20 dB,20.0,0.598899,0.238099,2937
XC190423,20 dB,20.0,0.931757,0.7540478,2937
XC731576,20 dB,20.0,0.976924,0.9749726000000001,2937
XC157561,20 dB,20.0,0.978771,0.9810632,2937
XC223699,20 dB,20.0,0.889724,0.4461184,2937
XC100367,20 dB,20.0,0.973404,0.9696538,2937
XC729594,20 dB,20.0,0.967187,0.9658135999999999,2937
XC598388,20 dB,20.0,0.44902,0.06046359999999999,2937
XC286132,20 dB,20.0,0.990933,0.9816857999999999,2937
XC259429,20 dB,20.0,0.850971,0.8765504,2937
XC112665,20 dB,20.0,0.52869,0.459523,2937
XC712359,20 dB,20.0,0.940639,0.9517089999999999,2937
XC425470,20 dB,20.0,0.828233,0.7619946,2937
XC614858,20 dB,20.0,0.967604,0.9362754000000001,2937
XC736592,20 dB,20.0,0.968567,0.9456262000000001,2937
XC470230,20 dB,20.0,0.802707,0.7537887999999999,2937
XC156108,20 dB,20.0,0.79858,0.8662608,2937
XC682186,20 dB,20.0,0.490935,0.439909,2937
XC508607,20 dB,20.0,0.911315,0.9158966,2937
XC471112,20 dB,20.0,0.934841,0.9070212,2937
XC190315,20 dB,20.0,0.396828,0.2830386,2937
XC567309,20 dB,20.0,0.857315,0.8375942000000001,2937
XC166995,20 dB,20.0,0.104648,0.0,2937
XC229221,20 dB,20.0,0.956302,0.8698772,2937
XC42250,20 dB,20.0,0.954448,0.9482408,2937
XC731582,20 dB,20.0,0.912715,0.8758464,2937
XC223697,20 dB,20.0,0.966086,0.7778226,2937
XC729581,20 dB,20.0,0.931808,0.9182954000000001,2937
XC731570,20 dB,20.0,0.932299,0.9295024,2937
XC215864,20 dB,20.0,0.449914,0.3251554,2937
XC717481,20 dB,20.0,0.995948,0.9964500000000001,2937
XC326023,20 dB,20.0,0.95316,0.9419601999999999,2937
XC249515,20 dB,20.0,0.964574,0.9679014,2937
XC688128,20 dB,20.0,0.736839,0.7050154,2937
XC153466,20 dB,20.0,0.960311,0.9481607999999999,2937
XC461846,20 dB,20.0,0.828185,0.7871276,2937
XC96395,20 dB,20.0,0.743766,0.7867606,2937
XC101059,20 dB,20.0,0.950141,0.9493398,2937
XC152732,20 dB,20.0,0.893182,0.8156624000000001,2937
XC731550,20 dB,20.0,0.888277,0.8818762,2937
XC562165,20 dB,20.0,0.554556,0.44863679999999995,2937
XC47463,20 dB,20.0,0.550333,0.46198940000000005,2937
XC265617,20 dB,20.0,0.832497,0.83124,2937
XC335300,20 dB,20.0,0.940537,0.9352322000000001,2937
XC423696,20 dB,20.0,0.774951,0.46025320000000003,2937
XC717020,20 dB,20.0,0.979493,0.9772704000000001,2937
XC717025,20 dB,20.0,0.945649,0.9623380000000001,2937
XC388600,20 dB,20.0,0.916895,0.8270778,2937
XC229224,20 dB,20.0,0.947017,0.9445962,2937
XC173092,20 dB,20.0,0.943683,0.9258564,2937
XC156252,20 dB,20.0,0.680857,0.5978154,2937
XC223695,20 dB,20.0,0.986856,0.9738697999999999,2937
XC961873,20 dB,20.0,0.847438,0.5457318,2937
XC235765,20 dB,20.0,0.942459,0.9513313999999999,2937
XC730027,20 dB,20.0,0.911009,0.9027343999999999,2937
XC360006,20 dB,20.0,0.855493,0.0,2937
XC80263,20 dB,20.0,0.870917,0.8608853999999999,2937
XC275576,20 dB,20.0,0.760767,0.7695684,2937
XC407518,20 dB,20.0,0.9124,0.9048196000000001,2937
XC736599,20 dB,20.0,0.992737,0.9748666,2937
XC410400,20 dB,20.0,0.969176,0.931781,2937
XC767450,20 dB,20.0,0.594492,0.3650402,2937
XC335317,20 dB,20.0,0.945797,0.9282394,2937
XC688132,20 dB,20.0,0.310423,0.28612899999999997,2937
XC197701,20 dB,20.0,0.959194,0.9466246,2937
XC433336,20 dB,20.0,0.945734,0.9428196,2937
XC616141,20 dB,20.0,0.934795,0.8811349999999999,2937
XC736603,20 dB,20.0,0.953259,0.938752,2937
XC186212,20 dB,20.0,0.974465,0.9701646,2937
XC718300,20 dB,20.0,0.984877,0.9518406,2937
XC432539,20 dB,20.0,0.156913,0.1621198,2937
XC510184,20 dB,20.0,0.964108,0.9026137999999999,2937
XC302619,20 dB,20.0,0.456217,0.4060456,2937
XC276432,20 dB,20.0,0.115415,0.06462140000000001,2937
XC771829,20 dB,20.0,0.959401,0.962876,2937
XC754583,20 dB,20.0,0.707791,0.7103542,2937
XC6464,20 dB,20.0,0.755482,0.810969,2937
XC598391,20 dB,20.0,0.397643,0.20965620000000001,2937
XC175882,20 dB,20.0,0.908494,0.8654116000000001,2937
XC576108,20 dB,20.0,0.592335,0.5745382,2937
XC266105,20 dB,20.0,0.835319,0.0,2937
XC177114,20 dB,20.0,0.936045,0.980598,2937
XC48483,20 dB,20.0,0.903539,0.855785,2937
XC729269,20 dB,20.0,0.906778,0.7327588,2937
XC215865,20 dB,20.0,0.556292,0.5274158,2937
XC158394,20 dB,20.0,0.751066,0.7646198,2937
XC510186,20 dB,20.0,0.987192,0.9887254000000001,2937
XC271103,20 dB,20.0,0.964346,0.960256,2937
XC35112,20 dB,20.0,0.972371,0.9545324000000001,2937
XC45119,20 dB,20.0,0.864639,0.7992002,2937
XC101060,20 dB,20.0,0.975507,0.9630662000000001,2937
XC767027,20 dB,20.0,0.916752,0.9154468,2937
XC86464,20 dB,20.0,0.867845,0.9371296000000001,2937
XC166727,20 dB,20.0,0.837462,0.8432986,2937
XC296631,20 dB,20.0,0.88383,0.8701854000000001,2937
XC29517,20 dB,20.0,0.907578,0.9019107999999999,2937
XC696404,20 dB,20.0,0.919407,0.9139942,2937
XC47027,20 dB,20.0,0.399831,0.2532974,2937
XC441040,20 dB,20.0,0.812174,0.8120892,2937
XC694179,20 dB,20.0,0.955061,0.9473486,2937
XC72398,20 dB,20.0,0.945573,0.9348628,2937
XC717466,20 dB,20.0,0.149853,0.1617574,2937
XC22934,20 dB,20.0,0.933812,0.9634686,2937
XC106499,20 dB,20.0,0.887756,0.900357,2937
XC317798,20 dB,20.0,0.804891,0.729287,2937
XC408504,20 dB,20.0,0.95126,0.9392126,2937
XC614880,20 dB,20.0,0.951884,0.9134532,2937
XC573311,20 dB,20.0,0.587048,0.5947462,2937
XC731533,20 dB,20.0,0.972733,0.9542743999999999,2937
XC19517,20 dB,20.0,0.962782,0.6603858,2937
XC645629,20 dB,20.0,0.864427,0.849896,2937
XC682180,20 dB,20.0,0.723934,0.6929358,2937
XC500327,20 dB,20.0,0.979818,0.9702726,2937
XC503618,20 dB,20.0,0.984683,0.8917316,2937
XC543045,20 dB,20.0,0.977239,0.9433608,2937
XC654886,20 dB,20.0,0.721448,0.8065262000000001,2937
XC731553,20 dB,20.0,0.988135,0.9811432,2937
XC42245,20 dB,20.0,0.915308,0.9291086,2937
XC736631,20 dB,20.0,0.985661,0.9866446,2937
XC736629,20 dB,20.0,0.993152,0.9782584,2937
XC102559,20 dB,20.0,0.88641,0.8198456000000001,2937
XC728901,20 dB,20.0,0.214852,0.0247852,2937
XC730872,20 dB,20.0,0.4225,0.0774034,2937
XC688126,20 dB,20.0,0.852044,0.790553,2937
XC102682,20 dB,20.0,0.921932,0.8600239999999999,2937
XC332678,20 dB,20.0,0.979328,0.9823854000000001,2937
XC11117,20 dB,20.0,0.941292,0.9488208,2937
XC320935,20 dB,20.0,0.579031,0.31325539999999996,2937
XC223698,20 dB,20.0,0.74638,0.34826959999999996,2937
XC676029,20 dB,20.0,0.231999,0.2145544,2937
XC736586,20 dB,20.0,0.834868,0.8280158,2937
XC703838,20 dB,20.0,0.843787,0.8618048,2937
XC716835,20 dB,20.0,0.791763,0.6843014000000001,2937
XC5918,20 dB,20.0,0.535077,0.5096906,2937
XC664422,20 dB,20.0,0.948893,0.919421,2937
XC276832,20 dB,20.0,0.290456,0.3445448,2937
XC102371,20 dB,20.0,0.564928,0.5810196,2937
XC264621,20 dB,20.0,0.824991,0.7887788,2937
XC202780,20 dB,20.0,0.986485,0.9723803999999999,2937
XC729595,20 dB,20.0,0.873293,0.910922,2937
XC312994,20 dB,20.0,0.984996,0.9859031999999999,2937
XC734232,20 dB,20.0,0.955521,0.9419753999999999,2937
XC102620,20 dB,20.0,0.922718,0.8597602,2937
XC234286,20 dB,20.0,0.776695,0.3655202,2937
XC767031,20 dB,20.0,0.916752,0.9161946000000001,2937
XC719745,20 dB,20.0,0.473742,0.472031,2937
XC98040,20 dB,20.0,0.807297,0.782969,2937
XC731547,20 dB,20.0,0.951225,0.9654328,2937
XC606787,20 dB,20.0,0.608662,0.5323958,2937
XC621497,20 dB,20.0,0.155932,0.20370059999999998,2937
XC718312,20 dB,20.0,0.97735,0.9813594,2937
XC121784,20 dB,20.0,0.91878,0.8328704,2937
XC28335,20 dB,20.0,0.868106,0.8486043999999999,2937
XC767424,20 dB,20.0,0.500557,0.29825599999999997,2937
XC718325,20 dB,20.0,0.995509,0.9939282,2937
XC676027,20 dB,20.0,0.269185,0.2734856,2937
XC734199,20 dB,20.0,0.17708,0.1874688,2937
XC741170,20 dB,20.0,0.253746,0.2417078,2937
XC579290,20 dB,20.0,0.595566,0.3820794,2937
XC2652,20 dB,20.0,0.288404,0.294315,2937
XC328132,20 dB,20.0,0.971152,0.9533664,2937
XC202061,20 dB,20.0,0.934816,0.9326944000000001,2937
XC717021,20 dB,20.0,0.991596,0.9926074,2937
XC717218,20 dB,20.0,0.970521,0.9686378,2937
XC717249,20 dB,20.0,0.9199,0.9623902000000001,2937
XC754581,20 dB,20.0,0.722601,0.26936340000000003,2937
XC717026,20 dB,20.0,0.991246,0.9890656,2937
XC60123,20 dB,20.0,0.973369,0.9402010000000001,2937
XC36282,20 dB,20.0,0.85653,0.7103278000000001,2937
XC775447,20 dB,20.0,0.828688,0.8468365999999999,2937
XC286140,20 dB,20.0,0.95011,0.3595328,2937
XC429970,20 dB,20.0,0.257942,0.2091884,2937
XC682178,20 dB,20.0,0.643503,0.655992,2937
XC343646,20 dB,20.0,0.586751,0.745125,2937
XC100396,20 dB,20.0,0.934057,0.9401216,2937
XC45741,20 dB,20.0,0.619424,0.380524,2937
XC756221,20 dB,20.0,0.820228,0.7938314,2937
XC774740,20 dB,20.0,0.856992,0.8413596,2937
XC506999,20 dB,20.0,0.806926,0.41658100000000003,2937
XC731531,20 dB,20.0,0.991273,0.9883582000000001,2937
XC736673,20 dB,20.0,0.968752,0.970984,2937
XC471403,20 dB,20.0,0.951994,0.942613,2937
XC614859,20 dB,20.0,0.978768,0.9443906,2937
XC56872,20 dB,20.0,0.65154,0.8553948,2937
XC682181,20 dB,20.0,0.650267,0.6388423999999999,2937
XC693558,20 dB,20.0,0.889829,0.6137178000000001,2937
XC156110,20 dB,20.0,0.614092,0.608116,2937
XC670637,20 dB,20.0,0.912971,0.9271944,2937
XC500329,20 dB,20.0,0.973182,0.9012682,2937
XC688125,20 dB,20.0,0.750127,0.6974796,2937
XC540091,20 dB,20.0,0.970054,0.9785005999999999,2937
XC763293,20 dB,20.0,0.145428,0.046743,2937
XC405905,20 dB,20.0,0.900367,0.8964306000000001,2937
XC717477,20 dB,20.0,0.955174,0.9523828,2937
XC609129,20 dB,20.0,0.872266,0.8806240000000001,2937
XC693559,20 dB,20.0,0.960938,0.9122125999999999,2937
XC750668,20 dB,20.0,0.910551,0.9017476,2937
XC512494,20 dB,20.0,0.951037,0.9415768,2937
XC322052,20 dB,20.0,0.13737,0.10472719999999999,2937
XC674748,20 dB,20.0,0.389131,0.38494860000000003,2937
XC410249,20 dB,20.0,0.886182,0.7744758,2937
XC690482,20 dB,20.0,0.940699,0.9484534,2937
XC251448,20 dB,20.0,0.583805,0.5491478,2937
XC632493,20 dB,20.0,0.11552,0.09229760000000001,2937
XC582828,20 dB,20.0,0.877695,0.8725080000000001,2937
XC65533,20 dB,20.0,0.932618,0.888331,2937
XC500314,20 dB,20.0,0.977843,0.9535828000000001,2937
XC432541,20 dB,20.0,0.984682,0.9794416,2937
XC118200,20 dB,20.0,0.910893,0.894626,2937
XC179936,20 dB,20.0,0.851757,0.7018712,2937
XC424564,20 dB,20.0,0.813958,0.7304586,2937
XC413894,20 dB,20.0,0.333135,0.3101058,2937
XC37796,20 dB,20.0,0.918362,0.8618916000000001,2937
XC648909,20 dB,20.0,0.664042,0.8523707999999999,2937
XC449940,20 dB,20.0,0.976563,0.9704611999999999,2937
XC631070,20 dB,20.0,0.85453,0.8554994,2937
XC268492,20 dB,20.0,0.308379,0.096005,2937
XC766349,20 dB,20.0,0.916384,0.9070546,2937
XC522023,20 dB,20.0,0.943799,0.9248546,2937
XC731527,20 dB,20.0,0.979071,0.9764341999999999,2937
XC719297,20 dB,20.0,0.221448,0.1813804,2937
XC1016,20 dB,20.0,0.897621,0.8989404000000001,2937
XC290396,20 dB,20.0,0.384571,0.362713,2937
XC567776,20 dB,20.0,0.9812,0.9505417999999999,2937
XC132312,20 dB,20.0,0.963358,0.9374296000000001,2937
XC745439,20 dB,20.0,0.88123,0.8467244,2937
XC199211,20 dB,20.0,0.570502,0.5528712,2937
XC47915,20 dB,20.0,0.916043,0.9322166000000001,2937
XC774741,20 dB,20.0,0.872223,0.7047268,2937
XC690537,20 dB,20.0,0.924747,0.9277348,2937
XC731546,20 dB,20.0,0.966025,0.9692634,2937
XC725685,20 dB,20.0,0.966974,0.9693576,2937
XC378531,20 dB,20.0,0.947387,0.9341820000000001,2937
XC729591,20 dB,20.0,0.903227,0.9114552,2937
XC717299,20 dB,20.0,0.977245,0.9471817999999999,2937
XC35884,20 dB,20.0,0.816676,0.7963126,2937
XC19002,20 dB,20.0,0.578389,0.5171998,2937
XC269836,20 dB,20.0,0.928949,0.8628904000000001,2937
XC561222,20 dB,20.0,0.5929,0.281048,2937
XC233468,20 dB,20.0,0.943309,0.9221612,2937
XC270008,20 dB,20.0,0.953116,0.8067902,2937
XC505532,20 dB,20.0,0.885785,0.8696082,2937
XC258603,20 dB,20.0,0.932741,0.9527570000000001,2937
XC158700,20 dB,20.0,0.544383,0.5580294,2937
XC361682,20 dB,20.0,0.956996,0.9410095999999999,2937
XC446866,20 dB,20.0,0.890736,0.8079802,2937
XC97827,20 dB,20.0,0.856068,0.7692806,2937
XC730671,20 dB,20.0,0.774902,0.5792037999999999,2937
XC718324,20 dB,20.0,0.992618,0.9905889999999999,2937
XC177167,20 dB,20.0,0.918561,0.9311508,2937
XC38467,20 dB,20.0,0.892781,0.6782201999999999,2937
XC244191,20 dB,20.0,0.883005,0.8608866,2937
XC511425,20 dB,20.0,0.154363,0.13723000000000002,2937
XC121783,20 dB,20.0,0.904955,0.9213134000000001,2937
XC721436,20 dB,20.0,0.707374,0.5409179999999999,2937
XC17671,20 dB,20.0,0.706941,0.698613,2937
XC700399,20 dB,20.0,0.848298,0.6404987999999999,2937
XC286047,20 dB,20.0,0.906443,0.662974,2937
XC718316,20 dB,20.0,0.989,0.9514784000000001,2937
XC290826,20 dB,20.0,0.835303,0.8496746,2937
XC234208,20 dB,20.0,0.970737,0.9632097999999999,2937
XC89196,20 dB,20.0,0.588833,0.7727126,2937
XC763551,20 dB,20.0,0.724885,0.8260824,2937
XC360005,20 dB,20.0,0.839391,0.0,2937
XC360008,20 dB,20.0,0.969552,0.7707304,2937
XC578723,20 dB,20.0,0.65463,0.5837747999999999,2937
XC533973,20 dB,20.0,0.149337,0.0321694,2937
XC152734,20 dB,20.0,0.4372,0.2816032,2937
XC542585,20 dB,20.0,0.917885,0.9141648,2937
XC717035,20 dB,20.0,0.990217,0.9623032,2937
XC449939,20 dB,20.0,0.981021,0.9614974000000001,2937
XC731532,20 dB,20.0,0.994979,0.9655609999999999,2937
XC767411,20 dB,20.0,0.662615,0.5337598,2937
XC152853,20 dB,20.0,0.67379,0.23430140000000002,2937
XC544941,20 dB,20.0,0.937376,0.9273368,2937
XC699154,20 dB,20.0,0.22833,0.0,2937
XC736632,20 dB,20.0,0.971682,0.9725866,2937
XC34466,20 dB,20.0,0.904901,0.9173819999999999,2937
XC615468,20 dB,20.0,0.27145,0.1252748,2937
XC533294,20 dB,20.0,0.747964,0.779801,2937
XC234289,20 dB,20.0,0.819357,0.42453700000000005,2937
XC512775,20 dB,20.0,0.677748,0.6407726,2937
XC688127,20 dB,20.0,0.826317,0.8314024,2937
XC498298,20 dB,20.0,0.504056,0.617544,2937
XC4240,20 dB,20.0,0.906574,0.778641,2937
XC736666,20 dB,20.0,0.973945,0.919763,2937
XC100368,20 dB,20.0,0.988045,0.9867906,2937
XC721437,20 dB,20.0,0.92002,0.8462426000000001,2937
XC703839,20 dB,20.0,0.963273,0.9533978,2937
XC774101,20 dB,20.0,0.981888,0.9606576,2937
XC389515,20 dB,20.0,0.867847,0.7928398,2937
XC164674,20 dB,20.0,0.941493,0.8895336,2937
XC736669,20 dB,20.0,0.975183,0.9571479999999999,2937
XC353224,20 dB,20.0,0.966686,0.9419688,2937
XC400278,20 dB,20.0,0.833339,0.6239516,2937
XC100388,20 dB,20.0,0.854123,0.8504744000000001,2937
XC736664,20 dB,20.0,0.979031,0.9855798,2937
XC412839,20 dB,20.0,0.960282,0.958315,2937
XC414999,20 dB,20.0,0.564373,0.4793794,2937
XC674136,20 dB,20.0,0.653543,0.5898256,2937
XC276434,20 dB,20.0,0.951645,0.948946,2937
XC660626,20 dB,20.0,0.868044,0.6100378,2937
XC22356,20 dB,20.0,0.949621,0.9107,2937
XC695312,20 dB,20.0,0.390592,0.3878404,2937
XC27619,20 dB,20.0,0.568465,0.4816746,2937
XC700047,20 dB,20.0,0.0,0.0,2937
XC260814,20 dB,20.0,0.341447,0.3805544,2937
XC461974,20 dB,20.0,0.390982,0.3501922,2937
XC69100,20 dB,20.0,0.455883,0.17775760000000002,2937
XC45843,20 dB,20.0,0.84911,0.8693310000000001,2937
XC259430,20 dB,20.0,0.873152,0.8624307999999999,2937
XC754598,20 dB,20.0,0.381654,0.24500319999999998,2937
XC258605,20 dB,20.0,0.929653,0.9171516000000001,2937
XC180811,20 dB,20.0,0.875721,0.8643006,2937
XC178515,20 dB,20.0,0.789228,0.7398766,2937
XC425472,20 dB,20.0,0.852959,0.661463,2937
XC731555,20 dB,20.0,0.947927,0.9097156,2937
XC229223,20 dB,20.0,0.969263,0.9730344000000001,2937
XC767023,20 dB,20.0,0.935254,0.9148628000000001,2937
XC25789,20 dB,20.0,0.946922,0.943708,2937
XC718327,20 dB,20.0,0.996642,0.9941596,2937
XC390487,20 dB,20.0,0.659958,0.5598403999999999,2937
XC229225,20 dB,20.0,0.880764,0.8617386,2937
XC736675,20 dB,20.0,0.954584,0.9576318,2937
XC242992,20 dB,20.0,0.942891,0.960568,2937
XC39854,20 dB,20.0,0.907756,0.9571835999999999,2937
XC693800,20 dB,20.0,0.908428,0.8802253999999999,2937
XC718318,20 dB,20.0,0.97079,0.9711272,2937
XC614878,20 dB,20.0,0.916707,0.774114,2937
XC33211,20 dB,20.0,0.940535,0.9107586,2937
XC219565,20 dB,20.0,0.833926,0.8200085999999999,2937
XC565141,20 dB,20.0,0.956861,0.9361713999999999,2937
XC717049,20 dB,20.0,0.993777,0.9868154,2937
XC504710,20 dB,20.0,0.977756,0.9668673999999999,2937
XC767020,20 dB,20.0,0.91835,0.9182387999999999,2937
XC29589,20 dB,20.0,0.661687,0.7681015999999999,2937
XC731580,20 dB,20.0,0.873556,0.8256982,2937
XC736605,20 dB,20.0,0.83266,0.7000529999999999,2937
XC598390,20 dB,20.0,0.264442,0.10708060000000001,2937
XC568427,20 dB,20.0,0.96207,0.9651216,2937
XC614885,20 dB,20.0,0.957951,0.9099322000000001,2937
XC717238,20 dB,20.0,0.99077,0.8776697999999999,2937
XC317546,20 dB,20.0,0.951407,0.9402571999999999,2937
XC389514,20 dB,20.0,0.80934,0.6081338000000001,2937
XC189385,20 dB,20.0,0.804938,0.8049533999999999,2937
XC248385,20 dB,20.0,0.932354,0.9427236000000001,2937
XC471402,20 dB,20.0,0.943816,0.9250044,2937
XC297631,20 dB,20.0,0.77635,0.7079686000000001,2937
XC70597,20 dB,20.0,0.9587,0.9332514,2937
XC92620,20 dB,20.0,0.488333,0.1234582,2937
XC432542,20 dB,20.0,0.911751,0.8918424,2937
XC102621,20 dB,20.0,0.821455,0.8473854,2937
XC736651,20 dB,20.0,0.777672,0.1947144,2937
XC731535,20 dB,20.0,0.948849,0.9574732000000001,2937
XC664109,20 dB,20.0,0.501826,0.43412880000000004,2937
XC717219,20 dB,20.0,0.967107,0.9694858,2937
XC717220,20 dB,20.0,0.989014,0.9842563999999999,2937
XC196808,20 dB,20.0,0.627092,0.5754344,2937
XC690428,20 dB,20.0,0.392786,0.386772,2937
XC754579,20 dB,20.0,0.353749,0.3567818,2937
XC682174,20 dB,20.0,0.651824,0.6497124,2937
XC717027,20 dB,20.0,0.948342,0.9656696,2937
XC266914,20 dB,20.0,0.903272,0.8594533999999999,2937
XC258604,20 dB,20.0,0.86381,0.8477658,2937
XC273826,20 dB,20.0,0.813279,0.8520092,2937
XC669919,20 dB,20.0,0.849843,0.7560146,2937
XC769413,20 dB,20.0,0.895846,0.886755,2937
XC736595,20 dB,20.0,0.984474,0.9729314,2937
XC731585,20 dB,20.0,0.986652,0.9671038,2937
XC717480,20 dB,20.0,0.993785,0.9959241999999999,2937
XC663426,20 dB,20.0,0.856369,0.8027668,2937
XC700617,20 dB,20.0,0.951775,0.9443798000000001,2937
XC156253,20 dB,20.0,0.908304,0.83453,2937
XC236712,20 dB,20.0,0.116603,0.0,2937
XC95320,20 dB,20.0,0.176338,0.09797940000000001,2937
XC731501,20 dB,20.0,0.950519,0.9159115999999999,2937
XC349276,20 dB,20.0,0.119765,0.0,2937
XC256117,20 dB,20.0,0.957299,0.9432088000000001,2937
XC449941,20 dB,20.0,0.987538,0.9472394,2937
XC674134,20 dB,20.0,0.851722,0.8715138,2937
XC614863,20 dB,20.0,0.956483,0.9052018000000001,2937
XC29084,20 dB,20.0,0.752275,0.5538672,2937
XC8798,20 dB,20.0,0.93164,0.8226256,2937
XC717237,20 dB,20.0,0.950663,0.9651194000000001,2937
XC552378,20 dB,20.0,0.554888,0.5044632,2937
XC286141,20 dB,20.0,0.911243,0.8524632000000001,2937
XC741171,20 dB,20.0,0.351072,0.3424304,2937
XC47914,20 dB,20.0,0.700544,0.6547618,2937
XC717235,20 dB,20.0,0.910424,0.9282112,2937
XC721914,20 dB,20.0,0.491283,0.3192136,2937
XC731495,20 dB,20.0,0.989849,0.9727690000000001,2937
XC242996,20 dB,20.0,0.903548,0.8830134,2937
XC264622,20 dB,20.0,0.826215,0.8270358,2937
XC512493,20 dB,20.0,0.940372,0.9372655999999999,2937
XC88181,20 dB,20.0,0.270947,0.0251852,2937
XC276831,20 dB,20.0,0.382756,0.1195794,2937
XC729587,20 dB,20.0,0.80833,0.8434875999999999,2937
XC756137,20 dB,20.0,0.879587,0.3416008,2937
XC262473,20 dB,20.0,0.923897,0.8525031999999999,2937
XC756136,20 dB,20.0,0.56931,0.569076,2937
XC100390,20 dB,20.0,0.893868,0.8603414,2937
XC155510,20 dB,20.0,0.847199,0.8545928,2937
XC276857,20 dB,20.0,0.94587,0.9435922,2937
XC731584,20 dB,20.0,0.202214,0.118478,2937
XC692727,20 dB,20.0,0.254298,0.1769782,2937
XC717490,20 dB,20.0,0.993856,0.9863989999999999,2937
XC42257,20 dB,20.0,0.597734,0.6651624,2937
XC725922,20 dB,20.0,0.928123,0.8488675999999999,2937
XC13142,20 dB,20.0,0.965363,0.9294024000000001,2937
XC292446,20 dB,20.0,0.959576,0.9147714,2937
XC654582,20 dB,20.0,0.952697,0.955035,2937
XC717487,20 dB,20.0,0.123423,0.024116199999999997,2937
XC121431,20 dB,20.0,0.696888,0.48497500000000004,2937
XC329832,20 dB,20.0,0.961713,0.9473648000000001,2937
XC731545,20 dB,20.0,0.963136,0.9700618000000001,2937
XC717465,20 dB,20.0,0.621879,0.6301593999999999,2937
XC772588,20 dB,20.0,0.652678,0.4272988,2937
XC154860,20 dB,20.0,0.499101,0.45170259999999995,2937
XC102558,20 dB,20.0,0.926402,0.8833296,2937
XC273706,20 dB,20.0,0.845511,0.8771053999999999,2937
XC664303,20 dB,20.0,0.447017,0.4551594,2937
XC388833,20 dB,20.0,0.927875,0.8907356,2937
XC616439,20 dB,20.0,0.195177,0.1370024,2937
XC667363,20 dB,20.0,0.438691,0.3347118,2937
XC717292,20 dB,20.0,0.963023,0.7441074000000001,2937
XC614857,20 dB,20.0,0.961276,0.8932338,2937
XC250901,20 dB,20.0,0.921467,0.8708233999999999,2937
XC721435,20 dB,20.0,0.310279,0.2829412,2937
XC688131,20 dB,20.0,0.794203,0.7242142,2937
XC724334,20 dB,20.0,0.899396,0.8908086,2937
XC101820,20 dB,20.0,0.939293,0.9547838000000001,2937
XC69101,20 dB,20.0,0.253204,0.1793488,2937
XC19877,20 dB,20.0,0.686421,0.48843460000000005,2937
XC335298,20 dB,20.0,0.957455,0.945942,2937
XC86463,20 dB,20.0,0.949737,0.9276222000000001,2937
XC684297,20 dB,20.0,0.598258,0.5525736,2937
XC166728,20 dB,20.0,0.925737,0.7963238,2937
XC736677,20 dB,20.0,0.980296,0.9541299999999999,2937
XC717051,20 dB,20.0,0.984274,0.9734501999999999,2937
XC23005,20 dB,20.0,0.75896,0.763882,2937
XC718294,20 dB,20.0,0.990601,0.9485718000000001,2937
XC702898,20 dB,20.0,0.388728,0.4352114,2937
XC676216,20 dB,20.0,0.975664,0.9563568,2937
XC614886,20 dB,20.0,0.775564,0.7827026,2937
XC70596,20 dB,20.0,0.957533,0.9179112,2937
XC731583,20 dB,20.0,0.990412,0.985481,2937
XC260190,20 dB,20.0,0.972059,0.9788410000000001,2937
XC683958,20 dB,20.0,0.955365,0.9695461999999999,2937
XC167271,20 dB,20.0,0.737388,0.5557318,2937
XC229220,20 dB,20.0,0.930928,0.9008598000000001,2937
XC774109,20 dB,20.0,0.979116,0.9689636,2937
XC769403,20 dB,20.0,0.842146,0.8037022,2937
XC736671,20 dB,20.0,0.994128,0.9923491999999999,2937
XC171181,20 dB,20.0,0.813533,0.7787902,2937
XC371203,20 dB,20.0,0.922706,0.6996254,2937
XC314821,20 dB,20.0,0.89316,0.8778992000000001,2937
XC728485,20 dB,20.0,0.242533,0.1831674,2937
XC90655,20 dB,20.0,0.428637,0.41734119999999997,2937
XC259427,20 dB,20.0,0.729806,0.6678284,2937
XC502836,20 dB,20.0,0.609617,0.6126988,2937
XC30747,20 dB,20.0,0.892206,0.8937307999999999,2937
XC98038,20 dB,20.0,0.125203,0.045904999999999994,2937
XC169248,20 dB,20.0,0.793751,0.7717143999999999,2937
XC114396,20 dB,20.0,0.909527,0.8465936,2937
XC673025,20 dB,20.0,0.669806,0.5658160000000001,2937
XC3103,20 dB,20.0,0.906641,0.8496081999999999,2937
XC511424,20 dB,20.0,0.756101,0.7360198,2937
XC665584,20 dB,20.0,0.760671,0.76129,2937
XC729602,20 dB,20.0,0.98605,0.9822621999999999,2937
XC47028,20 dB,20.0,0.383988,0.21840320000000002,2937
XC616142,20 dB,20.0,0.90103,0.8161844,2937
XC407547,20 dB,20.0,0.912769,0.6341754,2937
XC286049,20 dB,20.0,0.832461,0.45754199999999995,2937
XC505533,20 dB,20.0,0.914331,0.9097611999999999,2937
XC258606,20 dB,20.0,0.926899,0.9053768,2937
XC729592,20 dB,20.0,0.980207,0.9694564,2937
XC676030,20 dB,20.0,0.135283,0.11524540000000001,2937
XC229513,20 dB,20.0,0.894467,0.7927298,2937
XC393488,20 dB,20.0,0.599671,0.5170478000000001,2937
XC500310,20 dB,20.0,0.975309,0.9026636,2937
XC676311,20 dB,20.0,0.945575,0.9123758000000001,2937
XC483641,20 dB,20.0,0.891417,0.41461240000000005,2937
XC90691,20 dB,20.0,0.868168,0.6675308,2937
XC717217,20 dB,20.0,0.970521,0.9676876,2937
XC717483,20 dB,20.0,0.973816,0.9727598000000001,2937
XC19263,20 dB,20.0,0.949799,0.889528,2937
XC400279,20 dB,20.0,0.852711,0.8139034,2937
XC525014,20 dB,20.0,0.741094,0.739539,2937
XC190314,20 dB,20.0,0.825934,0.7842562,2937
XC106498,20 dB,20.0,0.461803,0.25458400000000003,2937
XC7811,20 dB,20.0,0.884542,0.8533111999999999,2937
XC736668,20 dB,20.0,0.981965,0.9810412,2937
XC259426,20 dB,20.0,0.743299,0.7120284,2937
XC39061,20 dB,20.0,0.860013,0.860906,2937
XC271533,20 dB,20.0,0.937651,0.9382572,2937
XC674751,20 dB,20.0,0.392926,0.24218,2937
XC718317,20 dB,20.0,0.986781,0.985651,2937
XC731496,20 dB,20.0,0.952491,0.9483121999999999,2937
XC648910,20 dB,20.0,0.853264,0.8309051999999999,2937
XC320936,20 dB,20.0,0.976353,0.9117988,2937
XC298946,20 dB,20.0,0.49585,0.1247076,2937
XC567310,20 dB,20.0,0.819955,0.7914184000000001,2937
XC771599,20 dB,20.0,0.934881,0.9249702,2937
XC470048,20 dB,20.0,0.955232,0.8660256000000001,2937
XC510185,20 dB,20.0,0.972433,0.9624126000000001,2937
XC143144,20 dB,20.0,0.723952,0.3851652,2937
XC736653,20 dB,20.0,0.982341,0.9808176,2937
XC422286,20 dB,20.0,0.764193,0.7340574,2937
XC731519,20 dB,20.0,0.283946,0.2417816,2937
XC158131,20 dB,20.0,0.939651,0.9391362000000001,2937
XC53928,20 dB,20.0,0.649654,0.3261568,2937
XC717288,20 dB,20.0,0.983878,0.9548094,2937
XC249632,20 dB,20.0,0.854201,0.8655402000000001,2937
XC725972,20 dB,20.0,0.354516,0.31136939999999996,2937
XC190305,20 dB,20.0,0.943863,0.9662333999999999,2937
XC264620,20 dB,20.0,0.946112,0.8862302,2937
XC235761,20 dB,20.0,0.556766,0.5461784,2937
XC717047,20 dB,20.0,0.973781,0.9810000000000001,2937
XC101036,20 dB,20.0,0.968004,0.9667226,2937
XC29020,20 dB,20.0,0.915031,0.876657,2937
XC729582,20 dB,20.0,0.953112,0.9388718,2937
XC67991,20 dB,20.0,0.859604,0.7184472,2937
XC616145,20 dB,20.0,0.854764,0.7352696,2937
XC616440,20 dB,20.0,0.237444,0.1803392,2937
XC302613,20 dB,20.0,0.403653,0.4141138,2937
XC717034,20 dB,20.0,0.969458,0.9756090000000001,2937
XC614879,20 dB,20.0,0.919153,0.7484904,2937
XC228774,20 dB,20.0,0.966145,0.9427346,2937
XC316482,20 dB,20.0,0.981466,0.9591548,2937
XC674133,20 dB,20.0,0.935611,0.8426172,2937
XC149603,20 dB,20.0,0.864213,0.8385959999999999,2937
XC368209,20 dB,20.0,0.763641,0.7450664,2937
XC664297,20 dB,20.0,0.878349,0.8144916,2937
XC404985,20 dB,20.0,0.874745,0.7927056,2937
XC322053,20 dB,20.0,0.703788,0.6579927999999999,2937
XC120380,20 dB,20.0,0.366457,0.3031496,2937
XC447875,20 dB,20.0,0.88129,0.8705788,2937
XC730672,20 dB,20.0,0.816328,0.7947502,2937
XC19485,20 dB,20.0,0.982827,0.9759135999999999,2937
XC189388,20 dB,20.0,0.610304,0.21156800000000003,2937
XC150454,20 dB,20.0,0.866017,0.5185038000000001,2937
XC525015,20 dB,20.0,0.879014,0.8753276,2937
XC142551,20 dB,20.0,0.908938,0.9140428,2937
XC741460,20 dB,20.0,0.361815,0.2929064,2937
XC229219,20 dB,20.0,0.963575,0.9589102,2937
XC731540,20 dB,20.0,0.967258,0.9520991999999999,2937
XC347210,20 dB,20.0,0.843747,0.8048626000000001,2937
XC69103,20 dB,20.0,0.435354,0.3557004,2937
XC246018,20 dB,20.0,0.627376,0.7163478,2937
XC96022,20 dB,20.0,0.972504,0.9681084,2937
XC452171,20 dB,20.0,0.205981,0.1821374,2937
XC767025,20 dB,20.0,0.93324,0.9321046,2937
XC534760,20 dB,20.0,0.123365,0.0,2937
XC388835,20 dB,20.0,0.956076,0.9433586,2937
XC729583,20 dB,20.0,0.873896,0.8690616,2937
XC132907,20 dB,20.0,0.937913,0.9349247999999999,2937
XC730735,20 dB,20.0,0.789194,0.7746486,2937
XC674968,20 dB,20.0,0.879732,0.8374392,2937
XC266540,20 dB,20.0,0.916273,0.8979424,2937
XC425471,20 dB,20.0,0.950348,0.1107072,2937
XC676159,20 dB,20.0,0.875297,0.75159,2937
XC290828,20 dB,20.0,0.895504,0.5742792,2937
XC266109,20 dB,20.0,0.930259,0.21630319999999997,2937
XC731581,20 dB,20.0,0.945207,0.8810276,2937
XC736672,20 dB,20.0,0.958302,0.9327658,2937
XC729596,20 dB,20.0,0.975632,0.9611706,2937
XC634294,20 dB,20.0,0.884913,0.6912178,2937
XC199210,20 dB,20.0,0.593232,0.5786044,2937
XC674132,20 dB,20.0,0.857505,0.683601,2937
XC286046,20 dB,20.0,0.946661,0.90948,2937
XC90654,20 dB,20.0,0.891592,0.9051606,2937
XC530054,20 dB,20.0,0.878909,0.7709442,2937
XC731509,20 dB,20.0,0.941204,0.9350084000000001,2937
XC731497,20 dB,20.0,0.934676,0.9290575999999999,2937
XC695999,20 dB,20.0,0.88506,0.8715858000000001,2937
XC100397,20 dB,20.0,0.878376,0.8938690000000001,2937
XC500330,20 dB,20.0,0.976452,0.9797086,2937
XC773731,20 dB,20.0,0.653703,0.6463618,2937
XC736593,20 dB,20.0,0.983988,0.9797664000000001,2937
XC714487,20 dB,20.0,0.904667,0.8608572000000001,2937
XC962669,20 dB,20.0,0.852329,0.8478199999999999,2937
XC614856,20 dB,20.0,0.838582,0.8163916,2937
XC269406,20 dB,20.0,0.955698,0.931645,2937
XC483640,20 dB,20.0,0.81207,0.1534084,2937
XC213785,20 dB,20.0,0.934978,0.9250695999999999,2937
XC223700,20 dB,20.0,0.915067,0.9439261999999999,2937
XC223696,20 dB,20.0,0.9841,0.9650674,2937
XC235262,20 dB,20.0,0.921385,0.9069607999999999,2937
XC506969,20 dB,20.0,0.953276,0.9533234,2937
XC641658,20 dB,20.0,0.958249,0.9628247999999999,2937
XC731566,20 dB,20.0,0.958004,0.9402646000000001,2937
XC387316,20 dB,20.0,0.985946,0.9773558,2937
XC742587,20 dB,20.0,0.832026,0.8431172,2937
XC735332,20 dB,20.0,0.893767,0.8978862,2937
XC223694,20 dB,20.0,0.985647,0.9861232,2937
XC29921,20 dB,20.0,0.875998,0.863599,2937
XC72396,20 dB,20.0,0.96768,0.9221282000000001,2937
XC398497,20 dB,20.0,0.443442,0.2839284,2937
XC766350,20 dB,20.0,0.922354,0.9110683999999999,2937
XC763503,20 dB,20.0,0.950068,0.9101108,2937
XC732886,20 dB,20.0,0.200696,0.21460780000000002,2937
XC36024,20 dB,20.0,0.309123,0.3573662,2937
XC19161,20 dB,20.0,0.457025,0.38711799999999996,2937
XC214239,20 dB,20.0,0.880764,0.832783,2937
XC568425,20 dB,20.0,0.973542,0.9500515999999999,2937
XC412325,20 dB,20.0,0.300473,0.1843948,2937
XC46538,20 dB,20.0,0.856884,0.8708024,2937
XC329831,20 dB,20.0,0.949617,0.9189278,2937
XC635422,20 dB,20.0,0.387415,0.4212746,2937
XC296852,20 dB,20.0,0.712705,0.5912398000000001,2937
XC121785,20 dB,20.0,0.921393,0.8641696,2937
XC161619,20 dB,20.0,0.531044,0.49752019999999997,2937
XC134455,20 dB,20.0,0.582811,0.48950379999999993,2937
XC262474,20 dB,20.0,0.75905,0.803054,2937
XC445512,20 dB,20.0,0.901691,0.5061194,2937
XC90171,20 dB,20.0,0.964879,0.9402128,2937
XC428318,20 dB,20.0,0.941265,0.8682748,2937
XC525017,20 dB,20.0,0.84282,0.7477344,2937
XC102557,20 dB,20.0,0.854667,0.8597484,2937
XC432119,20 dB,20.0,0.470463,0.364994,2937
XC500324,20 dB,20.0,0.972911,0.8995036000000001,2937
XC386207,20 dB,20.0,0.940833,0.8967836,2937
XC688129,20 dB,20.0,0.854819,0.7369892,2937
XC320009,20 dB,20.0,0.964228,0.9522028,2937
XC6395,20 dB,20.0,0.946839,0.8986312,2937
XC27768,20 dB,20.0,0.215503,0.1342274,2937
XC410359,20 dB,20.0,0.886943,0.8413432000000001,2937
XC744136,20 dB,20.0,0.956003,0.8886212,2937
XC594854,20 dB,20.0,0.37132,0.1568924,2937
XC397023,20 dB,20.0,0.866554,0.4177102,2937
XC731530,20 dB,20.0,0.98409,0.9740373999999999,2937
XC250902,20 dB,20.0,0.898152,0.8890596000000001,2937
XC276435,20 dB,20.0,0.200872,0.20262159999999999,2937
XC251446,20 dB,20.0,0.881449,0.8486304,2937
XC641716,20 dB,20.0,0.93138,0.9125762,2937
XC614882,20 dB,20.0,0.667178,0.289687,2937
XC496267,20 dB,20.0,0.95261,0.9272081999999999,2937
XC682171,20 dB,20.0,0.627097,0.6346696,2937
XC156107,20 dB,20.0,0.637537,0.636758,2937
XC736590,20 dB,20.0,0.967129,0.9732514,2937
XC741172,20 dB,20.0,0.200696,0.2189298,2937
XC693801,20 dB,20.0,0.969058,0.9574094000000001,2937
XC264623,20 dB,20.0,0.152212,0.1285126,2937
XC407634,20 dB,20.0,0.864585,0.8843272000000001,2937
XC717482,20 dB,20.0,0.987176,0.985177,2937
XC48482,20 dB,20.0,0.829411,0.8586090000000001,2937
XC756164,20 dB,20.0,0.983726,0.9670228,2937
XC470278,20 dB,20.0,0.865965,0.8427054,2937
XC106500,20 dB,20.0,0.86446,0.8358549999999999,2937
XC742588,20 dB,20.0,0.836816,0.653068,2937
XC642287,20 dB,20.0,0.895806,0.8455682,2937
XC731522,20 dB,20.0,0.90388,0.9286201999999999,2937
XC736602,20 dB,20.0,0.987,0.9624488,2937
XC28597,20 dB,20.0,0.898287,0.8984448,2937
XC8042,20 dB,20.0,0.86405,0.8082266,2937
XC731494,20 dB,20.0,0.953399,0.9479236,2937
XC684298,20 dB,20.0,0.533632,0.46717620000000004,2937
XC209072,20 dB,20.0,0.939338,0.9193182,2937
XC229515,20 dB,20.0,0.952894,0.9605796,2937
XC731586,20 dB,20.0,0.991898,0.9869838,2937
XC675082,20 dB,20.0,0.750383,0.67854,2937
XC552376,20 dB,20.0,0.950595,0.9337832,2937
XC707796,20 dB,20.0,0.40207,0.2639978,2937
XC429971,20 dB,20.0,0.161421,0.2572828,2937
XC40751,20 dB,20.0,0.978225,0.954715,2937
XC631177,20 dB,20.0,0.964716,0.9516156,2937
XC259431,20 dB,20.0,0.534084,0.47394420000000004,2937
XC100389,20 dB,20.0,0.82931,0.850674,2937
XC731537,20 dB,20.0,0.95922,0.9366655999999999,2937
XC320934,20 dB,20.0,0.542316,0.26555460000000003,2937
XC115775,20 dB,20.0,0.986365,0.97342,2937
XC2514,20 dB,20.0,0.91396,0.8814987999999999,2937
XC1625,20 dB,20.0,0.838958,0.8196422,2937
XC552370,20 dB,20.0,0.883267,0.8993688000000001,2937
XC773151,20 dB,20.0,0.642192,0.5695378,2937
XC505536,20 dB,20.0,0.900151,0.9036116,2937
XC456902,20 dB,20.0,0.877499,0.9109795999999999,2937
XC364191,20 dB,20.0,0.190898,0.1693096,2937
XC731579,20 dB,20.0,0.427366,0.367224,2937
XC729586,20 dB,20.0,0.816313,0.770767,2937
XC156106,20 dB,20.0,0.965274,0.8384952,2937
XC290829,20 dB,20.0,0.912648,0.7610452,2937
XC336751,20 dB,20.0,0.898464,0.8620938,2937
XC676160,20 dB,20.0,0.78066,0.6650578,2937
XC669920,20 dB,20.0,0.663661,0.3720308,2937
XC638143,20 dB,20.0,0.194361,0.0879794,2937
XC674750,20 dB,20.0,0.495565,0.3868316,2937
XC156109,20 dB,20.0,0.746109,0.5597304000000001,2937
XC539755,20 dB,20.0,0.200576,0.1682454,2937
XC731543,20 dB,20.0,0.985118,0.9826968,2937
XC717023,20 dB,20.0,0.98663,0.9747766,2937
XC436107,20 dB,20.0,0.953104,0.9469619999999999,2937
XC268491,20 dB,20.0,0.573147,0.15366180000000002,2937
XC736658,20 dB,20.0,0.289536,0.328963,2937
XC670632,20 dB,20.0,0.769371,0.7927988,2937
XC127523,20 dB,20.0,0.810709,0.8146786,2937
XC154859,20 dB,20.0,0.565848,0.4590772,2937
XC470231,20 dB,20.0,0.962432,0.9362353999999999,2937
XC284124,20 dB,20.0,0.364614,0.1940696,2937
XC717234,20 dB,20.0,0.969046,0.9718608,2937
XC170826,20 dB,20.0,0.92749,0.907794,2937
XC717233,20 dB,20.0,0.968102,0.9656193999999999,2937
XC400282,20 dB,20.0,0.300667,0.10136400000000001,2937
XC718320,20 dB,20.0,0.984107,0.9721002000000001,2937
XC166730,20 dB,20.0,0.90219,0.7032052,2937
XC174050,20 dB,20.0,0.801002,0.7681912,2937
XC731573,20 dB,20.0,0.97659,0.9727522000000001,2937
XC645630,20 dB,20.0,0.947894,0.9207418,2937
XC92618,20 dB,20.0,0.943041,0.9302454000000001,2937
XC628125,20 dB,20.0,0.967711,0.9548496,2937
XC335316,20 dB,20.0,0.970712,0.9539766000000001,2937
XC387317,20 dB,20.0,0.966204,0.958475,2937
XC717022,20 dB,20.0,0.988082,0.9747116,2937
XC717222,20 dB,20.0,0.97628,0.9817812,2937
XC23622,20 dB,20.0,0.937302,0.8374376,2937
XC92619,20 dB,20.0,0.960516,0.9266012,2937
XC1940,20 dB,20.0,0.855042,0.5964282,2937
XC496266,20 dB,20.0,0.920381,0.9163080000000001,2937
XC317808,20 dB,20.0,0.866119,0.8471728000000001,2937
XC321867,20 dB,20.0,0.966284,0.9501868,2937
XC424472,20 dB,20.0,0.270151,0.21253139999999998,2937
XC262940,20 dB,20.0,0.959279,0.9439360000000001,2937
XC322051,20 dB,20.0,0.947823,0.8742146,2937
XC732891,20 dB,20.0,0.214192,0.21815220000000002,2937
XC492567,20 dB,20.0,0.957365,0.9327264,2937
XC731565,20 dB,20.0,0.982066,0.9768131999999999,2937
XC562169,20 dB,20.0,0.314269,0.627626,2937
XC663424,20 dB,20.0,0.886214,0.8209908,2937
XC447739,20 dB,20.0,0.983137,0.9770711999999999,2937
XC682538,20 dB,20.0,0.420835,0.4253608,2937
XC520027,20 dB,20.0,0.804594,0.7965405999999999,2937
XC614665,20 dB,20.0,0.689615,0.6887964,2937
XC736624,20 dB,20.0,0.906542,0.6668293999999999,2937
XC671372,20 dB,20.0,0.947546,0.9387914,2937
XC627071,20 dB,20.0,0.895706,0.8667754000000001,2937
XC408327,20 dB,20.0,0.967778,0.9648220000000001,2937
XC403698,20 dB,20.0,0.581439,0.38702960000000003,2937
XC204225,20 dB,20.0,0.29607,0.1956402,2937
XC7089,20 dB,20.0,0.317717,0.2895164,2937
XC453867,20 dB,20.0,0.853234,0.8607538,2937
XC634052,20 dB,20.0,0.991125,0.9749782,2937
XC313446,20 dB,20.0,0.139222,0.11088360000000001,2937
XC544431,20 dB,20.0,0.849615,0.801878,2937
XC517320,20 dB,20.0,0.941784,0.9419408,2937
XC223710,20 dB,20.0,0.881973,0.5235584,2937
XC205322,20 dB,20.0,0.870129,0.7655948,2937
XC360004,20 dB,20.0,0.885913,0.8938962,2937
XC578918,20 dB,20.0,0.180467,0.125799,2937
XC322680,20 dB,20.0,0.795281,0.5671071999999999,2937
XC270007,20 dB,20.0,0.882418,0.8551386000000001,2937
XC400281,20 dB,20.0,0.693626,0.5962166,2937
XC529368,20 dB,20.0,0.919624,0.8424056,2937
XC192429,20 dB,20.0,0.426871,0.2868328,2937
XC714481,20 dB,20.0,0.580729,0.5497672,2937
XC229240,20 dB,20.0,0.970286,0.9725932,2937
XC3112,20 dB,20.0,0.900683,0.8909352,2937
XC360403,20 dB,20.0,0.920213,0.6261238,2937
XC717223,20 dB,20.0,0.991387,0.9897221999999999,2937
XC180516,20 dB,20.0,0.988832,0.9862598,2937
XC432254,20 dB,20.0,0.835563,0.788987,2937
XC203384,20 dB,20.0,0.20138,0.21017000000000002,2937
XC303510,20 dB,20.0,0.15038,0.0,2937
XC475035,20 dB,20.0,0.529916,0.4936678,2937
XC192768,20 dB,20.0,0.887537,0.8554966,2937
XC229236,20 dB,20.0,0.87457,0.8183612,2937
XC409291,20 dB,20.0,0.715363,0.6876614,2937
XC580583,20 dB,20.0,0.299232,0.282891,2937
XC511965,20 dB,20.0,0.727937,0.7477159999999999,2937
XC514470,20 dB,20.0,0.980272,0.9558488,2937
XC514371,20 dB,20.0,0.990334,0.9875902,2937
XC235764,20 dB,20.0,0.478424,0.5066948,2937
XC322783,20 dB,20.0,0.649421,0.6268608,2937
XC150942,20 dB,20.0,0.924073,0.87994,2937
XC634066,20 dB,20.0,0.955468,0.9538603999999999,2937
XC694812,20 dB,20.0,0.774172,0.7484252,2937
XC229227,20 dB,20.0,0.807264,0.7837571999999999,2937
XC767412,20 dB,20.0,0.179927,0.0,2937
XC614719,20 dB,20.0,0.343933,0.41172240000000004,2937
XC127469,20 dB,20.0,0.472103,0.3602814,2937
XC424685,20 dB,20.0,0.448359,0.44927720000000004,2937
XC314359,20 dB,20.0,0.744756,0.46845860000000006,2937
XC516659,20 dB,20.0,0.975788,0.9756893999999999,2937
XC407838,20 dB,20.0,0.696985,0.730628,2937
XC15775,20 dB,20.0,0.768388,0.7680896,2937
XC598394,20 dB,20.0,0.251692,0.21348759999999997,2937
XC23740,20 dB,20.0,0.922289,0.9025196,2937
XC41668,20 dB,20.0,0.952368,0.9125658,2937
XC421983,20 dB,20.0,0.907517,0.8710218000000001,2937
XC141634,20 dB,20.0,0.185806,0.15437660000000003,2937
XC15448,20 dB,20.0,0.979555,0.9714646,2937
XC514364,20 dB,20.0,0.930573,0.8154275999999999,2937
XC516660,20 dB,20.0,0.544888,0.0,2937
XC100395,20 dB,20.0,0.943346,0.9436211999999999,2937
XC734236,20 dB,20.0,0.909052,0.9060434,2937
XC634173,20 dB,20.0,0.97804,0.9696674,2937
XC64975,20 dB,20.0,0.439773,0.3052236,2937
XC438599,20 dB,20.0,0.260235,0.0331404,2937
XC205321,20 dB,20.0,0.819642,0.7939914,2937
XC517081,20 dB,20.0,0.987478,0.9869434,2937
XC365344,20 dB,20.0,0.951755,0.9519586,2937
XC514328,20 dB,20.0,0.785354,0.8073916000000001,2937
XC34470,20 dB,20.0,0.816289,0.8338623999999999,2937
XC229235,20 dB,20.0,0.956422,0.9551476000000001,2937
XC670847,20 dB,20.0,0.519141,0.0229296,2937
XC512203,20 dB,20.0,0.953956,0.9255279999999999,2937
XC351193,20 dB,20.0,0.246618,0.34521640000000003,2937
XC514350,20 dB,20.0,0.934051,0.9149115999999999,2937
XC287834,20 dB,20.0,0.449445,0.319309,2937
XC514442,20 dB,20.0,0.34057,0.196123,2937
XC515018,20 dB,20.0,0.98198,0.9739476,2937
XC714479,20 dB,20.0,0.724054,0.5962968,2937
XC680456,20 dB,20.0,0.195046,0.1907282,2937
XC694817,20 dB,20.0,0.784936,0.7198634,2937
XC646146,20 dB,20.0,0.289708,0.2492838,2937
XC289858,20 dB,20.0,0.907951,0.869637,2937
XC99239,20 dB,20.0,0.820128,0.5093837999999999,2937
XC694821,20 dB,20.0,0.734631,0.5618708,2937
XC717475,20 dB,20.0,0.976809,0.9660762,2937
XC515019,20 dB,20.0,0.99083,0.9777276,2937
XC250060,20 dB,20.0,0.82793,0.8463651999999999,2937
XC83491,20 dB,20.0,0.862197,0.7990374,2937
XC694824,20 dB,20.0,0.846821,0.8310318000000001,2937
XC655652,20 dB,20.0,0.521031,0.3676716,2937
XC69226,20 dB,20.0,0.903348,0.7892182,2937
XC335303,20 dB,20.0,0.97542,0.9124266000000001,2937
XC512210,20 dB,20.0,0.911096,0.8881192,2937
XC528843,20 dB,20.0,0.19966,0.170239,2937
XC485257,20 dB,20.0,0.891331,0.8994123999999999,2937
XC40409,20 dB,20.0,0.906697,0.8806459999999999,2937
XC353379,20 dB,20.0,0.634092,0.5609074,2937
XC736598,20 dB,20.0,0.97053,0.9717817999999999,2937
XC269392,20 dB,20.0,0.33808,0.2991936,2937
XC453969,20 dB,20.0,0.362302,0.2312266,2937
XC150944,20 dB,20.0,0.402676,0.360616,2937
XC125125,20 dB,20.0,0.594918,0.38514020000000004,2937
XC468745,20 dB,20.0,0.406276,0.3916696,2937
XC500276,20 dB,20.0,0.941925,0.8070412000000001,2937
XC512204,20 dB,20.0,0.967844,0.908306,2937
XC119864,20 dB,20.0,0.956694,0.9625956,2937
XC736644,20 dB,20.0,0.981624,0.9748778,2937
XC529367,20 dB,20.0,0.945213,0.9468762,2937
XC535142,20 dB,20.0,0.515795,0.4244924,2937
XC731551,20 dB,20.0,0.221143,0.2198404,2937
XC529369,20 dB,20.0,0.949639,0.9508916,2937
XC497550,20 dB,20.0,0.750149,0.6916426,2937
XC479514,20 dB,20.0,0.86716,0.7562416,2937
XC235766,20 dB,20.0,0.840726,0.8030191999999999,2937
XC100394,20 dB,20.0,0.907606,0.905076,2937
XC545236,20 dB,20.0,0.961648,0.9197728,2937
XC55379,20 dB,20.0,0.995479,0.9925244,2937
XC360395,20 dB,20.0,0.814901,0.822381,2937
XC243335,20 dB,20.0,0.182285,0.068691,2937
XC8283,20 dB,20.0,0.964535,0.9515132,2937
XC305629,20 dB,20.0,0.342994,0.2002154,2937
XC714483,20 dB,20.0,0.830483,0.80854,2937
XC147427,20 dB,20.0,0.917243,0.8895820000000001,2937
XC634168,20 dB,20.0,0.994038,0.9935162,2937
XC69224,20 dB,20.0,0.922734,0.8564361999999999,2937
XC616148,20 dB,20.0,0.947166,0.8666892,2937
XC239425,20 dB,20.0,0.995859,0.9740296,2937
XC514373,20 dB,20.0,0.784054,0.6982324,2937
XC184507,20 dB,20.0,0.768989,0.6374652000000001,2937
XC287294,20 dB,20.0,0.892516,0.8411582,2937
XC169430,20 dB,20.0,0.57416,0.5485724000000001,2937
XC69099,20 dB,20.0,0.167599,0.13471919999999998,2937
XC514375,20 dB,20.0,0.962897,0.9605132,2937
XC180511,20 dB,20.0,0.923688,0.92425,2937
XC546704,20 dB,20.0,0.957078,0.9238888,2937
XC361125,20 dB,20.0,0.834651,0.6780584000000001,2937
XC269394,20 dB,20.0,0.980538,0.7698698,2937
XC150940,20 dB,20.0,0.19631,0.17652980000000001,2937
XC118201,20 dB,20.0,0.817382,0.6407574,2937
XC514451,20 dB,20.0,0.623259,0.5284336,2937
XC516613,20 dB,20.0,0.968231,0.9682632,2937
XC408101,20 dB,20.0,0.207684,0.2081302,2937
XC294269,20 dB,20.0,0.849069,0.550297,2937
XC14220,20 dB,20.0,0.740058,0.7155076,2937
XC626780,20 dB,20.0,0.368859,0.0605696,2937
XC470049,20 dB,20.0,0.902548,0.9308158000000001,2937
XC635474,20 dB,20.0,0.89685,0.7793852,2937
XC308164,20 dB,20.0,0.849069,0.4846026,2937
XC144613,20 dB,20.0,0.889308,0.8828666000000001,2937
XC145028,20 dB,20.0,0.782059,0.7023694,2937
XC378934,20 dB,20.0,0.263624,0.25009519999999996,2937
XC56864,20 dB,20.0,0.823811,0.8035796,2937
XC512208,20 dB,20.0,0.97602,0.9495384,2937
XC42255,20 dB,20.0,0.345677,0.3342806,2937
XC489566,20 dB,20.0,0.980583,0.979706,2937
XC714957,20 dB,20.0,0.757905,0.8868552,2937
XC250059,20 dB,20.0,0.816899,0.7679324000000001,2937
XC514333,20 dB,20.0,0.889699,0.7950964,2937
XC717484,20 dB,20.0,0.9864,0.9522356000000001,2937
XC438590,20 dB,20.0,0.475512,0.2511046,2937
XC193601,20 dB,20.0,0.122784,0.1320212,2937
XC158699,20 dB,20.0,0.735542,0.7162396,2937
XC714484,20 dB,20.0,0.883699,0.866878,2937
XC754618,20 dB,20.0,0.873309,0.8440572,2937
XC517141,20 dB,20.0,0.956992,0.9557902,2937
XC135352,20 dB,20.0,0.964026,0.9573254,2937
XC511539,20 dB,20.0,0.948205,0.928539,2937
XC704870,20 dB,20.0,0.736523,0.5652262,2937
XC118189,20 dB,20.0,0.925633,0.8583776000000001,2937
XC616454,20 dB,20.0,0.908061,0.652084,2937
XC292511,20 dB,20.0,0.940967,0.917188,2937
XC635493,20 dB,20.0,0.559213,0.5516312,2937
XC634059,20 dB,20.0,0.982548,0.9781194,2937
XC109776,20 dB,20.0,0.973539,0.9629268,2937
XC433216,20 dB,20.0,0.785006,0.8043906,2937
XC334885,20 dB,20.0,0.917195,0.8614957999999999,2937
XC100392,20 dB,20.0,0.938054,0.9312151999999999,2937
XC230213,20 dB,20.0,0.780249,0.8267506000000001,2937
XC42253,20 dB,20.0,0.528374,0.5640454,2937
XC286142,20 dB,20.0,0.991491,0.9863282,2937
XC438587,20 dB,20.0,0.803165,0.6937798,2937
XC67990,20 dB,20.0,0.868525,0.702743,2937
XC390191,20 dB,20.0,0.510229,0.4690844,2937
XC304221,20 dB,20.0,0.820685,0.7870128000000001,2937
XC292709,20 dB,20.0,0.918476,0.8867868,2937
XC132412,20 dB,20.0,0.899951,0.9100766,2937
XC28542,20 dB,20.0,0.934811,0.9066532,2937
XC436517,20 dB,20.0,0.801712,0.736779,2937
XC425441,20 dB,20.0,0.142917,0.161497,2937
XC429692,20 dB,20.0,0.958136,0.9199276,2937
XC499849,20 dB,20.0,0.889796,0.857067,2937
XC586742,20 dB,20.0,0.982888,0.8087948,2937
XC428468,20 dB,20.0,0.966873,0.9649272,2937
XC269399,20 dB,20.0,0.980538,0.8694742,2937
XC711613,20 dB,20.0,0.965789,0.9644266,2937
XC634140,20 dB,20.0,0.986564,0.9838609999999999,2937
XC159928,20 dB,20.0,0.404753,0.4678968,2937
XC520280,20 dB,20.0,0.843319,0.6286454,2937
XC102910,20 dB,20.0,0.948395,0.9296662,2937
XC634170,20 dB,20.0,0.986815,0.9822609999999999,2937
XC520311,20 dB,20.0,0.185006,0.204793,2937
XC514327,20 dB,20.0,0.986889,0.976704,2937
XC517372,20 dB,20.0,0.986731,0.9864385999999999,2937
XC617454,20 dB,20.0,0.892824,0.8369108000000001,2937
XC457418,20 dB,20.0,0.468529,0.5275966000000001,2937
XC548893,20 dB,20.0,0.921356,0.9141692000000001,2937
XC444491,20 dB,20.0,0.95951,0.9609052,2937
XC694818,20 dB,20.0,0.829784,0.8086298,2937
XC451919,20 dB,20.0,0.553353,0.0,2937
XC322879,20 dB,20.0,0.485712,0.2930814,2937
XC615864,20 dB,20.0,0.112261,0.0,2937
XC229234,20 dB,20.0,0.959432,0.9567285999999999,2937
XC514340,20 dB,20.0,0.932166,0.9270476000000001,2937
XC514334,20 dB,20.0,0.973401,0.9562568,2937
XC249658,20 dB,20.0,0.906935,0.9103087999999999,2937
XC514376,20 dB,20.0,0.857565,0.9044316,2937
XC529311,20 dB,20.0,0.467945,0.4425732,2937
XC441196,20 dB,20.0,0.238907,0.1924602,2937
XC360003,20 dB,20.0,0.125158,0.1265114,2937
XC216827,20 dB,20.0,0.72443,0.6765388,2937
XC22978,20 dB,20.0,0.959882,0.9391174,2937
XC20655,20 dB,20.0,0.429619,0.24120179999999997,2937
XC222858,20 dB,20.0,0.57273,0.6149962,2937
XC516662,20 dB,20.0,0.98643,0.988751,2937
XC531463,20 dB,20.0,0.939212,0.9321588000000001,2937
XC386424,20 dB,20.0,0.871144,0.0253778,2937
XC671404,20 dB,20.0,0.57976,0.4542616,2937
XC208011,20 dB,20.0,0.639586,0.6204248,2937
XC517205,20 dB,20.0,0.781046,0.5015772000000001,2937
XC694810,20 dB,20.0,0.380889,0.3287268,2937
XC279341,20 dB,20.0,0.73486,0.4358668,2937
XC148214,20 dB,20.0,0.897663,0.8712434,2937
XC274899,20 dB,20.0,0.970631,0.9440066,2937
XC514284,20 dB,20.0,0.973975,0.9711031999999999,2937
XC708008,20 dB,20.0,0.562648,0.11576040000000001,2937
XC223711,20 dB,20.0,0.242984,0.335841,2937
XC714477,20 dB,20.0,0.612569,0.59558,2937
XC438589,20 dB,20.0,0.545444,0.2916404,2937
XC119198,20 dB,20.0,0.922494,0.8877577999999999,2937
XC635475,20 dB,20.0,0.870357,0.8397819999999999,2937
XC514472,20 dB,20.0,0.991044,0.9846622,2937
XC332172,20 dB,20.0,0.479234,0.14918800000000002,2937
XC652264,20 dB,20.0,0.824734,0.7980822,2937
XC230214,20 dB,20.0,0.639447,0.6434724,2937
XC514377,20 dB,20.0,0.989252,0.9665998,2937
XC736645,20 dB,20.0,0.982032,0.9752236,2937
XC239387,20 dB,20.0,0.96937,0.9597300000000001,2937
XC717224,20 dB,20.0,0.985518,0.9889782,2937
XC19484,20 dB,20.0,0.929283,0.8098534000000001,2937
XC514473,20 dB,20.0,0.992787,0.984545,2937
XC314360,20 dB,20.0,0.865965,0.5615821999999999,2937
XC452638,20 dB,20.0,0.947245,0.9352974,2937
XC206979,20 dB,20.0,0.215571,0.0241186,2937
XC307458,20 dB,20.0,0.906041,0.8023458,2937
XC514480,20 dB,20.0,0.98703,0.9755364,2937
XC349245,20 dB,20.0,0.948543,0.86715,2937
XC286143,20 dB,20.0,0.84713,0.37287400000000004,2937
XC732479,20 dB,20.0,0.5031,0.3950556,2937
XC572864,20 dB,20.0,0.366193,0.3023846,2937
XC354168,20 dB,20.0,0.894716,0.9082874000000001,2937
XC736646,20 dB,20.0,0.979911,0.9789756000000001,2937
XC330499,20 dB,20.0,0.91197,0.7503686,2937
XC413250,20 dB,20.0,0.217473,0.1990174,2937
XC90268,20 dB,20.0,0.611128,0.45422,2937
XC42247,20 dB,20.0,0.980037,0.9737916,2937
XC250223,20 dB,20.0,0.714126,0.7417742,2937
XC223707,20 dB,20.0,0.318027,0.1498622,2937
XC500325,20 dB,20.0,0.976893,0.989549,2937
XC477356,20 dB,20.0,0.925375,0.8415860000000001,2937
XC389156,20 dB,20.0,0.722507,0.6540046,2937
XC514354,20 dB,20.0,0.816155,0.5210543999999999,2937
XC516588,20 dB,20.0,0.843641,0.3390498,2937
XC36066,20 dB,20.0,0.97332,0.8406446000000001,2937
XC351680,20 dB,20.0,0.937569,0.911443,2937
XC514372,20 dB,20.0,0.815012,0.7509472,2937
XC514336,20 dB,20.0,0.914103,0.9014838,2937
XC449937,20 dB,20.0,0.856935,0.8402467999999998,2937
XC121787,20 dB,20.0,0.96906,0.9471022,2937
XC634063,20 dB,20.0,0.976135,0.9711052,2937
XC405346,20 dB,20.0,0.938217,0.9345330000000001,2937
XC37726,20 dB,20.0,0.11317,0.1183506,2937
XC176402,20 dB,20.0,0.581645,0.6056072,2937
XC286115,20 dB,20.0,0.75472,0.7304912,2937
XC167026,20 dB,20.0,0.90161,0.7683519999999999,2937
XC156743,20 dB,20.0,0.64284,0.5649066,2937
XC47913,20 dB,20.0,0.905856,0.934611,2937
XC517155,20 dB,20.0,0.948921,0.948827,2937
XC28333,20 dB,20.0,0.973405,0.9755844,2937
XC415874,20 dB,20.0,0.609547,0.38031899999999996,2937
XC150786,20 dB,20.0,0.963343,0.9654014,2937
XC616146,20 dB,20.0,0.85672,0.7110694000000001,2937
XC39851,20 dB,20.0,0.662945,0.6431896,2937
XC635578,20 dB,20.0,0.881271,0.8766970000000001,2937
XC529309,20 dB,20.0,0.912996,0.8868592,2937
XC546753,20 dB,20.0,0.951813,0.9409753999999999,2937
XC517208,20 dB,20.0,0.987879,0.9858738,2937
XC453851,20 dB,20.0,0.177251,0.0,2937
XC628299,20 dB,20.0,0.990384,0.9792772,2937
XC516658,20 dB,20.0,0.91734,0.9212538,2937
XC322878,20 dB,20.0,0.387196,0.1748252,2937
XC694811,20 dB,20.0,0.659293,0.7078692,2937
XC404974,20 dB,20.0,0.850903,0.8155699999999999,2937
XC248630,20 dB,20.0,0.932761,0.9326017999999999,2937
XC516667,20 dB,20.0,0.849567,0.8756332,2937
XC292809,20 dB,20.0,0.989534,0.9844267999999999,2937
XC101062,20 dB,20.0,0.972016,0.9707186,2937
XC96396,20 dB,20.0,0.757315,0.6875156,2937
XC10744,20 dB,20.0,0.917023,0.909305,2937
XC322828,20 dB,20.0,0.744814,0.5935045999999999,2937
XC514347,20 dB,20.0,0.877953,0.8040231999999999,2937
XC58843,20 dB,20.0,0.643621,0.5269094,2937
XC154656,20 dB,20.0,0.826438,0.8321888,2937
XC156104,20 dB,20.0,0.428911,0.255915,2937
XC151021,20 dB,20.0,0.85026,0.8257021999999999,2937
XC439380,20 dB,20.0,0.115549,0.11128559999999998,2937
XC514217,20 dB,20.0,0.811181,0.8683942,2937
XC307973,20 dB,20.0,0.922313,0.8848358,2937
XC20102,20 dB,20.0,0.332232,0.1564722,2937
XC694815,20 dB,20.0,0.553414,0.3465056,2937
XC150941,20 dB,20.0,0.622775,0.6156796,2937
XC577947,20 dB,20.0,0.852442,0.7881472,2937
XC139701,20 dB,20.0,0.91414,0.8868098,2937
XC736636,20 dB,20.0,0.968831,0.9693634,2937
XC516649,20 dB,20.0,0.992972,0.9928926,2937
XC250040,20 dB,20.0,0.810707,0.7878266,2937
XC134456,20 dB,20.0,0.836021,0.8520747999999999,2937
XC714954,20 dB,20.0,0.580904,0.2298228,2937
XC634325,20 dB,20.0,0.809174,0.0,2937
XC376366,20 dB,20.0,0.894139,0.8691612,2937
XC196809,20 dB,20.0,0.721157,0.7072856,2937
XC429909,20 dB,20.0,0.966089,0.9372892,2937
XC449936,20 dB,20.0,0.977162,0.9697498,2937
XC180857,20 dB,20.0,0.69346,0.6494856,2937
XC180515,20 dB,20.0,0.968059,0.9529816,2937
XC36105,20 dB,20.0,0.946641,0.9492744,2937
XC291039,20 dB,20.0,0.195153,0.187093,2937
XC494097,20 dB,20.0,0.101757,0.16226500000000002,2937
XC37704,20 dB,20.0,0.565864,0.5617594,2937
XC433376,20 dB,20.0,0.957209,0.9238626,2937
XC39381,20 dB,20.0,0.883219,0.8322202000000001,2937
XC517140,20 dB,20.0,0.95086,0.9483750000000001,2937
XC514357,20 dB,20.0,0.916487,0.8461126,2937
XC228523,20 dB,20.0,0.381082,0.5065656000000001,2937
XC497552,20 dB,20.0,0.731893,0.69433,2937
XC248855,20 dB,20.0,0.94996,0.9453818,2937
XC159956,20 dB,20.0,0.329919,0.3791742,2937
XC60124,20 dB,20.0,0.930906,0.879514,2937
XC634056,20 dB,20.0,0.903625,0.8713042,2937
XC205157,20 dB,20.0,0.690099,0.4534198,2937
XC229241,20 dB,20.0,0.925921,0.9058472,2937
XC140327,20 dB,20.0,0.136688,0.2234816,2937
XC500308,20 dB,20.0,0.951494,0.8446174,2937
XC524072,20 dB,20.0,0.861678,0.859919,2937
XC360007,20 dB,20.0,0.976026,0.9609477999999999,2937
XC250299,20 dB,20.0,0.481467,0.3973488,2937
XC192428,20 dB,20.0,0.77223,0.629659,2937
XC717473,20 dB,20.0,0.942511,0.9404056000000001,2937
XC536672,20 dB,20.0,0.127992,0.0,2937
XC614722,20 dB,20.0,0.176699,0.1746636,2937
XC409332,20 dB,20.0,0.720965,0.598951,2937
XC235598,20 dB,20.0,0.441775,0.44717399999999996,2937
XC517005,20 dB,20.0,0.994919,0.9819328,2937
XC572899,20 dB,20.0,0.593118,0.6355489999999999,2937
XC616147,20 dB,20.0,0.855916,0.8557725999999999,2937
XC524075,20 dB,20.0,0.88142,0.8669357999999999,2937
XC535147,20 dB,20.0,0.243552,0.2150188,2937
XC228524,20 dB,20.0,0.835877,0.8788575999999999,2937
XC205305,20 dB,20.0,0.884796,0.8842282000000001,2937
XC279627,20 dB,20.0,0.703621,0.596195,2937
XC182759,20 dB,20.0,0.667589,0.6212008,2937
XC248856,20 dB,20.0,0.925547,0.918045,2937
XC529371,20 dB,20.0,0.352372,0.37488219999999994,2937
XC694813,20 dB,20.0,0.523559,0.4561318,2937
XC286019,20 dB,20.0,0.142243,0.0,2937
XC420195,20 dB,20.0,0.891797,0.8982438,2937
XC7209,20 dB,20.0,0.874153,0.8435922,2937
XC28806,20 dB,20.0,0.823401,0.6685342000000001,2937
XC90214,20 dB,20.0,0.916197,0.7765922,2937
XC228522,20 dB,20.0,0.309535,0.3482774,2937
XC714474,20 dB,20.0,0.404676,0.3925784,2937
XC83837,20 dB,20.0,0.104859,0.0,2937
XC270006,20 dB,20.0,0.792493,0.7350019999999999,2937
XC517242,20 dB,20.0,0.981721,0.9819610000000001,2937
XC229522,20 dB,20.0,0.886286,0.8676026,2937
XC300814,20 dB,20.0,0.237524,0.165943,2937
XC694823,20 dB,20.0,0.877581,0.8329648000000001,2937
XC634100,20 dB,20.0,0.974363,0.9515384000000001,2937
XC524073,20 dB,20.0,0.913024,0.9037234,2937
XC324612,20 dB,20.0,0.397425,0.0459476,2937
XC155526,20 dB,20.0,0.796223,0.8190164,2937
XC286127,20 dB,20.0,0.863175,0.6435382,2937
XC53923,20 dB,20.0,0.988055,0.9571270000000001,2937
XC595546,20 dB,20.0,0.875261,0.8761668,2937
XC196807,20 dB,20.0,0.991797,0.9892293999999999,2937
XC369190,20 dB,20.0,0.805436,0.8001714,2937
XC614861,20 dB,20.0,0.962436,0.9132662,2937
XC184673,20 dB,20.0,0.953566,0.9458030000000001,2937
XC438183,20 dB,20.0,0.801935,0.759874,2937
XC161622,20 dB,20.0,0.189685,0.20236559999999998,2937
XC156249,20 dB,20.0,0.756673,0.7505668,2937
XC294272,20 dB,20.0,0.948256,0.896498,2937
XC500312,20 dB,20.0,0.911882,0.9179463999999999,2937
XC223708,20 dB,20.0,0.77554,0.5325637999999999,2937
XC317857,20 dB,20.0,0.926672,0.9137012,2937
XC514318,20 dB,20.0,0.162396,0.0,2937
XC514342,20 dB,20.0,0.931919,0.970445,2937
XC152065,20 dB,20.0,0.104124,0.1300818,2937
XC514358,20 dB,20.0,0.746135,0.7108570000000001,2937
XC455169,20 dB,20.0,0.916706,0.9069385999999999,2937
XC236314,20 dB,20.0,0.451711,0.38431000000000004,2937
XC714482,20 dB,20.0,0.708075,0.634495,2937
XC396491,20 dB,20.0,0.220513,0.0,2937
XC292718,20 dB,20.0,0.139283,0.1973508,2937
XC192769,20 dB,20.0,0.808298,0.806231,2937
XC74984,20 dB,20.0,0.85633,0.781957,2937
XC754608,20 dB,20.0,0.727672,0.7344574,2937
XC18946,20 dB,20.0,0.828778,0.6595816,2937
XC708006,20 dB,20.0,0.330188,0.3062026,2937
XC528968,20 dB,20.0,0.840228,0.7828892,2937
XC207975,20 dB,20.0,0.56394,0.467804,2937
XC634049,20 dB,20.0,0.987744,0.9883578,2937
XC4352,20 dB,20.0,0.511129,0.5643216,2937
XC580956,20 dB,20.0,0.781229,0.5750689999999999,2937
XC359332,20 dB,20.0,0.992678,0.9542842,2937
XC291038,20 dB,20.0,0.264016,0.24819959999999996,2937
XC77104,20 dB,20.0,0.924858,0.9126478,2937
XC529310,20 dB,20.0,0.965215,0.9511341999999999,2937
XC523399,20 dB,20.0,0.747499,0.7087062000000001,2937
XC165953,20 dB,20.0,0.914526,0.8694725999999999,2937
XC615085,20 dB,20.0,0.423157,0.3509054,2937
XC229230,20 dB,20.0,0.702792,0.4335622,2937
XC514345,20 dB,20.0,0.919882,0.9112052,2937
XC292282,20 dB,20.0,0.0,0.0,2937
XC500275,20 dB,20.0,0.928657,0.9352698,2937
XC229229,20 dB,20.0,0.667646,0.46954700000000005,2937
XC207972,20 dB,20.0,0.683506,0.5523746,2937
XC283456,20 dB,20.0,0.408794,0.3798882,2937
XC409206,20 dB,20.0,0.89256,0.6708982,2937
XC152187,20 dB,20.0,0.484188,0.5293312,2937
XC517082,20 dB,20.0,0.980313,0.9780431999999999,2937
XC1026,20 dB,20.0,0.867781,0.8149542000000001,2937
XC145004,20 dB,20.0,0.66832,0.6452704,2937
XC193080,20 dB,20.0,0.855814,0.8448314,2937
XC344197,20 dB,20.0,0.70654,0.711878,2937
XC515030,20 dB,20.0,0.971684,0.9498228,2937
XC572282,20 dB,20.0,0.872588,0.7914831999999999,2937
XC83099,20 dB,20.0,0.963168,0.9166614000000001,2937
XC128011,20 dB,20.0,0.189446,0.19231579999999998,2937
XC352084,20 dB,20.0,0.734253,0.7229466,2937
XC121782,20 dB,20.0,0.825326,0.2503316,2937
XC690240,20 dB,20.0,0.219705,0.2692156,2937
XC86089,20 dB,20.0,0.845155,0.8407958000000001,2937
XC291487,20 dB,20.0,0.925233,0.8957696,2937
XC595548,20 dB,20.0,0.849747,0.8455771999999999,2937
XC154186,20 dB,20.0,0.974163,0.9621364,2937
XC196806,20 dB,20.0,0.97468,0.957169,2937
XC314361,20 dB,20.0,0.83676,0.0,2937
XC429969,20 dB,20.0,0.296021,0.07753600000000001,2937
XC494231,20 dB,20.0,0.926846,0.9305937999999999,2937
XC133150,20 dB,20.0,0.834403,0.5557206,2937
XC736608,20 dB,20.0,0.570746,0.5444228,2937
XC37284,20 dB,20.0,0.412112,0.024947,2937
XC223709,20 dB,20.0,0.958161,0.8780773999999999,2937
XC514331,20 dB,20.0,0.955177,0.9316328,2937
XC578917,20 dB,20.0,0.271914,0.2488594,2937
XC158018,20 dB,20.0,0.778003,0.58502,2937
XC633661,20 dB,20.0,0.978804,0.976426,2937
XC208009,20 dB,20.0,0.848426,0.8161922,2937
XC86090,20 dB,20.0,0.6735,0.6596504,2937
XC610747,20 dB,20.0,0.536408,0.2269078,2937
XC634176,20 dB,20.0,0.594087,0.5838724,2937
XC407905,20 dB,20.0,0.678182,0.5574702,2937
XC524074,20 dB,20.0,0.823616,0.8370586,2937
XC204579,20 dB,20.0,0.757371,0.820322,2937
XC634062,20 dB,20.0,0.885858,0.9156169999999999,2937
XC634098,20 dB,20.0,0.989401,0.9796663999999999,2937
XC514962,20 dB,20.0,0.848386,0.7490136,2937
XC634174,20 dB,20.0,0.989243,0.987904,2937
XC576693,20 dB,20.0,0.950563,0.917488,2937
XC210965,20 dB,20.0,0.865255,0.7029042,2937
XC736643,20 dB,20.0,0.93042,0.95015,2937
XC335309,20 dB,20.0,0.934153,0.9043726,2937
XC59517,20 dB,20.0,0.846815,0.8133564,2937
XC1122,20 dB,20.0,0.925849,0.9320156,2937
XC745270,20 dB,20.0,0.721757,0.6805566,2937
XC196810,20 dB,20.0,0.505988,0.509138,2937
XC386425,20 dB,20.0,0.875064,0.7691452,2937
XC451453,20 dB,20.0,0.213,0.1655256,2937
XC62685,20 dB,20.0,0.481852,0.40923699999999996,2937
XC635488,20 dB,20.0,0.880693,0.8817159999999999,2937
XC248387,20 dB,20.0,0.881167,0.8693664,2937
XC610748,20 dB,20.0,0.216977,0.11383640000000002,2937
XC286133,20 dB,20.0,0.925971,0.9394064,2937
XC144443,20 dB,20.0,0.59886,0.5143554,2937
XC552369,20 dB,20.0,0.969604,0.9671289999999999,2937
XC307555,20 dB,20.0,0.225171,0.14674179999999998,2937
XC42254,20 dB,20.0,0.695454,0.5707574,2937
XC441195,20 dB,20.0,0.513425,0.2959304,2937
XC292445,20 dB,20.0,0.957152,0.9257036,2937
XC736647,20 dB,20.0,0.971454,0.9693099999999999,2937
XC222857,20 dB,20.0,0.749267,0.7706725999999999,2937
XC417492,20 dB,20.0,0.104118,0.0,2937
XC517122,20 dB,20.0,0.987386,0.9865358000000001,2937
XC65324,20 dB,20.0,0.870521,0.8448005999999999,2937
XC68999,20 dB,20.0,0.691234,0.6616922,2937
XC504459,20 dB,20.0,0.13709,0.1719712,2937
XC634097,20 dB,20.0,0.993095,0.9927388,2937
XC694814,20 dB,20.0,0.767303,0.7195066,2937
XC156103,20 dB,20.0,0.16615,0.0,2937
XC470518,20 dB,20.0,0.647647,0.6177298,2937
XC246020,20 dB,20.0,0.93049,0.9146943999999999,2937
XC24867,20 dB,20.0,0.380768,0.43575220000000003,2937
XC42252,20 dB,20.0,0.536562,0.3553134,2937
XC634053,20 dB,20.0,0.98948,0.9837296,2937
XC621565,20 dB,20.0,0.578658,0.6373226000000001,2937
XC151206,20 dB,20.0,0.863081,0.6537954,2937
XC36104,20 dB,20.0,0.970215,0.964688,2937
XC516680,20 dB,20.0,0.910175,0.9256822,2937
XC626897,20 dB,20.0,0.92306,0.9117253999999999,2937
XC36025,20 dB,20.0,0.982146,0.9600546,2937
XC296619,20 dB,20.0,0.986694,0.9861777999999999,2937
XC515023,20 dB,20.0,0.930301,0.8598573999999999,2937
XC409295,20 dB,20.0,0.720108,0.6386474,2937
XC51170,20 dB,20.0,0.78516,0.7938462,2937
XC184117,20 dB,20.0,0.765665,0.7928954,2937
XC543594,20 dB,20.0,0.117654,0.0,2937
XC47645,20 dB,20.0,0.597425,0.6708102,2937
XC307556,20 dB,20.0,0.951519,0.677139,2937
XC453968,20 dB,20.0,0.862411,0.870167,2937
XC150,20 dB,20.0,0.981132,0.9249423999999999,2937
XC242994,20 dB,20.0,0.696324,0.5604558,2937
XC500328,20 dB,20.0,0.975074,0.9661580000000001,2937
XC473472,20 dB,20.0,0.772148,0.6485888,2937
XC634054,20 dB,20.0,0.981755,0.9801142,2937
XC47106,20 dB,20.0,0.177522,0.1204766,2937
XC90653,20 dB,20.0,0.97192,0.9725482,2937
XC223706,20 dB,20.0,0.542001,0.6253054,2937
XC475032,20 dB,20.0,0.322565,0.2450424,2937
XC396048,20 dB,20.0,0.461601,0.5376034000000001,2937
XC714472,20 dB,20.0,0.875657,0.8400964,2937
XC423,20 dB,20.0,0.855755,0.781351,2937
XC444049,20 dB,20.0,0.895491,0.8928065999999999,2937
XC634051,20 dB,20.0,0.970634,0.9661512,2937
XC245492,20 dB,20.0,0.651973,0.6278344,2937
XC500277,20 dB,20.0,0.912519,0.6627674,2937
XC172589,20 dB,20.0,0.811605,0.720704,2937
XC634293,20 dB,20.0,0.208481,0.3854714,2937
XC209062,20 dB,20.0,0.974472,0.9709353999999999,2937
XC471099,20 dB,20.0,0.662244,0.5899086,2937
XC476259,20 dB,20.0,0.632386,0.6456212,2937
XC276417,20 dB,20.0,0.966032,0.9424574,2937
XC663611,20 dB,20.0,0.105386,0.0,2937
XC39856,20 dB,20.0,0.935809,0.9454079999999999,2937
XC202654,20 dB,20.0,0.643505,0.5135718,2937
XC180606,20 dB,20.0,0.971751,0.9741642,2937
XC156008,20 dB,20.0,0.486209,0.0,2937
XC152186,20 dB,20.0,0.341161,0.27133419999999997,2937
XC729259,20 dB,20.0,0.242533,0.1957492,2937
XC303388,20 dB,20.0,0.840974,0.6778654,2937
XC287695,20 dB,20.0,0.12867,0.14300459999999998,2937
XC236362,20 dB,20.0,0.933303,0.942854,2937
XC634169,20 dB,20.0,0.962583,0.9591823999999999,2937
XC714485,20 dB,20.0,0.904667,0.8554444,2937
XC151022,20 dB,20.0,0.884283,0.7968952,2937
XC443573,20 dB,20.0,0.906857,0.8216775999999999,2937
XC248631,20 dB,20.0,0.952204,0.9454094,2937
XC717474,20 dB,20.0,0.969036,0.9673681999999999,2937
XC38865,20 dB,20.0,0.854202,0.7851178,2937
XC446763,20 dB,20.0,0.863662,0.856465,2937
XC514326,20 dB,20.0,0.944723,0.9368936,2937
XC570880,20 dB,20.0,0.353757,0.3637134,2937
XC291040,20 dB,20.0,0.140039,0.12538259999999998,2937
XC473420,20 dB,20.0,0.59526,0.5148614,2937
XC288810,20 dB,20.0,0.120476,0.10793660000000001,2937
XC12113,20 dB,20.0,0.929308,0.8663082,2937
XC628298,20 dB,20.0,0.97117,0.9670812,2937
XC717471,20 dB,20.0,0.978944,0.9422520000000001,2937
XC149129,20 dB,20.0,0.697746,0.7157878,2937
XC249777,20 dB,20.0,0.943789,0.948529,2937
XC142209,20 dB,20.0,0.478725,0.3045036,2937
XC376241,20 dB,20.0,0.771699,0.6888156000000001,2937
XC1074,20 dB,20.0,0.761345,0.7159899999999999,2937
XC731548,20 dB,20.0,0.958038,0.934187,2937
XC369191,20 dB,20.0,0.803825,0.8378676,2937
XC572779,20 dB,20.0,0.94288,0.940453,2937
XC38940,20 dB,20.0,0.871296,0.830273,2937
XC516909,20 dB,20.0,0.987809,0.9889726,2937
XC611619,20 dB,20.0,0.869152,0.8474351999999999,2937
XC291821,20 dB,20.0,0.873184,0.9006026,2937
XC444563,20 dB,20.0,0.138912,0.0708954,2937
XC234277,20 dB,20.0,0.83437,0.6685352,2937
XC82816,20 dB,20.0,0.912015,0.7944292,2937
XC514363,20 dB,20.0,0.958554,0.9291347999999999,2937
XC156250,20 dB,20.0,0.644985,0.3297626,2937
XC694825,20 dB,20.0,0.729127,0.7339336,2937
XC514475,20 dB,20.0,0.984088,0.9599236,2937
XC517347,20 dB,20.0,0.990195,0.9890779999999999,2937
XC479973,20 dB,20.0,0.715524,0.6999516,2937
XC36091,20 dB,20.0,0.772086,0.7135304,2937
XC429907,20 dB,20.0,0.98879,0.9780518,2937
XC33921,20 dB,20.0,0.744181,0.688641,2937
XC109803,20 dB,20.0,0.931731,0.9343204,2937
XC634057,20 dB,20.0,0.521152,0.515629,2937
XC614855,20 dB,20.0,0.957771,0.8623402,2937
XC694819,20 dB,20.0,0.761936,0.6732382,2937
XC28805,20 dB,20.0,0.777916,0.7431378,2937
XC41664,20 dB,20.0,0.872489,0.8936976,2937
XC154229,20 dB,20.0,0.937259,0.773301,2937
XC429691,20 dB,20.0,0.957573,0.9220081999999999,2937
XC512612,20 dB,20.0,0.628225,0.8249793999999999,2937
XC455030,20 dB,20.0,0.844535,0.7273554,2937
XC517373,20 dB,20.0,0.986714,0.984764,2937
XC690108,20 dB,20.0,0.970005,0.9408816,2937
XC40408,20 dB,20.0,0.767669,0.6779278,2937
XC34469,20 dB,20.0,0.66874,0.664428,2937
XC179939,20 dB,20.0,0.664365,0.6031489999999999,2937
XC639813,20 dB,20.0,0.951101,0.943869,2937
XC514230,20 dB,20.0,0.201001,0.10334639999999999,2937
XC16627,20 dB,20.0,0.865069,0.9684282,2937
XC197559,20 dB,20.0,0.458183,0.589485,2937
XC190711,20 dB,20.0,0.402141,0.3572674,2937
XC389157,20 dB,20.0,0.786345,0.7143588000000001,2937
XC351681,20 dB,20.0,0.33904,0.3955472,2937
XC147742,20 dB,20.0,0.464962,0.403238,2937
XC286021,20 dB,20.0,0.195779,0.0,2937
XC182353,20 dB,20.0,0.95884,0.9535306,2937
XC500316,20 dB,20.0,0.956647,0.9444611999999999,2937
XC91192,20 dB,20.0,0.718828,0.7420294000000001,2937
XC249491,20 dB,20.0,0.733895,0.7497436000000001,2937
XC180517,20 dB,20.0,0.365534,0.37216879999999997,2937
XC13293,20 dB,20.0,0.700885,0.8185222,2937
XC415876,20 dB,20.0,0.466071,0.3598762,2937
XC352083,20 dB,20.0,0.748183,0.3763172,2937
XC51169,20 dB,20.0,0.512224,0.3125496,2937
XC535145,20 dB,20.0,0.575898,0.6272656,2937
XC398482,20 dB,20.0,0.993767,0.9855938,2937
XC251529,20 dB,20.0,0.957134,0.9586783999999999,2937
XC448919,20 dB,20.0,0.978448,0.970722,2937
XC235597,20 dB,20.0,0.927923,0.9216150000000001,2937
XC41256,20 dB,20.0,0.556748,0.4328796,2937
XC69352,20 dB,20.0,0.517415,0.5731605999999999,2937
XC454532,20 dB,20.0,0.855037,0.8836698000000001,2937
XC249776,20 dB,20.0,0.968252,0.9558116,2937
XC493303,20 dB,20.0,0.958668,0.9471128,2937
XC362122,20 dB,20.0,0.450627,0.4215832,2937
XC168785,20 dB,20.0,0.962106,0.9606212,2937
XC243336,20 dB,20.0,0.595505,0.2841728,2937
XC42244,20 dB,20.0,0.855,0.8486514,2937
XC64976,20 dB,20.0,0.764674,0.8198688000000001,2937
XC388834,20 dB,20.0,0.853657,0.8299873999999999,2937
XC318412,20 dB,20.0,0.763746,0.6878164,2937
XC312992,20 dB,20.0,0.844492,0.8036622,2937
XC29659,20 dB,20.0,0.947453,0.9444974,2937
XC208007,20 dB,20.0,0.782342,0.7154773999999999,2937
XC717472,20 dB,20.0,0.952206,0.9344798000000001,2937
XC694822,20 dB,20.0,0.734631,0.5760718,2937
XC39060,20 dB,20.0,0.85925,0.8067040000000001,2937
XC514366,20 dB,20.0,0.921744,0.9359819999999999,2937
XC717476,20 dB,20.0,0.983888,0.9691712000000001,2937
XC664632,20 dB,20.0,0.747155,0.5617129999999999,2937
XC334883,20 dB,20.0,0.954714,0.9475236,2937
XC230215,20 dB,20.0,0.987748,0.9731213999999999,2937
XC424687,20 dB,20.0,0.479907,0.4801468,2937
XC100391,20 dB,20.0,0.901891,0.8768174,2937
XC230211,20 dB,20.0,0.789087,0.6529568,2937
XC44500,20 dB,20.0,0.829451,0.7830360000000001,2937
XC192431,20 dB,20.0,0.848457,0.8360879999999999,2937
XC516606,20 dB,20.0,0.973099,0.9403172,2937
XC569502,20 dB,20.0,0.393933,0.2210678,2937
XC191924,20 dB,20.0,0.684879,0.6068124,2937
XC346041,20 dB,20.0,0.813528,0.6517342,2937
XC15737,20 dB,20.0,0.958571,0.7304228,2937
XC622762,20 dB,20.0,0.733612,0.776753,2937
XC517018,20 dB,20.0,0.948007,0.9581882,2937
XC284123,20 dB,20.0,0.304629,0.318565,2937
XC286166,20 dB,20.0,0.232174,0.1176374,2937
XC473594,20 dB,20.0,0.858858,0.7775692000000001,2937
XC513772,20 dB,20.0,0.876941,0.8786630000000001,2937
XC248610,20 dB,20.0,0.915906,0.8410793999999999,2937
XC535146,20 dB,20.0,0.528904,0.4265088,2937
XC514351,20 dB,20.0,0.371891,0.31868620000000003,2937
XC714470,20 dB,20.0,0.683392,0.6396124000000001,2937
XC241931,20 dB,20.0,0.72443,0.6742826,2937
XC513769,20 dB,20.0,0.868132,0.8803302000000001,2937
XC438454,20 dB,20.0,0.393655,0.1277792,2937
XC101061,20 dB,20.0,0.87334,0.8781698,2937
XC515031,20 dB,20.0,0.995337,0.9915796,2937
XC83490,20 dB,20.0,0.96677,0.935007,2937
XC335304,20 dB,20.0,0.872531,0.8469652,2937
XC514338,20 dB,20.0,0.925561,0.8786472,2937
XC192631,20 dB,20.0,0.846872,0.8244655999999999,2937
XC308189,20 dB,20.0,0.705501,0.674327,2937
XC61884,20 dB,20.0,0.768174,0.5853506,2937
XC535144,20 dB,20.0,0.741162,0.7405193999999999,2937
XC508249,20 dB,20.0,0.375449,0.2554768,2937
XC454101,20 dB,20.0,0.970659,0.9746456,2937
XC102681,20 dB,20.0,0.97872,0.9697878,2937
XC253758,20 dB,20.0,0.5043,0.294002,2937
XC635471,20 dB,20.0,0.881271,0.867167,2937
XC121788,20 dB,20.0,0.896065,0.895399,2937
XC14388,20 dB,20.0,0.151144,0.174843,2937
XC66172,20 dB,20.0,0.512992,0.37746179999999996,2937
XC657037,20 dB,20.0,0.371323,0.22095120000000001,2937
XC706612,20 dB,20.0,0.473623,0.40861400000000003,2937
XC694816,20 dB,20.0,0.766914,0.7386988000000001,2937
XC23836,20 dB,20.0,0.160351,0.0,2937
XC69102,20 dB,20.0,0.556244,0.2915848,2937
XC515029,20 dB,20.0,0.964469,0.9156324,2937
XC229228,20 dB,20.0,0.623623,0.5831732000000001,2937
XC101056,20 dB,20.0,0.94648,0.9451613999999999,2937
XC616455,20 dB,20.0,0.946791,0.7493848,2937
XC731539,20 dB,20.0,0.988375,0.974447,2937
XC385745,20 dB,20.0,0.848698,0.6479788,2937
XC634064,20 dB,20.0,0.719428,0.8169226,2937
XC416030,20 dB,20.0,0.714559,0.7808062,2937
XC102680,20 dB,20.0,0.876081,0.8707922,2937
XC192630,20 dB,20.0,0.484045,0.4526494,2937
XC64655,20 dB,20.0,0.60826,0.645393,2937
XC185174,20 dB,20.0,0.709731,0.8139958,2937
XC33934,20 dB,20.0,0.683389,0.672311,2937
XC106501,20 dB,20.0,0.89578,0.8645742000000001,2937
XC129295,20 dB,20.0,0.978682,0.978304,2937
XC397624,20 dB,20.0,0.336913,0.14914,2937
XC690241,20 dB,20.0,0.507259,0.30640039999999996,2937
XC572866,20 dB,20.0,0.803666,0.8259698,2937
XC203382,20 dB,20.0,0.595415,0.5550086000000001,2937
XC51171,20 dB,20.0,0.828203,0.8206865999999999,2937
XC177925,20 dB,20.0,0.86384,0.8499916000000001,2937
XC106502,20 dB,20.0,0.876985,0.8171624,2937
XC511547,20 dB,20.0,0.91976,0.9116012,2937
XC36092,20 dB,20.0,0.908428,0.8864086,2937
XC529370,20 dB,20.0,0.417397,0.27980900000000003,2937
XC96896,20 dB,20.0,0.20036,0.0,2937
XC152064,20 dB,20.0,0.126144,0.066403,2937
XC634058,20 dB,20.0,0.295294,0.3139376,2937
XC406078,20 dB,20.0,0.864336,0.8703516,2937
XC514283,20 dB,20.0,0.938141,0.7702412,2937
XC166307,20 dB,20.0,0.993793,0.9914493999999999,2937
XC317721,20 dB,20.0,0.807345,0.7534938,2937
XC714486,20 dB,20.0,0.770077,0.735969,2937
XC666746,20 dB,20.0,0.521911,0.1801358,2937
XC506919,20 dB,20.0,0.521869,0.7249291999999999,2937
XC180856,20 dB,20.0,0.413342,0.28896259999999996,2937
XC363841,20 dB,20.0,0.153924,0.02164,2937
XC763502,20 dB,20.0,0.322371,0.3131652,2937
XC694809,20 dB,20.0,0.824357,0.8118464,2937
XC39382,20 dB,20.0,0.783621,0.7761232,2937
XC190497,20 dB,20.0,0.95999,0.9394646,2937
XC517321,20 dB,20.0,0.142587,0.1446272,2937
XC514374,20 dB,20.0,0.911108,0.8700884,2937
XC576694,20 dB,20.0,0.7416,0.5611078,2937
XC156009,20 dB,20.0,0.748596,0.6094324,2937
XC251530,20 dB,20.0,0.420133,0.4355488,2937
XC317807,20 dB,20.0,0.799444,0.7933632,2937
XC845938,20 dB,20.0,0.17173,0.184126,2937
XC362112,20 dB,20.0,0.476059,0.43530240000000003,2937
XC39069,20 dB,20.0,0.931829,0.883597,2937
XC448918,20 dB,20.0,0.892903,0.8434666,2937
XC156006,20 dB,20.0,0.641157,0.40678479999999995,2937
XC34467,20 dB,20.0,0.709956,0.7280204,2937
XC351435,20 dB,20.0,0.828438,0.7759739999999999,2937
XC59518,20 dB,20.0,0.345029,0.30370759999999997,2937
XC83907,20 dB,20.0,0.951171,0.9102722,2937
XC126989,20 dB,20.0,0.61561,0.5965536,2937
XC207950,20 dB,20.0,0.101391,0.022445,2937
XC445986,20 dB,20.0,0.953896,0.8024376,2937
XC514467,20 dB,20.0,0.963183,0.9435128,2937
XC517142,20 dB,20.0,0.961942,0.9590596,2937
XC358304,20 dB,20.0,0.256137,0.3284492,2937
XC516656,20 dB,20.0,0.953887,0.952401,2937
XC42246,20 dB,20.0,0.970963,0.936977,2937
XC155990,20 dB,20.0,0.104212,0.0,2937
XC41666,20 dB,20.0,0.896541,0.8758492,2937
XC615602,20 dB,20.0,0.462189,0.479294,2937
XC515615,20 dB,20.0,0.994895,0.9946467999999999,2937
XC521535,20 dB,20.0,0.996842,0.9939888,2937
XC240128,20 dB,20.0,0.758189,0.6800691999999999,2937
XC7170,20 dB,20.0,0.938962,0.910534,2937
XC1080575,20 dB,20.0,0.139985,0.0645884,2937
XC249439,20 dB,20.0,0.924865,0.9204694,2937
XC457315,20 dB,20.0,0.206747,0.141901,2937
XC123020,20 dB,20.0,0.875426,0.8246682,2937
XC150779,20 dB,20.0,0.335667,0.308081,2937
XC706613,20 dB,20.0,0.183291,0.0218998,2937
XC498079,20 dB,20.0,0.994902,0.9940200000000001,2937
XC514429,20 dB,20.0,0.320544,0.3196522,2937
XC188220,20 dB,20.0,0.965135,0.9577745999999999,2937
XC334269,20 dB,20.0,0.243427,0.083824,2937
XC21587,20 dB,20.0,0.654929,0.6016106000000001,2937
XC42248,20 dB,20.0,0.621155,0.7625986,2937
XC526184,20 dB,20.0,0.87848,0.8872707999999999,2937
XC83865,20 dB,20.0,0.156604,0.1724432,2937
XC767562,20 dB,20.0,0.174718,0.141883,2937
XC335143,20 dB,20.0,0.702359,0.7610212000000001,2937
XC238665,20 dB,20.0,0.982485,0.9755654,2937
XC629962,20 dB,20.0,0.974693,0.9419147999999999,2937
XC117399,20 dB,20.0,0.974348,0.9521006,2937
XC182258,20 dB,20.0,0.201841,0.3034484,2937
XC6192,20 dB,20.0,0.921072,0.9137343999999998,2937
XC705473,20 dB,20.0,0.882589,0.8715310000000001,2937
XC782813,20 dB,20.0,0.159089,0.18225940000000002,2937
XC141610,20 dB,20.0,0.940577,0.9408239999999999,2937
XC262859,20 dB,20.0,0.944089,0.9246399999999999,2937
XC1183762,20 dB,20.0,0.850991,0.795917,2937
XC221822,20 dB,20.0,0.905828,0.87909,2937
XC213072,20 dB,20.0,0.966425,0.9547522,2937
XC955344,20 dB,20.0,0.988636,0.9865652,2937
XC452850,20 dB,20.0,0.952819,0.9489132,2937
XC221834,20 dB,20.0,0.901605,0.9092568,2937
XC63323,20 dB,20.0,0.868764,0.8828918,2937
XC332903,20 dB,20.0,0.975812,0.9697236,2937
XC35361,20 dB,20.0,0.910261,0.8714082,2937
XC958225,20 dB,20.0,0.969309,0.9274946,2937
XC551201,20 dB,20.0,0.26793,0.26079660000000005,2937
XC117343,20 dB,20.0,0.860004,0.8941296,2937
XC4724,20 dB,20.0,0.931737,0.9060076,2937
XC486438,20 dB,20.0,0.971402,0.9654572,2937
XC123657,20 dB,20.0,0.949184,0.8594642,2937
XC289850,20 dB,20.0,0.826142,0.7504535999999999,2937
XC1050604,20 dB,20.0,0.157984,0.0825774,2937
XC965412,20 dB,20.0,0.968438,0.9439878,2937
XC986715,20 dB,20.0,0.936359,0.8758028,2937
XC64282,20 dB,20.0,0.442691,0.5485996,2937
XC217200,20 dB,20.0,0.912413,0.8891712,2937
XC920874,20 dB,20.0,0.286297,0.198894,2937
XC117390,20 dB,20.0,0.343242,0.3105192,2937
XC955066,20 dB,20.0,0.979652,0.9793682,2937
XC1099,20 dB,20.0,0.909986,0.8976438,2937
XC238216,20 dB,20.0,0.903308,0.9094496,2937
XC965428,20 dB,20.0,0.962089,0.9237169999999999,2937
XC117969,20 dB,20.0,0.833881,0.8425264,2937
XC462182,20 dB,20.0,0.464575,0.0,2937
XC9338,20 dB,20.0,0.680152,0.6735863999999999,2937
XC1035920,20 dB,20.0,0.859396,0.7811872,2937
XC953398,20 dB,20.0,0.814367,0.8332062,2937
XC221836,20 dB,20.0,0.796397,0.790716,2937
XC239090,20 dB,20.0,0.962241,0.9646395999999999,2937
XC552350,20 dB,20.0,0.223779,0.2409478,2937
XC221828,20 dB,20.0,0.794673,0.7985424,2937
XC401413,20 dB,20.0,0.96177,0.9554764,2937
XC276293,20 dB,20.0,0.962388,0.9394686,2937
XC1182467,20 dB,20.0,0.9681,0.9676132,2937
XC1068423,20 dB,20.0,0.904914,0.7904098,2937
XC570356,20 dB,20.0,0.118876,0.0455888,2937
XC639880,20 dB,20.0,0.922546,0.8820349999999999,2937
XC47907,20 dB,20.0,0.93248,0.8903174,2937
XC94,20 dB,20.0,0.356317,0.67919,2937
XC450786,20 dB,20.0,0.930104,0.9239716,2937
XC481239,20 dB,20.0,0.903796,0.8814216,2937
XC1009773,20 dB,20.0,0.886154,0.8706464,2937
XC871978,20 dB,20.0,0.456831,0.4384984,2937
XC619043,20 dB,20.0,0.321551,0.0572306,2937
XC717260,20 dB,20.0,0.98528,0.8382164,2937
XC117341,20 dB,20.0,0.861686,0.924671,2937
XC1173801,20 dB,20.0,0.337267,0.3004572,2937
XC563191,20 dB,20.0,0.960042,0.9747986000000001,2937
XC982174,20 dB,20.0,0.933674,0.8946398,2937
XC119909,20 dB,20.0,0.918392,0.8968432,2937
XC117940,20 dB,20.0,0.910418,0.8561882000000001,2937
XC1142042,20 dB,20.0,0.956103,0.9471263999999999,2937
XC648682,20 dB,20.0,0.970233,0.9569276,2937
XC717257,20 dB,20.0,0.98528,0.8710882,2937
XC1068898,20 dB,20.0,0.62104,0.6528575999999999,2937
XC670079,20 dB,20.0,0.973885,0.9433386,2937
XC862953,20 dB,20.0,0.915617,0.9033158,2937
XC1139578,20 dB,20.0,0.956144,0.9629764,2937
XC817025,20 dB,20.0,0.785548,0.7592346,2937
XC117237,20 dB,20.0,0.102532,0.0607958,2937
XC92072,20 dB,20.0,0.88362,0.857255,2937
XC6265,20 dB,20.0,0.925973,0.9361588,2937
XC231238,20 dB,20.0,0.953463,0.933387,2937
XC124943,20 dB,20.0,0.879802,0.8225952,2937
XC74276,20 dB,20.0,0.931328,0.9014751999999999,2937
XC273514,20 dB,20.0,0.957477,0.9663316,2937
XC9939,20 dB,20.0,0.818458,0.7595078,2937
XC13506,20 dB,20.0,0.96277,0.9627472000000001,2937
XC986718,20 dB,20.0,0.87504,0.8867148,2937
XC683921,20 dB,20.0,0.902002,0.9010031999999999,2937
XC401264,20 dB,20.0,0.896497,0.9219366000000001,2937
XC698536,20 dB,20.0,0.842852,0.8622080000000001,2937
XC167252,20 dB,20.0,0.928827,0.895321,2937
XC673176,20 dB,20.0,0.888035,0.8946004000000001,2937
XC472076,20 dB,20.0,0.804206,0.692037,2937
XC730108,20 dB,20.0,0.892769,0.9157271999999999,2937
XC353537,20 dB,20.0,0.642528,0.5173504,2937
XC821559,20 dB,20.0,0.809085,0.7667042000000001,2937
XC1019664,20 dB,20.0,0.95487,0.929907,2937
XC574867,20 dB,20.0,0.937328,0.9297796,2937
XC231245,20 dB,20.0,0.922954,0.9138417999999999,2937
XC36720,20 dB,20.0,0.933903,0.9060560000000001,2937
XC446610,20 dB,20.0,0.898646,0.8415474,2937
XC117402,20 dB,20.0,0.319432,0.2893316,2937
XC439082,20 dB,20.0,0.131385,0.1371926,2937
XC176263,20 dB,20.0,0.855423,0.8599412000000001,2937
XC329091,20 dB,20.0,0.917364,0.8887195999999999,2937
XC65691,20 dB,20.0,0.918903,0.9423976,2937
XC9840,20 dB,20.0,0.926503,0.9528224,2937
XC639885,20 dB,20.0,0.945922,0.8088412,2937
XC239092,20 dB,20.0,0.551374,0.46414479999999997,2937
XC881545,20 dB,20.0,0.949997,0.9429158,2937
XC176277,20 dB,20.0,0.801849,0.8091440000000001,2937
XC685672,20 dB,20.0,0.776086,0.6053182,2937
XC609167,20 dB,20.0,0.901681,0.9084669999999999,2937
XC75049,20 dB,20.0,0.873252,0.8542158000000001,2937
XC124860,20 dB,20.0,0.97728,0.9741128,2937
XC209066,20 dB,20.0,0.413611,0.25501,2937
XC593289,20 dB,20.0,0.492626,0.4424938,2937
XC330075,20 dB,20.0,0.611959,0.36889500000000003,2937
XC54798,20 dB,20.0,0.833668,0.8320092000000001,2937
XC127813,20 dB,20.0,0.853691,0.776373,2937
XC549355,20 dB,20.0,0.22236,0.09114520000000001,2937
XC609913,20 dB,20.0,0.961577,0.9576537999999999,2937
XC140621,20 dB,20.0,0.950747,0.9436310000000001,2937
XC104125,20 dB,20.0,0.881436,0.869794,2937
XC203677,20 dB,20.0,0.919978,0.9336400000000001,2937
XC349414,20 dB,20.0,0.778211,0.7982726,2937
XC529165,20 dB,20.0,0.969833,0.9621102,2937
XC217695,20 dB,20.0,0.227026,0.056394,2937
XC733965,20 dB,20.0,0.976785,0.9699220000000001,2937
XC1150401,20 dB,20.0,0.611512,0.623467,2937
XC284945,20 dB,20.0,0.912551,0.9312956,2937
XC380710,20 dB,20.0,0.951833,0.942221,2937
XC743526,20 dB,20.0,0.924091,0.8807292,2937
XC173433,20 dB,20.0,0.324142,0.28237999999999996,2937
XC260327,20 dB,20.0,0.971701,0.957251,2937
XC1180204,20 dB,20.0,0.828007,0.521799,2937
XC43730,20 dB,20.0,0.196826,0.2916496,2937
XC11871,20 dB,20.0,0.957712,0.8672181999999999,2937
XC795926,20 dB,20.0,0.69317,0.6976828,2937
XC353906,20 dB,20.0,0.92284,0.9310271999999999,2937
XC251636,20 dB,20.0,0.894403,0.8925661999999999,2937
XC1068886,20 dB,20.0,0.930035,0.9267389999999999,2937
XC117475,20 dB,20.0,0.932573,0.9221954,2937
XC614772,20 dB,20.0,0.267401,0.1668552,2937
XC769477,20 dB,20.0,0.897261,0.8953652,2937
XC156972,20 dB,20.0,0.944136,0.9471308,2937
XC192238,20 dB,20.0,0.963027,0.9540384,2937
XC346417,20 dB,20.0,0.976826,0.9780048000000001,2937
XC698535,20 dB,20.0,0.944691,0.9460984,2937
XC221885,20 dB,20.0,0.958607,0.9611306000000001,2937
XC24203,20 dB,20.0,0.973634,0.9744376000000001,2937
XC1183429,20 dB,20.0,0.945257,0.9402198,2937
XC387680,20 dB,20.0,0.902602,0.9099018000000001,2937
XC122487,20 dB,20.0,0.926712,0.9276302000000001,2937
XC97090,20 dB,20.0,0.96147,0.958454,2937
XC318739,20 dB,20.0,0.801021,0.5719468,2937
XC944387,20 dB,20.0,0.930488,0.9277374,2937
XC537897,20 dB,20.0,0.374801,0.25737319999999997,2937
XC115877,20 dB,20.0,0.859547,0.7530127999999999,2937
XC694205,20 dB,20.0,0.957698,0.9261344000000001,2937
XC187295,20 dB,20.0,0.866961,0.862493,2937
XC155416,20 dB,20.0,0.892368,0.8399802,2937
XC127951,20 dB,20.0,0.175801,0.21241439999999998,2937
XC391429,20 dB,20.0,0.876451,0.8657632,2937
XC801655,20 dB,20.0,0.851202,0.8115728000000001,2937
XC952952,20 dB,20.0,0.984489,0.9747232,2937
XC1078023,20 dB,20.0,0.928744,0.9295278,2937
XC1175092,20 dB,20.0,0.23183,0.2206704,2937
XC34,20 dB,20.0,0.940276,0.9234044000000001,2937
XC687037,20 dB,20.0,0.102743,0.08993799999999999,2937
XC3145,20 dB,20.0,0.784343,0.8147976,2937
XC512211,20 dB,20.0,0.800661,0.8345772,2937
XC582797,20 dB,20.0,0.94875,0.9409297999999999,2937
XC188875,20 dB,20.0,0.85392,0.7779156,2937
XC85442,20 dB,20.0,0.870663,0.8485948000000001,2937
XC221821,20 dB,20.0,0.875863,0.8829938,2937
XC122569,20 dB,20.0,0.841083,0.8102704,2937
XC390190,20 dB,20.0,0.553077,0.49158100000000005,2937
XC556639,20 dB,20.0,0.892662,0.8835518,2937
XC514464,20 dB,20.0,0.979491,0.9628586,2937
XC353330,20 dB,20.0,0.726196,0.727453,2937
XC294118,20 dB,20.0,0.165463,0.15816219999999998,2937
XC529481,20 dB,20.0,0.984845,0.9806012,2937
XC333322,20 dB,20.0,0.939046,0.9073017999999999,2937
XC752666,20 dB,20.0,0.972371,0.9296742,2937
XC334270,20 dB,20.0,0.809676,0.625171,2937
XC65380,20 dB,20.0,0.707719,0.7533928000000001,2937
XC249415,20 dB,20.0,0.855507,0.8453136000000001,2937
XC657320,20 dB,20.0,0.973384,0.9584898000000001,2937
XC514280,20 dB,20.0,0.919244,0.8807084,2937
XC395757,20 dB,20.0,0.746375,0.7548566,2937
XC124264,20 dB,20.0,0.92947,0.9567052,2937
XC6189,20 dB,20.0,0.633307,0.5944727999999999,2937
XC521538,20 dB,20.0,0.979078,0.9659002000000001,2937
XC282306,20 dB,20.0,0.958133,0.9456903999999999,2937
XC117398,20 dB,20.0,0.976064,0.9322762000000001,2937
XC986563,20 dB,20.0,0.531096,0.5205034000000001,2937
XC724679,20 dB,20.0,0.979358,0.9723954000000001,2937
XC616210,20 dB,20.0,0.949173,0.9455876,2937
XC557622,20 dB,20.0,0.509008,0.3307352,2937
XC621782,20 dB,20.0,0.904588,0.7916626,2937
XC845927,20 dB,20.0,0.399266,0.1948692,2937
XC428699,20 dB,20.0,0.954652,0.9177531999999999,2937
XC350929,20 dB,20.0,0.329797,0.3994202,2937
XC979864,20 dB,20.0,0.965823,0.9552846,2937
XC239087,20 dB,20.0,0.954368,0.9323134,2937
XC837123,20 dB,20.0,0.923719,0.9315626,2937
XC400646,20 dB,20.0,0.304408,0.302678,2937
XC29427,20 dB,20.0,0.947395,0.952555,2937
XC435857,20 dB,20.0,0.898394,0.8969994,2937
XC9904,20 dB,20.0,0.947009,0.9397032,2937
XC536695,20 dB,20.0,0.9379,0.9348036000000001,2937
XC456377,20 dB,20.0,0.897879,0.914129,2937
XC481243,20 dB,20.0,0.839541,0.8254319999999999,2937
XC231252,20 dB,20.0,0.450497,0.4327004,2937
XC182608,20 dB,20.0,0.477597,0.6055851999999999,2937
XC338619,20 dB,20.0,0.875808,0.897049,2937
XC91214,20 dB,20.0,0.301805,0.22002419999999998,2937
XC944044,20 dB,20.0,0.898035,0.8702774,2937
XC54929,20 dB,20.0,0.916533,0.9031058,2937
XC340041,20 dB,20.0,0.260718,0.2418044,2937
XC520724,20 dB,20.0,0.942257,0.9117876,2937
XC202,20 dB,20.0,0.893135,0.8908872000000001,2937
XC1158132,20 dB,20.0,0.947274,0.9455688,2937
XC117474,20 dB,20.0,0.869138,0.8485554000000001,2937
XC217201,20 dB,20.0,0.762367,0.7684447999999999,2937
XC277175,20 dB,20.0,0.914712,0.8535931999999999,2937
XC71614,20 dB,20.0,0.490413,0.6499588000000001,2937
XC195102,20 dB,20.0,0.761616,0.7552084,2937
XC585162,20 dB,20.0,0.912858,0.9313416,2937
XC608132,20 dB,20.0,0.933033,0.9164028,2937
XC270977,20 dB,20.0,0.824343,0.8479908,2937
XC121330,20 dB,20.0,0.317515,0.16465760000000002,2937
XC221826,20 dB,20.0,0.909222,0.9006997999999999,2937
XC40712,20 dB,20.0,0.958958,0.9059573999999999,2937
XC345319,20 dB,20.0,0.413687,0.36740880000000004,2937
XC692855,20 dB,20.0,0.96726,0.9479016,2937
XC231248,20 dB,20.0,0.959104,0.953295,2937
XC641695,20 dB,20.0,0.964371,0.9449426000000001,2937
XC1181643,20 dB,20.0,0.960298,0.9366058,2937
XC102372,20 dB,20.0,0.829914,0.8276920000000001,2937
XC514319,20 dB,20.0,0.413643,0.4025236,2937
XC329089,20 dB,20.0,0.958919,0.9523704000000001,2937
XC525925,20 dB,20.0,0.204079,0.1857458,2937
XC221818,20 dB,20.0,0.827682,0.7740838,2937
XC845941,20 dB,20.0,0.311186,0.0410866,2937
XC387444,20 dB,20.0,0.899062,0.918251,2937
XC105785,20 dB,20.0,0.519865,0.6306096,2937
XC138931,20 dB,20.0,0.518545,0.5039716000000001,2937
XC119752,20 dB,20.0,0.907817,0.8381952,2937
XC406949,20 dB,20.0,0.52667,0.48430619999999996,2937
XC117391,20 dB,20.0,0.651459,0.7208492,2937
XC769668,20 dB,20.0,0.936608,0.9104274,2937
XC506024,20 dB,20.0,0.90257,0.896439,2937
XC239091,20 dB,20.0,0.530733,0.20660099999999998,2937
XC1011761,20 dB,20.0,0.931179,0.8910712000000001,2937
XC9563,20 dB,20.0,0.83942,0.8109439999999999,2937
XC1139336,20 dB,20.0,0.963273,0.9527699999999999,2937
XC117938,20 dB,20.0,0.79153,0.717105,2937
XC127229,20 dB,20.0,0.92904,0.9180543999999999,2937
XC537922,20 dB,20.0,0.160613,0.12489919999999999,2937
XC33754,20 dB,20.0,0.994634,0.9966820000000001,2937
XC275912,20 dB,20.0,0.896331,0.8830852,2937
XC298876,20 dB,20.0,0.938597,0.9160676000000001,2937
XC54857,20 dB,20.0,0.795939,0.5576032,2937
XC117875,20 dB,20.0,0.744742,0.6438881999999999,2937
XC159203,20 dB,20.0,0.164114,0.08152,2937
XC576436,20 dB,20.0,0.947419,0.9401733999999999,2937
XC251635,20 dB,20.0,0.640693,0.6318708,2937
XC95327,20 dB,20.0,0.1468,0.1432758,2937
XC100340,20 dB,20.0,0.92904,0.9215494,2937
XC251975,20 dB,20.0,0.889012,0.893683,2937
XC965399,20 dB,20.0,0.965059,0.90174,2937
XC745959,20 dB,20.0,0.70782,0.1713238,2937
XC1076679,20 dB,20.0,0.733545,0.7128650000000001,2937
XC13439,20 dB,20.0,0.892385,0.8723174,2937
XC477771,20 dB,20.0,0.929494,0.8973926000000001,2937
XC1085552,20 dB,20.0,0.954439,0.9454438,2937
XC97267,20 dB,20.0,0.882989,0.8776911999999999,2937
XC1028543,20 dB,20.0,0.981374,0.9798366,2937
XC248663,20 dB,20.0,0.860877,0.8875527999999999,2937
XC483178,20 dB,20.0,0.488769,0.4949504,2937
XC771791,20 dB,20.0,0.916025,0.9225718,2937
XC1174785,20 dB,20.0,0.895942,0.8851728,2937
XC517004,20 dB,20.0,0.994588,0.9811133999999999,2937
XC257244,20 dB,20.0,0.915859,0.8820309999999999,2937
XC449720,20 dB,20.0,0.141054,0.0658068,2937
XC493784,20 dB,20.0,0.940029,0.9404738,2937
XC472328,20 dB,20.0,0.950167,0.9506957999999999,2937
XC24460,20 dB,20.0,0.857748,0.7430428,2937
XC64137,20 dB,20.0,0.933161,0.9326516,2937
XC517023,20 dB,20.0,0.984956,0.9810869999999999,2937
XC354167,20 dB,20.0,0.888751,0.5647794,2937
XC516634,20 dB,20.0,0.951678,0.9515971999999999,2937
XC706672,20 dB,20.0,0.315096,0.2902426,2937
XC117970,20 dB,20.0,0.92721,0.917961,2937
XC56827,20 dB,20.0,0.254641,0.2834474,2937
XC748492,20 dB,20.0,0.895348,0.661883,2937
XC767460,20 dB,20.0,0.597703,0.5251748,2937
XC295796,20 dB,20.0,0.941999,0.9192924,2937
XC933265,20 dB,20.0,0.957475,0.9553330000000001,2937
XC984820,20 dB,20.0,0.774135,0.7281500000000001,2937
XC557620,20 dB,20.0,0.964193,0.9408264,2937
XC894922,20 dB,20.0,0.224234,0.2062682,2937
XC21589,20 dB,20.0,0.605349,0.6238116,2937
XC117400,20 dB,20.0,0.951904,0.9541461999999999,2937
XC117439,20 dB,20.0,0.861975,0.8591852,2937
XC44067,20 dB,20.0,0.907718,0.8961083999999999,2937
XC490102,20 dB,20.0,0.955506,0.9392638,2937
XC351780,20 dB,20.0,0.555355,0.6044098,2937
XC1145229,20 dB,20.0,0.951732,0.9228474,2937
XC33658,20 dB,20.0,0.10166,0.0,2937
XC94146,20 dB,20.0,0.697371,0.3925508,2937
XC339994,20 dB,20.0,0.94164,0.9077648,2937
XC1033438,20 dB,20.0,0.949621,0.9189434000000001,2937
XC117866,20 dB,20.0,0.8854,0.8661434,2937
XC683916,20 dB,20.0,0.929986,0.916207,2937
XC199263,20 dB,20.0,0.890099,0.8843918000000001,2937
XC1152523,20 dB,20.0,0.752799,0.7435858,2937
XC944386,20 dB,20.0,0.901723,0.875333,2937
XC9839,20 dB,20.0,0.918292,0.9124496000000001,2937
XC223712,20 dB,20.0,0.544754,0.6830844,2937
XC291909,20 dB,20.0,0.882021,0.8568156,2937
XC511115,20 dB,20.0,0.174564,0.14869680000000002,2937
XC231237,20 dB,20.0,0.967734,0.9234128,2937
XC95326,20 dB,20.0,0.130261,0.024245,2937
XC507903,20 dB,20.0,0.937446,0.9287281999999999,2937
XC353525,20 dB,20.0,0.787,0.6009708,2937
XC517126,20 dB,20.0,0.963214,0.9209464,2937
XC17881,20 dB,20.0,0.984836,0.9724322000000001,2937
XC514446,20 dB,20.0,0.800117,0.744631,2937
XC1044072,20 dB,20.0,0.953327,0.919261,2937
XC517021,20 dB,20.0,0.946552,0.9600692000000001,2937
XC435537,20 dB,20.0,0.830012,0.4074834,2937
XC862485,20 dB,20.0,0.870892,0.860457,2937
XC127228,20 dB,20.0,0.926707,0.9083262,2937
XC810505,20 dB,20.0,0.52884,0.5109876,2937
XC845929,20 dB,20.0,0.319027,0.3783764,2937
XC698654,20 dB,20.0,0.89888,0.8866120000000001,2937
XC845037,20 dB,20.0,0.884954,0.8240954,2937
XC340067,20 dB,20.0,0.435326,0.586716,2937
XC399451,20 dB,20.0,0.945645,0.916455,2937
XC137697,20 dB,20.0,0.937874,0.9462682000000001,2937
XC178657,20 dB,20.0,0.909084,0.8659354,2937
XC980748,20 dB,20.0,0.9505,0.9289173999999999,2937
XC514492,20 dB,20.0,0.889702,0.7137256,2937
XC156745,20 dB,20.0,0.348482,0.2717482,2937
XC526190,20 dB,20.0,0.154933,0.0750478,2937
XC256978,20 dB,20.0,0.968023,0.9446184000000001,2937
XC333320,20 dB,20.0,0.973545,0.9500095999999999,2937
XC656067,20 dB,20.0,0.964403,0.9252117999999999,2937
XC372434,20 dB,20.0,0.947506,0.957226,2937
XC834114,20 dB,20.0,0.104002,0.0,2937
XC64136,20 dB,20.0,0.959684,0.9485433999999999,2937
XC2706,20 dB,20.0,0.96516,0.9407456,2937
XC117476,20 dB,20.0,0.908795,0.9086869999999999,2937
XC610115,20 dB,20.0,0.966648,0.9686448000000001,2937
XC121218,20 dB,20.0,0.926228,0.9220421999999999,2937
XC321483,20 dB,20.0,0.425885,0.0,2937
XC221820,20 dB,20.0,0.874419,0.8873098,2937
XC68054,20 dB,20.0,0.895416,0.8976573999999999,2937
XC297690,20 dB,20.0,0.786225,0.7791074,2937
XC212849,20 dB,20.0,0.852525,0.7860552000000001,2937
XC305368,20 dB,20.0,0.964135,0.9441168,2937
XC998172,20 dB,20.0,0.933995,0.9194473999999999,2937
XC249414,20 dB,20.0,0.883676,0.8319624000000001,2937
XC812877,20 dB,20.0,0.93668,0.9436313999999999,2937
XC333567,20 dB,20.0,0.980725,0.97105,2937
XC1181496,20 dB,20.0,0.518143,0.33596539999999997,2937
XC117867,20 dB,20.0,0.947733,0.9423442,2937
XC979867,20 dB,20.0,0.865231,0.8978287999999999,2937
XC982175,20 dB,20.0,0.929577,0.9171234,2937
XC165994,20 dB,20.0,0.337984,0.29625080000000004,2937
XC642569,20 dB,20.0,0.935274,0.8743088,2937
XC517269,20 dB,20.0,0.943273,0.9455828000000001,2937
XC151221,20 dB,20.0,0.293666,0.18359240000000002,2937
XC55897,20 dB,20.0,0.290612,0.2820782,2937
XC816990,20 dB,20.0,0.498087,0.48616840000000006,2937
XC428089,20 dB,20.0,0.859247,0.8694127999999999,2937
XC564620,20 dB,20.0,0.968265,0.9646542,2937
XC117338,20 dB,20.0,0.610103,0.558762,2937
XC15033,20 dB,20.0,0.953975,0.9715415999999999,2937
XC1085553,20 dB,20.0,0.957146,0.9409639999999999,2937
XC65348,20 dB,20.0,0.464661,0.3783348,2937
XC76655,20 dB,20.0,0.936501,0.8861718,2937
XC152944,20 dB,20.0,0.363974,0.379105,2937
XC117353,20 dB,20.0,0.841064,0.8345128,2937
XC245528,20 dB,20.0,0.967519,0.9621726,2937
XC360009,20 dB,20.0,0.813057,0.7896226000000001,2937
XC106610,20 dB,20.0,0.833459,0.737721,2937
XC54394,20 dB,20.0,0.958638,0.9582789999999999,2937
XC3735,20 dB,20.0,0.896464,0.9044596,2937
XC463658,20 dB,20.0,0.933641,0.7316081999999999,2937
XC377192,20 dB,20.0,0.962513,0.9510086,2937
XC1179462,20 dB,20.0,0.969073,0.9703412,2937
XC1073177,20 dB,20.0,0.937361,0.9091625999999999,2937
XC39855,20 dB,20.0,0.955883,0.8524262,2937
XC261514,20 dB,20.0,0.387534,0.49294659999999996,2937
XC85036,20 dB,20.0,0.936562,0.9281544,2937
XC482180,20 dB,20.0,0.94446,0.9330676,2937
XC429417,20 dB,20.0,0.880881,0.8142864,2937
XC221887,20 dB,20.0,0.949968,0.948239,2937
XC493927,20 dB,20.0,0.843796,0.8371559999999999,2937
XC636382,20 dB,20.0,0.955633,0.9620369999999999,2937
XC1065170,20 dB,20.0,0.924382,0.8722888000000001,2937
XC90693,20 dB,20.0,0.91595,0.9133804,2937
XC257243,20 dB,20.0,0.945906,0.9260464,2937
XC634096,20 dB,20.0,0.980716,0.9821058,2937
XC363937,20 dB,20.0,0.981547,0.968011,2937
XC73976,20 dB,20.0,0.774724,0.808827,2937
XC444542,20 dB,20.0,0.902358,0.8760481999999999,2937
XC872350,20 dB,20.0,0.834867,0.8465064,2937
XC9838,20 dB,20.0,0.862874,0.9015344000000001,2937
XC754627,20 dB,20.0,0.558207,0.5449958,2937
XC15034,20 dB,20.0,0.974847,0.971991,2937
XC196811,20 dB,20.0,0.866462,0.8550166000000001,2937
XC965410,20 dB,20.0,0.946006,0.9441430000000001,2937
XC231235,20 dB,20.0,0.952821,0.9322486,2937
XC767464,20 dB,20.0,0.11715,0.193298,2937
XC257241,20 dB,20.0,0.968615,0.9575654,2937
XC4097,20 dB,20.0,0.390442,0.3503318,2937
XC517322,20 dB,20.0,0.905869,0.9025418000000001,2937
XC730107,20 dB,20.0,0.795193,0.6357766,2937
XC474813,20 dB,20.0,0.921212,0.928725,2937
XC117339,20 dB,20.0,0.762027,0.7783746,2937
XC979865,20 dB,20.0,0.957798,0.9662048000000001,2937
XC171227,20 dB,20.0,0.91431,0.8924996000000001,2937
XC5427,20 dB,20.0,0.939253,0.9438926000000001,2937
XC455138,20 dB,20.0,0.970545,0.9635954,2937
XC239095,20 dB,20.0,0.544886,0.5005104,2937
XC131553,20 dB,20.0,0.980711,0.9709859999999999,2937
XC129750,20 dB,20.0,0.934786,0.9108029999999999,2937
XC277016,20 dB,20.0,0.949493,0.9404688,2937
XC17645,20 dB,20.0,0.899497,0.9020006,2937
XC521554,20 dB,20.0,0.915223,0.9093948000000001,2937
XC85034,20 dB,20.0,0.939561,0.8923196000000001,2937
XC127504,20 dB,20.0,0.917403,0.9151355999999999,2937
XC722858,20 dB,20.0,0.963598,0.9569166000000001,2937
XC9837,20 dB,20.0,0.947445,0.953127,2937
XC221835,20 dB,20.0,0.907491,0.8521194,2937
XC742257,20 dB,20.0,0.958342,0.9676718,2937
XC514964,20 dB,20.0,0.592503,0.5095214,2937
XC53913,20 dB,20.0,0.978126,0.974737,2937
XC125693,20 dB,20.0,0.874146,0.8700494000000001,2937
XC225380,20 dB,20.0,0.927876,0.8559896,2937
XC1174512,20 dB,20.0,0.214551,0.2056778,2937
XC525926,20 dB,20.0,0.332773,0.5420872,2937
XC221832,20 dB,20.0,0.842706,0.5965697999999999,2937
XC248386,20 dB,20.0,0.911729,0.887719,2937
XC231261,20 dB,20.0,0.103545,0.066735,2937
XC845920,20 dB,20.0,0.159965,0.1740814,2937
XC133287,20 dB,20.0,0.743769,0.3758014,2937
XC1142047,20 dB,20.0,0.975,0.9734017999999999,2937
XC85037,20 dB,20.0,0.94,0.8844312000000001,2937
XC1043495,20 dB,20.0,0.201798,0.1697498,2937
XC12055,20 dB,20.0,0.975139,0.9497617999999999,2937
XC517265,20 dB,20.0,0.991316,0.9877866,2937
XC1180982,20 dB,20.0,0.952046,0.9458296,2937
XC982176,20 dB,20.0,0.75168,0.5132502,2937
XC117904,20 dB,20.0,0.799385,0.8072866,2937
XC424163,20 dB,20.0,0.932728,0.8945572,2937
XC84175,20 dB,20.0,0.774466,0.678829,2937
XC517123,20 dB,20.0,0.96891,0.9691050000000001,2937
XC303458,20 dB,20.0,0.558501,0.6102795999999999,2937
XC234299,20 dB,20.0,0.887524,0.8495611999999999,2937
XC440015,20 dB,20.0,0.923985,0.8779762,2937
XC33320,20 dB,20.0,0.854144,0.5819506,2937
XC767563,20 dB,20.0,0.0,0.0940252,2937
XC61371,20 dB,20.0,0.896098,0.8123452,2937
XC221816,20 dB,20.0,0.929852,0.9071214,2937
XC340660,20 dB,20.0,0.925776,0.8615574,2937
XC1074885,20 dB,20.0,0.511935,0.3752854,2937
XC917458,20 dB,20.0,0.427481,0.388088,2937
XC862961,20 dB,20.0,0.904468,0.8974605999999999,2937
XC231260,20 dB,20.0,0.234865,0.2035348,2937
XC984344,20 dB,20.0,0.907685,0.8297344000000001,2937
XC124265,20 dB,20.0,0.961168,0.959862,2937
XC73975,20 dB,20.0,0.920271,0.8816058,2937
XC105718,20 dB,20.0,0.927111,0.9239934,2937
XC41184,20 dB,20.0,0.600856,0.2871584,2937
XC221831,20 dB,20.0,0.846811,0.7596111999999999,2937
XC987304,20 dB,20.0,0.527856,0.5191988000000001,2937
XC767564,20 dB,20.0,0.0,0.0,2937
XC13372,20 dB,20.0,0.9317,0.9044668,2937
XC768540,20 dB,20.0,0.921844,0.9316502,2937
XC516908,20 dB,20.0,0.963654,0.9674583999999999,2937
XC1080573,20 dB,20.0,0.205258,0.1967404,2937
XC274416,20 dB,20.0,0.964162,0.9297637999999999,2937
XC1009853,20 dB,20.0,0.302361,0.2851874,2937
XC261509,20 dB,20.0,0.96503,0.932991,2937
XC1153871,20 dB,20.0,0.981049,0.98508,2937
XC514370,20 dB,20.0,0.594911,0.4813706,2937
XC709625,20 dB,20.0,0.93475,0.9263116,2937
XC302998,20 dB,20.0,0.18898,0.1583058,2937
XC63324,20 dB,20.0,0.956908,0.9424199999999999,2937
XC376452,20 dB,20.0,0.957103,0.9440267999999999,2937
XC615158,20 dB,20.0,0.403471,0.24724680000000002,2937
XC987210,20 dB,20.0,0.960548,0.9479186000000001,2937
XC251637,20 dB,20.0,0.923616,0.9164711999999999,2937
XC641683,20 dB,20.0,0.954718,0.9421856,2937
XC257240,20 dB,20.0,0.972179,0.909495,2937
XC980749,20 dB,20.0,0.888802,0.8990094,2937
XC231244,20 dB,20.0,0.896416,0.7102398,2937
XC228537,20 dB,20.0,0.641122,0.7662552,2937
XC515377,20 dB,20.0,0.958902,0.9261832,2937
XC198718,20 dB,20.0,0.968539,0.9547964,2937
XC845954,20 dB,20.0,0.159965,0.1476008,2937
XC1085558,20 dB,20.0,0.973997,0.9601599999999999,2937
XC318740,20 dB,20.0,0.575802,0.5258132,2937
XC549356,20 dB,20.0,0.610826,0.5658494000000001,2937
XC148702,20 dB,20.0,0.576668,0.613068,2937
XC3135,20 dB,20.0,0.462275,0.40821199999999996,2937
XC633784,20 dB,20.0,0.977893,0.9775119999999999,2937
XC493786,20 dB,20.0,0.942875,0.9215616000000001,2937
XC537720,20 dB,20.0,0.923267,0.9171728,2937
XC477102,20 dB,20.0,0.947297,0.9293406,2937
XC660666,20 dB,20.0,0.133761,0.0,2937
XC755078,20 dB,20.0,0.928151,0.9232362000000001,2937
XC392986,20 dB,20.0,0.827449,0.8441554,2937
XC973634,20 dB,20.0,0.94121,0.9030470000000002,2937
XC176977,20 dB,20.0,0.903008,0.7382904,2937
XC736611,20 dB,20.0,0.324841,0.3136858,2937
XC85066,20 dB,20.0,0.948959,0.8830886,2937
XC186987,20 dB,20.0,0.931169,0.9041966,2937
XC444283,20 dB,20.0,0.97363,0.9660926,2937
XC92,20 dB,20.0,0.937459,0.9346826,2937
XC862956,20 dB,20.0,0.94249,0.9405110000000001,2937
XC42256,20 dB,20.0,0.384341,0.3985906,2937
XC231232,20 dB,20.0,0.578605,0.21404579999999998,2937
XC676249,20 dB,20.0,0.957635,0.9276481999999999,2937
XC441107,20 dB,20.0,0.974373,0.952345,2937
XC113213,20 dB,20.0,0.888989,0.8971273999999999,2937
XC250734,20 dB,20.0,0.905987,0.8999933999999999,2937
XC687236,20 dB,20.0,0.922157,0.9003042000000001,2937
XC119566,20 dB,20.0,0.868911,0.8627788000000001,2937
XC251449,20 dB,20.0,0.342889,0.23720280000000002,2937
XC902975,20 dB,20.0,0.518641,0.6896186,2937
XC1029590,20 dB,20.0,0.927144,0.9124831999999999,2937
XC180618,20 dB,20.0,0.905272,0.899614,2937
XC55898,20 dB,20.0,0.527618,0.0,2937
XC528844,20 dB,20.0,0.156825,0.0,2937
XC17677,20 dB,20.0,0.581796,0.4790016,2937
XC239093,20 dB,20.0,0.458056,0.6026368,2937
XC917456,20 dB,20.0,0.857592,0.8779236000000001,2937
XC13519,20 dB,20.0,0.900856,0.8757173999999999,2937
XC494771,20 dB,20.0,0.821893,0.782674,2937
XC117396,20 dB,20.0,0.882366,0.8744934000000001,2937
XC254274,20 dB,20.0,0.667638,0.545524,2937
XC13437,20 dB,20.0,0.17107,0.0,2937
XC195459,20 dB,20.0,0.256746,0.2734026,2937
XC518065,20 dB,20.0,0.563328,0.3965242,2937
XC313980,20 dB,20.0,0.884793,0.8618338,2937
XC767436,20 dB,20.0,0.554227,0.5800284,2937
XC845928,20 dB,20.0,0.717372,0.5394568000000001,2937
XC987209,20 dB,20.0,0.929951,0.855509,2937
XC13373,20 dB,20.0,0.971879,0.8897532,2937
XC124266,20 dB,20.0,0.962296,0.9633711999999999,2937
XC568023,20 dB,20.0,0.911403,0.9268416,2937
XC638202,20 dB,20.0,0.612599,0.5996248,2937
XC236217,20 dB,20.0,0.542695,0.5554624,2937
XC832545,20 dB,20.0,0.886624,0.3195418,2937
XC896032,20 dB,20.0,0.595292,0.626773,2937
XC1146081,20 dB,20.0,0.84203,0.8520866,2937
XC794785,20 dB,20.0,0.110061,0.0,2937
XC688003,20 dB,20.0,0.973557,0.9689392,2937
XC1177293,20 dB,20.0,0.438156,0.599064,2937
XC271934,20 dB,20.0,0.950674,0.9486238,2937
XC9641,20 dB,20.0,0.268187,0.0,2937
XC297010,20 dB,20.0,0.904335,0.8337060000000001,2937
XC656065,20 dB,20.0,0.960222,0.9563539999999999,2937
XC120557,20 dB,20.0,0.929761,0.9314462000000001,2937
XC482164,20 dB,20.0,0.862633,0.8515311999999999,2937
XC334271,20 dB,20.0,0.939207,0.9198574,2937
XC1001797,20 dB,20.0,0.921548,0.9188278000000001,2937
XC357041,20 dB,20.0,0.942396,0.8581991999999999,2937
XC57821,20 dB,20.0,0.238319,0.15688,2937
XC21101,20 dB,20.0,0.920159,0.9022285999999999,2937
XC42249,20 dB,20.0,0.88773,0.9065718,2937
XC1045021,20 dB,20.0,0.822064,0.8148716,2937
XC238215,20 dB,20.0,0.899064,0.8958424,2937
XC231243,20 dB,20.0,0.929028,0.930597,2937
XC156744,20 dB,20.0,0.577381,0.4629448,2937
XC157357,20 dB,20.0,0.944623,0.9431390000000001,2937
XC191784,20 dB,20.0,0.681975,0.6533116,2937
XC494361,20 dB,20.0,0.9121,0.9104142,2937
XC1163315,20 dB,20.0,0.817635,0.8417121999999999,2937
XC479542,20 dB,20.0,0.943244,0.892205,2937
XC535967,20 dB,20.0,0.462629,0.4390682,2937
XC122334,20 dB,20.0,0.842827,0.8095124,2937
XC516832,20 dB,20.0,0.931107,0.9337052,2937
XC285207,20 dB,20.0,0.949245,0.9405605999999999,2937
XC272430,20 dB,20.0,0.884397,0.8224336000000001,2937
XC75048,20 dB,20.0,0.967193,0.9553024000000001,2937
XC202363,20 dB,20.0,0.974968,0.9681266000000001,2937
XC741070,20 dB,20.0,0.958907,0.9705280000000001,2937
XC514471,20 dB,20.0,0.988021,0.9770992,2937
XC552958,20 dB,20.0,0.673223,0.5883514,2937
XC995521,20 dB,20.0,0.88335,0.8831466000000001,2937
XC63327,20 dB,20.0,0.913921,0.8628513999999999,2937
XC4725,20 dB,20.0,0.959937,0.8646998,2937
XC226702,20 dB,20.0,0.960069,0.944517,2937
XC63325,20 dB,20.0,0.896391,0.9140016,2937
XC862952,20 dB,20.0,0.959191,0.7725846000000001,2937
XC634099,20 dB,20.0,0.987727,0.9811054,2937
XC231249,20 dB,20.0,0.751981,0.7452832,2937
XC85052,20 dB,20.0,0.949117,0.9653731999999999,2937
XC264358,20 dB,20.0,0.926923,0.49021939999999997,2937
XC526188,20 dB,20.0,0.40055,0.40221039999999997,2937
XC323011,20 dB,20.0,0.566627,0.3699312,2937
XC1068422,20 dB,20.0,0.95083,0.8323872,2937
XC154191,20 dB,20.0,0.9806,0.9738748000000002,2937
XC236629,20 dB,20.0,0.945111,0.9635349999999999,2937
XC44953,20 dB,20.0,0.807947,0.8003237999999999,2937
XC772536,20 dB,20.0,0.895338,0.8888458,2937
XC271633,20 dB,20.0,0.968622,0.9411806,2937
XC144378,20 dB,20.0,0.849385,0.5673992,2937
XC310825,20 dB,20.0,0.905642,0.8851216,2937
XC497975,20 dB,20.0,0.157264,0.1973892,2937
XC571382,20 dB,20.0,0.650215,0.6549316000000001,2937
XC547147,20 dB,20.0,0.865005,0.8132518,2937
XC722601,20 dB,20.0,0.111132,0.0207372,2937
XC1073178,20 dB,20.0,0.871215,0.8662594,2937
XC1046156,20 dB,20.0,0.948551,0.9302465999999999,2937
XC755226,20 dB,20.0,0.150521,0.15255259999999998,2937
XC14781,20 dB,20.0,0.813992,0.8067278,2937
XC333417,20 dB,20.0,0.932144,0.9175470000000001,2937
XC156007,20 dB,20.0,0.564552,0.3654744,2937
XC838961,20 dB,20.0,0.927468,0.9346072,2937
XC354901,20 dB,20.0,0.877912,0.8926842,2937
XC481240,20 dB,20.0,0.826344,0.775752,2937
XC31427,20 dB,20.0,0.308459,0.3271284,2937
XC1166238,20 dB,20.0,0.915376,0.9076136,2937
XC770944,20 dB,20.0,0.884231,0.86036,2937
XC154636,20 dB,20.0,0.849075,0.8519344,2937
XC633782,20 dB,20.0,0.888894,0.8812816,2937
XC449318,20 dB,20.0,0.887034,0.8972106,2937
XC238666,20 dB,20.0,0.981164,0.980181,2937
XC698618,20 dB,20.0,0.942549,0.9548175999999999,2937
XC537901,20 dB,20.0,0.470195,0.5129216,2937
XC66682,20 dB,20.0,0.916996,0.9074289999999999,2937
XC231258,20 dB,20.0,0.890765,0.8964000000000001,2937
XC426308,20 dB,20.0,0.966413,0.9560486000000001,2937
XC965433,20 dB,20.0,0.938292,0.9125539999999999,2937
XC497452,20 dB,20.0,0.585663,0.20848260000000002,2937
XC29550,20 dB,20.0,0.737957,0.7581087999999999,2937
XC117975,20 dB,20.0,0.921341,0.9073086,2937
XC1018701,20 dB,20.0,0.829168,0.8194556000000001,2937
XC120310,20 dB,20.0,0.741794,0.8014341999999999,2937
XC131552,20 dB,20.0,0.968786,0.9507998000000001,2937
XC668545,20 dB,20.0,0.890352,0.7767872,2937
XC231259,20 dB,20.0,0.135185,0.146789,2937
XC53553,20 dB,20.0,0.414779,0.1441042,2937
XC249722,20 dB,20.0,0.726981,0.7868914,2937
XC872943,20 dB,20.0,0.964507,0.9642088000000001,2937
XC4765,20 dB,20.0,0.895774,0.8849170000000001,2937
XC42258,20 dB,20.0,0.148498,0.1504578,2937
XC93456,20 dB,20.0,0.909628,0.9270368,2937
XC823989,20 dB,20.0,0.972714,0.9445548,2937
XC920781,20 dB,20.0,0.934615,0.9335196,2937
XC163711,20 dB,20.0,0.145461,0.08340800000000001,2937
XC316501,20 dB,20.0,0.914173,0.8139647999999999,2937
XC721763,20 dB,20.0,0.918169,0.8942998,2937
XC581276,20 dB,20.0,0.915806,0.9186552000000001,2937
XC717216,20 dB,20.0,0.958536,0.9743036,2937
XC221817,20 dB,20.0,0.923022,0.835244,2937
XC517143,20 dB,20.0,0.986972,0.9847122,2937
XC231228,20 dB,20.0,0.679557,0.06501760000000001,2937
XC405722,20 dB,20.0,0.933686,0.9393153999999999,2937
XC445976,20 dB,20.0,0.918166,0.9079941999999999,2937
XC246805,20 dB,20.0,0.913161,0.850901,2937
XC534122,20 dB,20.0,0.833753,0.8627542,2937
XC706582,20 dB,20.0,0.903726,0.9033633999999999,2937
XC338589,20 dB,20.0,0.784262,0.8026136000000001,2937
XC55896,20 dB,20.0,0.290612,0.2479678,2937
XC85441,20 dB,20.0,0.903909,0.8598074,2937
XC139310,20 dB,20.0,0.88058,0.7562770000000001,2937
XC634095,20 dB,20.0,0.977676,0.9785598,2937
XC75389,20 dB,20.0,0.85591,0.8268972,2937
XC490752,20 dB,20.0,0.367045,0.0,2937
XC518707,20 dB,20.0,0.869583,0.8916348,2937
XC986564,20 dB,20.0,0.955512,0.9534687999999999,2937
XC655146,20 dB,20.0,0.965176,0.9345762000000001,2937
XC13440,20 dB,20.0,0.88044,0.8760064,2937
XC798139,20 dB,20.0,0.956935,0.9382106,2937
XC754086,20 dB,20.0,0.900997,0.8625722,2937
XC71650,20 dB,20.0,0.897773,0.765252,2937
XC96248,20 dB,20.0,0.927022,0.9093593999999999,2937
XC221825,20 dB,20.0,0.898397,0.8848246,2937
XC24402,20 dB,20.0,0.380058,0.0,2937
XC1035652,20 dB,20.0,0.886322,0.8839638000000001,2937
XC299585,20 dB,20.0,0.106018,0.0215982,2937
XC1158134,20 dB,20.0,0.97526,0.8467058,2937
XC274330,20 dB,20.0,0.954751,0.9409124,2937
XC122570,20 dB,20.0,0.805512,0.7735336,2937
XC845930,20 dB,20.0,0.588123,0.36866180000000004,2937
XC845925,20 dB,20.0,0.242404,0.238715,2937
XC683512,20 dB,20.0,0.931673,0.8979416,2937
XC535969,20 dB,20.0,0.804689,0.8130026000000001,2937
XC17377,20 dB,20.0,0.898122,0.8419912,2937
XC1050491,20 dB,20.0,0.277223,0.1649084,2937
XC504868,20 dB,20.0,0.194871,0.0,2937
XC117340,20 dB,20.0,0.890727,0.869798,2937
XC972929,20 dB,20.0,0.924839,0.8634286,2937
XC441801,20 dB,20.0,0.936414,0.9324386,2937
XC1183766,20 dB,20.0,0.875868,0.8326336,2937
XC525927,20 dB,20.0,0.859071,0.885792,2937
XC767437,20 dB,20.0,0.69196,0.5984474000000001,2937
XC217863,20 dB,20.0,0.866248,0.6337756000000001,2937
XC14389,20 dB,20.0,0.964511,0.922166,2937
XC38734,20 dB,20.0,0.877804,0.9321878,2937
XC214472,20 dB,20.0,0.141837,0.07097099999999999,2937
XC124861,20 dB,20.0,0.95014,0.9583048,2937
XC481241,20 dB,20.0,0.843352,0.9015606,2937
XC830857,20 dB,20.0,0.872911,0.8481386000000001,2937
XC472327,20 dB,20.0,0.411006,0.37913579999999997,2937
XC638200,20 dB,20.0,0.991364,0.9880392,2937
XC102373,20 dB,20.0,0.970352,0.9701856,2937
XC973627,20 dB,20.0,0.942677,0.93658,2937
XC783213,20 dB,20.0,0.976321,0.9760928,2937
XC285539,20 dB,20.0,0.926844,0.8340493999999999,2937
XC840280,20 dB,20.0,0.627569,0.6113716,2937
XC686179,20 dB,20.0,0.669063,0.6906694,2937
XC522227,20 dB,20.0,0.965201,0.9086909999999999,2937
XC613866,20 dB,20.0,0.201546,0.1698718,2937
XC1079151,20 dB,20.0,0.926106,0.9204614,2937
XC4273,20 dB,20.0,0.464824,0.4120742,2937
XC27219,20 dB,20.0,0.924061,0.9114652,2937
XC1153864,20 dB,20.0,0.972917,0.981406,2937
XC358477,20 dB,20.0,0.986076,0.9831932,2937
XC453865,20 dB,20.0,0.976955,0.9709894,2937
XC407355,20 dB,20.0,0.890896,0.885565,2937
XC1072155,20 dB,20.0,0.846559,0.8636481999999999,2937
XC615156,20 dB,20.0,0.613939,0.7005974,2937
XC55899,20 dB,20.0,0.839612,0.7400990000000001,2937
XC783221,20 dB,20.0,0.984422,0.9831141999999999,2937
XC127195,20 dB,20.0,0.957645,0.9552184,2937
XC411738,20 dB,20.0,0.976022,0.964743,2937
XC482162,20 dB,20.0,0.725055,0.6620382,2937
XC500971,20 dB,20.0,0.983173,0.9726224,2937
XC270978,20 dB,20.0,0.947821,0.9417764,2937
XC767476,20 dB,20.0,0.889832,0.8672892000000001,2937
XC156004,20 dB,20.0,0.65145,0.5038456,2937
XC23785,20 dB,20.0,0.927907,0.9214526,2937
XC340050,20 dB,20.0,0.774549,0.7334056,2937
XC239751,20 dB,20.0,0.46578,0.10746439999999999,2937
XC827713,20 dB,20.0,0.924339,0.916933,2937
XC188288,20 dB,20.0,0.396677,0.3041928,2937
XC42251,20 dB,20.0,0.580256,0.5499476,2937
XC411906,20 dB,20.0,0.932251,0.8963395999999999,2937
XC428202,20 dB,20.0,0.720835,0.6832072,2937
XC412494,20 dB,20.0,0.969389,0.9437836000000001,2937
XC862959,20 dB,20.0,0.875641,0.8845782,2937
XC564679,20 dB,20.0,0.892588,0.8042670000000001,2937
XC117865,20 dB,20.0,0.717621,0.6543517999999999,2937
XC231253,20 dB,20.0,0.334914,0.26082,2937
XC781297,20 dB,20.0,0.832448,0.3272618,2937
XC238667,20 dB,20.0,0.983617,0.9879066,2937
XC221824,20 dB,20.0,0.893416,0.8898216,2937
XC609240,20 dB,20.0,0.959325,0.9555672,2937
XC925556,20 dB,20.0,0.883731,0.877097,2937
XC845931,20 dB,20.0,0.30269,0.2779416,2937
XC231255,20 dB,20.0,0.882677,0.8272652,2937
XC821609,20 dB,20.0,0.929533,0.9316732,2937
XC448917,20 dB,20.0,0.827845,0.7847128,2937
XC429775,20 dB,20.0,0.88052,0.8368634,2937
XC261512,20 dB,20.0,0.94806,0.7820714000000001,2937
XC14717,20 dB,20.0,0.503648,0.42178760000000004,2937
XC517128,20 dB,20.0,0.960652,0.9540696000000001,2937
XC404570,20 dB,20.0,0.544318,0.6214796,2937
XC1966,20 dB,20.0,0.70589,0.6400842,2937
XC424036,20 dB,20.0,0.963248,0.964101,2937
XC441760,20 dB,20.0,0.862359,0.8925872,2937
XC231240,20 dB,20.0,0.907188,0.9203514,2937
XC154635,20 dB,20.0,0.107439,0.0430052,2937
XC1097697,20 dB,20.0,0.786031,0.7738348,2937
XC477199,20 dB,20.0,0.834651,0.7903426,2937
XC986717,20 dB,20.0,0.948932,0.9416399999999999,2937
XC16707,20 dB,20.0,0.858749,0.8429694,2937
XC329090,20 dB,20.0,0.950461,0.9473246,2937
XC212996,20 dB,20.0,0.784294,0.7930104,2937
XC198702,20 dB,20.0,0.897687,0.8799446,2937
XC1080577,20 dB,20.0,0.254559,0.035916,2937
XC378623,20 dB,20.0,0.704059,0.7078006,2937
XC88143,20 dB,20.0,0.983848,0.993981,2937
XC83256,20 dB,20.0,0.979878,0.9803434,2937
XC794786,20 dB,20.0,0.582557,0.568894,2937
XC670077,20 dB,20.0,0.957765,0.9678848,2937
XC239088,20 dB,20.0,0.925883,0.9155124000000001,2937
XC648856,20 dB,20.0,0.645345,0.65861,2937
XC949767,20 dB,20.0,0.874933,0.7725722,2937
XC363225,20 dB,20.0,0.962641,0.9510296,2937
XC239094,20 dB,20.0,0.636901,0.5063746,2937
XC534790,20 dB,20.0,0.47094,0.18963839999999998,2937
XC65583,20 dB,20.0,0.892624,0.8463347999999999,2937
XC401414,20 dB,20.0,0.984981,0.9800882,2937
XC524937,20 dB,20.0,0.700136,0.6199768,2937
XC506369,20 dB,20.0,0.923189,0.9064228,2937
XC139218,20 dB,20.0,0.917806,0.8908034,2937
XC949778,20 dB,20.0,0.908542,0.8610476,2937
XC763566,20 dB,20.0,0.958586,0.9587085999999999,2937
XC683923,20 dB,20.0,0.920795,0.8968318,2937
XC102709,20 dB,20.0,0.918509,0.9133754,2937
XC1086248,20 dB,20.0,0.986651,0.9880869999999999,2937
XC94649,20 dB,20.0,0.699149,0.7376554000000001,2937
XC221833,20 dB,20.0,0.927079,0.9223790000000001,2937
XC51834,20 dB,20.0,0.129663,0.0,2937
XC467767,20 dB,20.0,0.413303,0.2058676,2937
XC88478,20 dB,20.0,0.92202,0.9227542,2937
XC411236,20 dB,20.0,0.964311,0.9404852,2937
XC426307,20 dB,20.0,0.930034,0.9158569999999999,2937
XC156005,20 dB,20.0,0.544948,0.2926626,2937
XC494772,20 dB,20.0,0.709291,0.7233898,2937
XC371531,20 dB,20.0,0.91908,0.9241872000000001,2937
XC297011,20 dB,20.0,0.94559,0.9029959999999999,2937
XC231239,20 dB,20.0,0.8883,0.8799642000000001,2937
XC1069396,20 dB,20.0,0.942491,0.8654856000000001,2937
XC117974,20 dB,20.0,0.848518,0.8391354,2937
XC539735,20 dB,20.0,0.756982,0.7161936,2937
XC845943,20 dB,20.0,0.311186,0.0,2937
XC138343,20 dB,20.0,0.490404,0.46584440000000005,2937
XC463536,20 dB,20.0,0.962728,0.9114844,2937
XC416308,20 dB,20.0,0.55394,0.5017579999999999,2937
XC231230,20 dB,20.0,0.245251,0.23980799999999997,2937
XC9804,20 dB,20.0,0.963078,0.9558386000000001,2937
XC456284,20 dB,20.0,0.895501,0.8854228,2937
XC862957,20 dB,20.0,0.856431,0.8627812,2937
XC45159,20 dB,20.0,0.928685,0.9394064,2937
XC199971,20 dB,20.0,0.693531,0.5993828,2937
XC890988,20 dB,20.0,0.67995,0.7047952000000001,2937
XC557617,20 dB,20.0,0.894189,0.8927032,2937
XC1174806,20 dB,20.0,0.809549,0.6961695999999999,2937
XC1145896,20 dB,20.0,0.926722,0.9014606000000001,2937
XC1053048,20 dB,20.0,0.331722,0.3309356,2937
XC955810,20 dB,20.0,0.960967,0.955366,2937
XC403323,20 dB,20.0,0.939834,0.936139,2937
XC939484,20 dB,20.0,0.904145,0.8798208000000001,2937
XC954987,20 dB,20.0,0.948716,0.8901914,2937
XC127798,20 dB,20.0,0.893039,0.8970012,2937
XC845940,20 dB,20.0,0.314995,0.0,2937
XC231254,20 dB,20.0,0.484203,0.2125088,2937
XC221830,20 dB,20.0,0.899033,0.904663,2937
XC6881,20 dB,20.0,0.970285,0.9468164,2937
XC122731,20 dB,20.0,0.959754,0.9530526,2937
XC845942,20 dB,20.0,0.171723,0.1465752,2937
XC526192,20 dB,20.0,0.859763,0.8627483999999999,2937
XC965394,20 dB,20.0,0.965616,0.9355734,2937
XC231256,20 dB,20.0,0.280726,0.19693480000000002,2937
XC231247,20 dB,20.0,0.866314,0.8686832000000001,2937
XC845956,20 dB,20.0,0.294957,0.146973,2937
XC1155311,20 dB,20.0,0.900224,0.8832384,2937
XC521537,20 dB,20.0,0.52785,0.42960719999999997,2937
XC472326,20 dB,20.0,0.931697,0.9364276,2937
XC403446,20 dB,20.0,0.875142,0.8606263999999999,2937
XC20908,20 dB,20.0,0.989463,0.959642,2937
XC231251,20 dB,20.0,0.164227,0.1710934,2937
XC174540,20 dB,20.0,0.396152,0.399471,2937
XC125592,20 dB,20.0,0.295604,0.3074376,2937
XC604135,20 dB,20.0,0.952876,0.9362484,2937
XC657183,20 dB,20.0,0.966807,0.9486486,2937
XC562438,20 dB,20.0,0.97684,0.9789588,2937
XC251988,20 dB,20.0,0.923784,0.882407,2937
XC103034,20 dB,20.0,0.836477,0.8324277999999999,2937
XC85038,20 dB,20.0,0.945542,0.9403608,2937
XC5794,20 dB,20.0,0.96855,0.9419542,2937
XC412960,20 dB,20.0,0.980004,0.9616047999999999,2937
XC238664,20 dB,20.0,0.963846,0.956734,2937
XC1079796,20 dB,20.0,0.860794,0.8689192,2937
XC231241,20 dB,20.0,0.970232,0.9699038,2937
XC85231,20 dB,20.0,0.458444,0.4314086,2937
XC27770,20 dB,20.0,0.92866,0.9193896,2937
XC178777,20 dB,20.0,0.881876,0.885283,2937
XC91953,20 dB,20.0,0.859503,0.710113,2937
XC490387,20 dB,20.0,0.917991,0.8956428000000001,2937
XC64283,20 dB,20.0,0.133162,0.13911959999999998,2937
XC947776,20 dB,20.0,0.901908,0.8867495999999999,2937
XC33200,20 dB,20.0,0.949788,0.9114397999999999,2937
XC95956,20 dB,20.0,0.971933,0.9517588,2937
XC306288,20 dB,20.0,0.952103,0.9419740000000001,2937
XC1145895,20 dB,20.0,0.722522,0.732792,2937
XC143922,20 dB,20.0,0.943145,0.9142984000000001,2937
XC236216,20 dB,20.0,0.86777,0.849312,2937
XC1030177,20 dB,20.0,0.924075,0.9034397999999999,2937
XC127833,20 dB,20.0,0.867082,0.8410678,2937
XC736610,20 dB,20.0,0.393364,0.22867159999999997,2937
XC294134,20 dB,20.0,0.404846,0.35016579999999997,2937
XC939585,20 dB,20.0,0.906872,0.8926634,2937
XC143839,20 dB,20.0,0.987946,0.8393322,2937
XC319116,20 dB,20.0,0.595621,0.598571,2937
XC239089,20 dB,20.0,0.947482,0.9320862,2937
XC407245,20 dB,20.0,0.916807,0.9088304,2937
XC979863,20 dB,20.0,0.933665,0.9377038000000001,2937
XC129346,20 dB,20.0,0.920774,0.891929,2937
XC317551,20 dB,20.0,0.82604,0.7748632,2937
XC684991,20 dB,20.0,0.834303,0.7922572000000001,2937
XC327123,20 dB,20.0,0.978448,0.9576038,2937
XC310821,20 dB,20.0,0.896968,0.8849826000000001,2937
XC54926,20 dB,20.0,0.583686,0.5289756000000001,2937
XC1054653,20 dB,20.0,0.46942,0.45798740000000004,2937
XC609645,20 dB,20.0,0.969341,0.9725466,2937
XC517016,20 dB,20.0,0.962143,0.9623652,2937
XC441802,20 dB,20.0,0.963091,0.9514289999999999,2937
XC387892,20 dB,20.0,0.792969,0.7560274,2937
XC138930,20 dB,20.0,0.122667,0.1255214,2937
XC15687,20 dB,20.0,0.951353,0.9289842,2937
XC261510,20 dB,20.0,0.966676,0.9660128,2937
XC55535,20 dB,20.0,0.914343,0.9029822,2937
XC238214,20 dB,20.0,0.944632,0.9429076000000001,2937
XC217696,20 dB,20.0,0.951976,0.943624,2937
XC498506,20 dB,20.0,0.966808,0.9633898000000001,2937
XC102708,20 dB,20.0,0.922939,0.9281929999999999,2937
XC935058,20 dB,20.0,0.958583,0.9578887999999999,2937
XC273513,20 dB,20.0,0.963068,0.9619112,2937
XC44074,20 dB,20.0,0.89931,0.8951722,2937
XC324374,20 dB,20.0,0.958557,0.951524,2937
XC955637,20 dB,20.0,0.957475,0.9456597999999999,2937
XC257242,20 dB,20.0,0.924715,0.9019514000000001,2937
XC862962,20 dB,20.0,0.146104,0.0,2937
XC17471,20 dB,20.0,0.955303,0.9398289999999999,2937
XC392044,20 dB,20.0,0.943006,0.8948425999999999,2937
XC955636,20 dB,20.0,0.948957,0.9483485999999999,2937
XC354202,20 dB,20.0,0.944389,0.9478228,2937
XC633783,20 dB,20.0,0.623414,0.6204062,2937
XC273498,20 dB,20.0,0.949715,0.9211066000000001,2937
XC65407,20 dB,20.0,0.884757,0.7351178,2937
XC151451,20 dB,20.0,0.213456,0.183009,2937
XC424382,20 dB,20.0,0.956632,0.9437277999999999,2937
XC231246,20 dB,20.0,0.653683,0.6095434,2937
XC488706,20 dB,20.0,0.88248,0.8541736,2937
XC412497,20 dB,20.0,0.948498,0.9196614000000001,2937
XC474901,20 dB,20.0,0.205299,0.2054092,2937
XC14762,20 dB,20.0,0.927126,0.9006449999999999,2937
XC1086381,20 dB,20.0,0.886897,0.8752428,2937
XC698534,20 dB,20.0,0.951937,0.947995,2937
XC493928,20 dB,20.0,0.881536,0.8825578000000001,2937
XC221889,20 dB,20.0,0.955912,0.9598954,2937
XC871979,20 dB,20.0,0.438546,0.47995220000000005,2937
XC1183120,20 dB,20.0,0.919984,0.8921746,2937
XC427268,20 dB,20.0,0.945185,0.9552108,2937
XC278336,20 dB,20.0,0.318817,0.23060460000000002,2937
XC456424,20 dB,20.0,0.917123,0.9161954,2937
XC221823,20 dB,20.0,0.912146,0.8898440000000001,2937
XC221819,20 dB,20.0,0.541774,0.15555159999999998,2937
XC482184,20 dB,20.0,0.870927,0.7278544,2937
XC1140033,20 dB,20.0,0.962315,0.9388864,2937
XC119754,20 dB,20.0,0.94315,0.9408158,2937
XC1183710,20 dB,20.0,0.762077,0.7769492,2937
XC1071354,20 dB,20.0,0.913183,0.9037306,2937
XC209067,20 dB,20.0,0.694472,0.5500662000000001,2937
XC395953,20 dB,20.0,0.943995,0.9425343999999999,2937
XC821655,20 dB,20.0,0.930701,0.9289913999999999,2937
XC51086,20 dB,20.0,0.91932,0.9319240000000001,2937
XC817213,20 dB,20.0,0.638012,0.6367878,2937
XC514469,20 dB,20.0,0.944427,0.46956220000000004,2937
XC9841,20 dB,20.0,0.879844,0.8813234,2937
XC517124,20 dB,20.0,0.961828,0.9832894,2937
XC982173,20 dB,20.0,0.937751,0.9291959999999999,2937
XC107758,20 dB,20.0,0.983693,0.9798304,2937
XC131496,20 dB,20.0,0.81171,0.5249050000000001,2937
XC248415,20 dB,20.0,0.811545,0.7446128,2937
XC98243,20 dB,20.0,0.9716,0.9657622,2937
XC516642,20 dB,20.0,0.986193,0.9853584,2937
XC517207,20 dB,20.0,0.995766,0.9917722,2937
XC154455,20 dB,20.0,0.923089,0.9085896,2937
XC789276,20 dB,20.0,0.928808,0.9365266,2937
XC85035,20 dB,20.0,0.904354,0.7907708,2937
XC735433,20 dB,20.0,0.961353,0.9593914,2937
XC94148,20 dB,20.0,0.127418,0.0,2937
XC87826,20 dB,20.0,0.212629,0.1447888,2937
XC441799,20 dB,20.0,0.911705,0.9114388,2937
XC755231,20 dB,20.0,0.499841,0.4165094,2937
XC909281,20 dB,20.0,0.906398,0.8964676,2937
XC117477,20 dB,20.0,0.935149,0.9404513999999999,2937
XC422786,20 dB,20.0,0.683521,0.215239,2937
XC835840,20 dB,20.0,0.829975,0.8170762,2937
XC356321,20 dB,20.0,0.197177,0.10307999999999999,2937
XC1050464,20 dB,20.0,0.823583,0.8125776,2937
XC272385,20 dB,20.0,0.890658,0.8833576000000001,2937
XC231229,20 dB,20.0,0.883668,0.8732236,2937
XC1154894,20 dB,20.0,0.940123,0.958217,2937
XC952953,20 dB,20.0,0.388651,0.3230964,2937
XC1139472,20 dB,20.0,0.934656,0.938169,2937
XC965436,20 dB,20.0,0.921889,0.3778464,2937
XC287483,20 dB,20.0,0.895424,0.788859,2937
XC1148602,20 dB,20.0,0.885614,0.8874040000000001,2937
XC755087,20 dB,20.0,0.890498,0.8884176,2937
XC348749,20 dB,20.0,0.440264,0.4469988,2937
XC1139335,20 dB,20.0,0.941253,0.9469025999999999,2937
XC906802,20 dB,20.0,0.868116,0.8620490000000001,2937
XC514427,20 dB,20.0,0.994874,0.9879263999999999,2937
XC221884,20 dB,20.0,0.939821,0.9336862,2937
XC328485,20 dB,20.0,0.867276,0.8405267999999999,2937
XC947013,20 dB,20.0,0.983978,0.9793328000000001,2937
XC1045020,20 dB,20.0,0.820034,0.8200018,2937
XC272432,20 dB,20.0,0.926324,0.8969950000000001,2937
XC816988,20 dB,20.0,0.383442,0.355295,2937
XC401416,20 dB,20.0,0.97609,0.9672074,2937
XC687030,20 dB,20.0,0.125029,0.11053760000000001,2937
XC69225,20 dB,20.0,0.803632,0.7399818,2937
XC514445,20 dB,20.0,0.572583,0.4980688,2937
XC119918,20 dB,20.0,0.863915,0.8379913999999999,2937
XC1044074,20 dB,20.0,0.946627,0.927084,2937
XC526191,20 dB,20.0,0.951054,0.9216952,2937
XC176340,20 dB,20.0,0.852768,0.7874036,2937
XC591392,20 dB,20.0,0.714615,0.701813,2937
XC482161,20 dB,20.0,0.189195,0.1835402,2937
XC143840,20 dB,20.0,0.972385,0.9703244,2937
XC272431,20 dB,20.0,0.947531,0.8989611999999999,2937
XC4928,20 dB,20.0,0.925794,0.8832592,2937
XC556640,20 dB,20.0,0.917597,0.8643447999999999,2937
XC119753,20 dB,20.0,0.939668,0.8734138,2937
XC63326,20 dB,20.0,0.937032,0.9215298000000001,2937
XC517346,20 dB,20.0,0.988623,0.9512764,2937
XC22499,20 dB,20.0,0.743858,0.2645572,2937
XC84830,20 dB,20.0,0.956303,0.8884252,2937
XC536532,20 dB,20.0,0.877189,0.5982286,2937
XC686892,20 dB,20.0,0.950728,0.9492889999999999,2937
XC614721,20 dB,20.0,0.497506,0.3898184,2937
XC469140,20 dB,20.0,0.972249,0.9701891999999999,2937
XC231257,20 dB,20.0,0.780272,0.8019614,2937
XC834116,20 dB,20.0,0.208521,0.1282486,2937
XC557624,20 dB,20.0,0.848351,0.6694370000000001,2937
XC342395,20 dB,20.0,0.927547,0.9219073999999999,2937
XC1152548,20 dB,20.0,0.84203,0.8493888,2937
XC371202,20 dB,20.0,0.703977,0.7961774,2937
XC845939,20 dB,20.0,0.123583,0.0,2937
XC1003005,20 dB,20.0,0.976654,0.9717256000000001,2937
XC282307,20 dB,20.0,0.963249,0.9532502,2937
XC92766,20 dB,20.0,0.927759,0.9241248000000001,2937
XC221888,20 dB,20.0,0.960359,0.9572267999999999,2937
XC712644,20 dB,20.0,0.984766,0.9768100000000001,2937
XC84099,20 dB,20.0,0.846008,0.7606086000000001,2937
XC958222,20 dB,20.0,0.644931,0.5795429999999999,2937
XC928650,20 dB,20.0,0.893114,0.895516,2937
XC1177099,20 dB,20.0,0.810119,0.8571088,2937
XC1148572,20 dB,20.0,0.885614,0.889428,2937
XC701270,20 dB,20.0,0.122001,0.0,2937
XC391377,20 dB,20.0,0.94062,0.9271967999999999,2937
XC965403,20 dB,20.0,0.947027,0.8449688,2937
XC517268,20 dB,20.0,0.970977,0.9661709999999999,2937
XC213013,20 dB,20.0,0.899183,0.8940406,2937
XC973631,20 dB,20.0,0.959938,0.9525204,2937
XC538980,20 dB,20.0,0.786178,0.7786812000000001,2937
XC767477,20 dB,20.0,0.831636,0.7586128000000001,2937
XC41669,20 dB,20.0,0.429818,0.4510382,2937
XC245531,20 dB,20.0,0.95997,0.9520783999999999,2937
XC984336,20 dB,20.0,0.932371,0.9190028,2937
XC1175234,20 dB,20.0,0.138143,0.1435306,2937
XC917448,20 dB,20.0,0.832961,0.8370662,2937
XC504867,20 dB,20.0,0.78847,0.5923044,2937
XC279384,20 dB,20.0,0.479092,0.47059740000000005,2937
XC90249,20 dB,20.0,0.198281,0.09250799999999999,2937
XC812155,20 dB,20.0,0.94078,0.8844692000000001,2937
XC469821,20 dB,20.0,0.930713,0.9379730000000001,2937
XC154943,20 dB,20.0,0.883907,0.6812273999999999,2937
XC163930,20 dB,20.0,0.649628,0.6924112,2937
XC490758,20 dB,20.0,0.757959,0.7850045999999999,2937
XC1022373,20 dB,20.0,0.96747,0.9641368,2937
XC430095,20 dB,20.0,0.97161,0.9703492,2937
XC533161,20 dB,20.0,0.982783,0.9798452000000001,2937
XC282032,20 dB,20.0,0.877878,0.8699315999999999,2937
XC490293,20 dB,20.0,0.978479,0.977951,2937
XC761130,20 dB,20.0,0.951029,0.9419772,2937
XC955233,20 dB,20.0,0.930579,0.9254192,2937
XC702518,20 dB,20.0,0.88354,0.8556536000000001,2937
XC603629,20 dB,20.0,0.86386,0.7617688,2937
XC558634,20 dB,20.0,0.883588,0.8264962,2937
XC833574,20 dB,20.0,0.184512,0.10249939999999999,2937
XC420398,20 dB,20.0,0.905719,0.9092796,2937
XC27975,20 dB,20.0,0.985678,0.852435,2937
XC762416,20 dB,20.0,0.102269,0.0683478,2937
XC818009,20 dB,20.0,0.976418,0.9745792,2937
XC1050283,20 dB,20.0,0.839031,0.873475,2937
XC449327,20 dB,20.0,0.123884,0.3294898,2937
XC659681,20 dB,20.0,0.960899,0.9653136,2937
XC236333,20 dB,20.0,0.966219,0.945517,2937
XC703161,20 dB,20.0,0.972008,0.9428297999999999,2937
XC925207,20 dB,20.0,0.10175,0.045108800000000004,2937
XC551209,20 dB,20.0,0.481609,0.49830399999999997,2937
XC376971,20 dB,20.0,0.960187,0.9673274,2937
XC794809,20 dB,20.0,0.940513,0.9149866,2937
XC66065,20 dB,20.0,0.923718,0.9555076,2937
XC51363,20 dB,20.0,0.927642,0.8952652000000001,2937
XC190782,20 dB,20.0,0.201111,0.0460146,2937
XC160185,20 dB,20.0,0.972128,0.937271,2937
XC692916,20 dB,20.0,0.966495,0.9630756,2937
XC715257,20 dB,20.0,0.835332,0.6477094,2937
XC983661,20 dB,20.0,0.901491,0.9032218000000001,2937
XC542734,20 dB,20.0,0.899199,0.09563420000000002,2937
XC16680,20 dB,20.0,0.690701,0.5957714000000001,2937
XC897709,20 dB,20.0,0.87178,0.8105689999999999,2937
XC498927,20 dB,20.0,0.504711,0.33970700000000004,2937
XC352950,20 dB,20.0,0.90091,0.8693072000000001,2937
XC441695,20 dB,20.0,0.956548,0.9537222,2937
XC571970,20 dB,20.0,0.972721,0.9688133999999999,2937
XC174582,20 dB,20.0,0.70042,0.7040748000000001,2937
XC237923,20 dB,20.0,0.491938,0.5642612,2937
XC585614,20 dB,20.0,0.979903,0.9755378,2937
XC437274,20 dB,20.0,0.973214,0.9734954,2937
XC333854,20 dB,20.0,0.961048,0.9608288,2937
XC880219,20 dB,20.0,0.563825,0.166163,2937
XC627023,20 dB,20.0,0.381586,0.3786204,2937
XC482096,20 dB,20.0,0.675901,0.7075412,2937
XC1090752,20 dB,20.0,0.973288,0.9110358,2937
XC433619,20 dB,20.0,0.980481,0.9820392,2937
XC238769,20 dB,20.0,0.957853,0.948849,2937
XC216153,20 dB,20.0,0.965246,0.9503106000000001,2937
XC637434,20 dB,20.0,0.966803,0.9689992000000001,2937
XC1150946,20 dB,20.0,0.959932,0.909825,2937
XC927796,20 dB,20.0,0.935611,0.9351432,2937
XC603346,20 dB,20.0,0.888621,0.877966,2937
XC935490,20 dB,20.0,0.919407,0.9155111999999999,2937
XC919070,20 dB,20.0,0.96747,0.9631320000000001,2937
XC709974,20 dB,20.0,0.934628,0.9293924,2937
XC393807,20 dB,20.0,0.674772,0.6728126,2937
XC547138,20 dB,20.0,0.922555,0.9337278,2937
XC720796,20 dB,20.0,0.943887,0.9368155999999999,2937
XC1065705,20 dB,20.0,0.894633,0.8108478,2937
XC804803,20 dB,20.0,0.428788,0.418323,2937
XC164104,20 dB,20.0,0.901521,0.9124244000000001,2937
XC687791,20 dB,20.0,0.921405,0.9202682,2937
XC900272,20 dB,20.0,0.980271,0.9791996,2937
XC847148,20 dB,20.0,0.913637,0.9099116,2937
XC808615,20 dB,20.0,0.948905,0.7553126,2937
XC816269,20 dB,20.0,0.969209,0.9667014,2937
XC585536,20 dB,20.0,0.721815,0.685195,2937
XC387118,20 dB,20.0,0.940904,0.947726,2937
XC266736,20 dB,20.0,0.959779,0.9716284,2937
XC862711,20 dB,20.0,0.294506,0.359124,2937
XC319234,20 dB,20.0,0.785824,0.6548496,2937
XC747476,20 dB,20.0,0.866857,0.8229084,2937
XC946633,20 dB,20.0,0.864568,0.8572621999999999,2937
XC96532,20 dB,20.0,0.964849,0.9563371999999999,2937
XC993657,20 dB,20.0,0.834866,0.782127,2937
XC254120,20 dB,20.0,0.961837,0.953289,2937
XC958827,20 dB,20.0,0.946179,0.9232853999999999,2937
XC138789,20 dB,20.0,0.919208,0.9100518000000001,2937
XC895115,20 dB,20.0,0.824468,0.7754226,2937
XC416702,20 dB,20.0,0.967501,0.9523446,2937
XC881430,20 dB,20.0,0.931935,0.9248564,2937
XC86404,20 dB,20.0,0.775527,0.814386,2937
XC640190,20 dB,20.0,0.546191,0.5541510000000001,2937
XC544314,20 dB,20.0,0.956962,0.9547077999999999,2937
XC817420,20 dB,20.0,0.92322,0.9029328,2937
XC186102,20 dB,20.0,0.922676,0.9425380000000001,2937
XC814143,20 dB,20.0,0.94553,0.9387406,2937
XC757075,20 dB,20.0,0.598988,0.3229908,2937
XC724313,20 dB,20.0,0.983262,0.9834644000000001,2937
XC710866,20 dB,20.0,0.961306,0.949101,2937
XC307123,20 dB,20.0,0.904922,0.9157714,2937
XC495462,20 dB,20.0,0.962317,0.9186226,2937
XC442988,20 dB,20.0,0.951163,0.9396755999999999,2937
XC54251,20 dB,20.0,0.53766,0.2624984,2937
XC480059,20 dB,20.0,0.958392,0.9554805999999999,2937
XC532294,20 dB,20.0,0.763253,0.7497138,2937
XC1001205,20 dB,20.0,0.765956,0.7795574000000001,2937
XC843135,20 dB,20.0,0.964466,0.9687462,2937
XC1180487,20 dB,20.0,0.899942,0.9023467999999999,2937
XC1135889,20 dB,20.0,0.952075,0.9451748,2937
XC549979,20 dB,20.0,0.954791,0.9516133999999999,2937
XC178529,20 dB,20.0,0.935735,0.8560079999999999,2937
XC864130,20 dB,20.0,0.868628,0.8654818000000001,2937
XC829903,20 dB,20.0,0.926304,0.9089282000000001,2937
XC330572,20 dB,20.0,0.960441,0.9654458,2937
XC1176267,20 dB,20.0,0.987965,0.989992,2937
XC27091,20 dB,20.0,0.979756,0.9592822,2937
XC40140,20 dB,20.0,0.599019,0.4565206,2937
XC233039,20 dB,20.0,0.964314,0.9554022,2937
XC507180,20 dB,20.0,0.952988,0.9184704,2937
XC58707,20 dB,20.0,0.960995,0.942355,2937
XC827140,20 dB,20.0,0.861568,0.8515204000000001,2937
XC416923,20 dB,20.0,0.962047,0.830955,2937
XC1087301,20 dB,20.0,0.951339,0.9464178000000001,2937
XC712320,20 dB,20.0,0.860232,0.8608406000000001,2937
XC368447,20 dB,20.0,0.960181,0.9471786,2937
XC1163554,20 dB,20.0,0.671025,0.844619,2937
XC161888,20 dB,20.0,0.915881,0.9004612,2937
XC722485,20 dB,20.0,0.918839,0.8809104,2937
XC630605,20 dB,20.0,0.95238,0.9390104000000001,2937
XC126403,20 dB,20.0,0.966353,0.9534562000000001,2937
XC607494,20 dB,20.0,0.941351,0.9127972,2937
XC547426,20 dB,20.0,0.340662,0.3335988,2937
XC72727,20 dB,20.0,0.97281,0.948578,2937
XC608718,20 dB,20.0,0.911513,0.9174386,2937
XC1011624,20 dB,20.0,0.943195,0.9377118,2937
XC139835,20 dB,20.0,0.136657,0.1376808,2937
XC421360,20 dB,20.0,0.770711,0.7606438,2937
XC492561,20 dB,20.0,0.960829,0.9604900000000001,2937
XC938778,20 dB,20.0,0.783824,0.7791606,2937
XC632068,20 dB,20.0,0.966223,0.9583864,2937
XC35236,20 dB,20.0,0.118828,0.0,2937
XC1049856,20 dB,20.0,0.950807,0.9578818,2937
XC991353,20 dB,20.0,0.471723,0.32644419999999996,2937
XC521196,20 dB,20.0,0.964634,0.8835776,2937
XC594445,20 dB,20.0,0.624743,0.5072394,2937
XC668732,20 dB,20.0,0.417321,0.339372,2937
XC604692,20 dB,20.0,0.968353,0.9617872000000001,2937
XC126289,20 dB,20.0,0.863094,0.7820012000000001,2937
XC982035,20 dB,20.0,0.901792,0.9073392,2937
XC606202,20 dB,20.0,0.940269,0.916919,2937
XC991990,20 dB,20.0,0.908226,0.9022148,2937
XC395769,20 dB,20.0,0.786923,0.7069018,2937
XC348022,20 dB,20.0,0.96331,0.954046,2937
XC458926,20 dB,20.0,0.953898,0.9414306,2937
XC24934,20 dB,20.0,0.95463,0.965193,2937
XC147651,20 dB,20.0,0.919238,0.9184104,2937
XC1083085,20 dB,20.0,0.832153,0.8374984,2937
XC799489,20 dB,20.0,0.955244,0.9462954,2937
XC517012,20 dB,20.0,0.951382,0.948834,2937
XC998780,20 dB,20.0,0.968062,0.9547433999999999,2937
XC234612,20 dB,20.0,0.974638,0.962317,2937
XC871704,20 dB,20.0,0.945303,0.9437572,2937
XC650591,20 dB,20.0,0.1681,0.0,2937
XC288411,20 dB,20.0,0.893793,0.8828403999999999,2937
XC701838,20 dB,20.0,0.901601,0.7989064,2937
XC152240,20 dB,20.0,0.84859,0.8547098,2937
XC16332,20 dB,20.0,0.904538,0.6468654,2937
XC813660,20 dB,20.0,0.988562,0.9904265999999999,2937
XC151807,20 dB,20.0,0.445331,0.3195096,2937
XC407889,20 dB,20.0,0.930524,0.946729,2937
XC136045,20 dB,20.0,0.983876,0.9629894,2937
XC1058305,20 dB,20.0,0.727585,0.7617666,2937
XC883734,20 dB,20.0,0.419303,0.5641792000000001,2937
XC570910,20 dB,20.0,0.832766,0.8530276000000001,2937
XC1140305,20 dB,20.0,0.966476,0.9541948,2937
XC1068115,20 dB,20.0,0.522404,0.19324919999999998,2937
XC927579,20 dB,20.0,0.937626,0.947307,2937
XC702509,20 dB,20.0,0.89704,0.8827286000000001,2937
XC564146,20 dB,20.0,0.962737,0.9700966,2937
XC238441,20 dB,20.0,0.931105,0.9165618,2937
XC177146,20 dB,20.0,0.967428,0.9718758,2937
XC64022,20 dB,20.0,0.783611,0.7443156,2937
XC482545,20 dB,20.0,0.939149,0.8799794000000001,2937
XC620243,20 dB,20.0,0.872009,0.7905583999999999,2937
XC1043757,20 dB,20.0,0.971667,0.9753336000000001,2937
XC252846,20 dB,20.0,0.922482,0.9285536000000001,2937
XC353721,20 dB,20.0,0.97393,0.9737584,2937
XC232558,20 dB,20.0,0.946507,0.9384842000000001,2937
XC192990,20 dB,20.0,0.909232,0.9056919999999999,2937
XC182848,20 dB,20.0,0.898726,0.9142122,2937
XC844118,20 dB,20.0,0.554758,0.5513364,2937
XC160497,20 dB,20.0,0.895213,0.8306319999999999,2937
XC1038622,20 dB,20.0,0.957807,0.9484058000000001,2937
XC684192,20 dB,20.0,0.936282,0.9113557999999999,2937
XC713423,20 dB,20.0,0.38931,0.30167,2937
XC48806,20 dB,20.0,0.774451,0.7081054,2937
XC1053479,20 dB,20.0,0.204305,0.1188302,2937
XC833314,20 dB,20.0,0.950159,0.952628,2937
XC256795,20 dB,20.0,0.96151,0.9592366,2937
XC506656,20 dB,20.0,0.948265,0.888448,2937
XC709620,20 dB,20.0,0.922921,0.9139548,2937
XC307546,20 dB,20.0,0.915525,0.8845015999999999,2937
XC448104,20 dB,20.0,0.964835,0.9358253999999999,2937
XC689680,20 dB,20.0,0.791986,0.7638431999999999,2937
XC605194,20 dB,20.0,0.961979,0.9644876,2937
XC341898,20 dB,20.0,0.381843,0.6505637999999999,2937
XC709197,20 dB,20.0,0.867196,0.8846436000000001,2937
XC545747,20 dB,20.0,0.168847,0.10612479999999999,2937
XC1067263,20 dB,20.0,0.916949,0.9338900000000001,2937
XC712200,20 dB,20.0,0.759481,0.7918166,2937
XC218954,20 dB,20.0,0.949845,0.928955,2937
XC954941,20 dB,20.0,0.877035,0.863332,2937
XC289508,20 dB,20.0,0.895491,0.8692814,2937
XC683817,20 dB,20.0,0.888287,0.8495696,2937
XC560150,20 dB,20.0,0.913721,0.9232837999999999,2937
XC94550,20 dB,20.0,0.879155,0.8715683999999999,2937
XC564102,20 dB,20.0,0.940057,0.9468238,2937
XC1104503,20 dB,20.0,0.96932,0.9673372,2937
XC302477,20 dB,20.0,0.787326,0.7853852,2937
XC160910,20 dB,20.0,0.768564,0.7227106,2937
XC482212,20 dB,20.0,0.848809,0.848924,2937
XC1084353,20 dB,20.0,0.720748,0.7371384,2937
XC939767,20 dB,20.0,0.92705,0.7248507999999999,2937
XC404238,20 dB,20.0,0.866678,0.860068,2937
XC369709,20 dB,20.0,0.931392,0.9220452,2937
XC774089,20 dB,20.0,0.955016,0.7188052,2937
XC753541,20 dB,20.0,0.959828,0.9608608000000001,2937
XC372776,20 dB,20.0,0.938689,0.9389839999999999,2937
XC1018054,20 dB,20.0,0.947972,0.941629,2937
XC1018293,20 dB,20.0,0.915038,0.9177237999999999,2937
XC326220,20 dB,20.0,0.920917,0.9264498,2937
XC35662,20 dB,20.0,0.946865,0.8202828,2937
XC38968,20 dB,20.0,0.924163,0.9035596,2937
XC479015,20 dB,20.0,0.745472,0.7285524000000001,2937
XC955638,20 dB,20.0,0.974142,0.9719094,2937
XC1139202,20 dB,20.0,0.943343,0.9441618,2937
XC40892,20 dB,20.0,0.795072,0.6822394,2937
XC854708,20 dB,20.0,0.879666,0.8689638000000001,2937
XC700330,20 dB,20.0,0.972996,0.9790243999999999,2937
XC409395,20 dB,20.0,0.841043,0.8131586000000001,2937
XC426624,20 dB,20.0,0.931897,0.9202304,2937
XC360300,20 dB,20.0,0.921089,0.924148,2937
XC1066178,20 dB,20.0,0.88842,0.9344338000000001,2937
XC260508,20 dB,20.0,0.743415,0.6771046000000001,2937
XC981172,20 dB,20.0,0.543284,0.6814045999999999,2937
XC226752,20 dB,20.0,0.798641,0.8324242,2937
XC990816,20 dB,20.0,0.944619,0.9415468,2937
XC238205,20 dB,20.0,0.834553,0.8517502,2937
XC815251,20 dB,20.0,0.983418,0.9835155999999999,2937
XC933671,20 dB,20.0,0.942234,0.9424668,2937
XC542031,5 dB,5.0,0.748806,0.44433439999999996,2937
XC717038,5 dB,5.0,0.987573,0.6065896000000001,2937
XC251447,5 dB,5.0,0.969183,0.9149651999999999,2937
XC193611,5 dB,5.0,0.946015,0.7918879999999999,2937
XC165403,5 dB,5.0,0.840401,0.27303120000000003,2937
XC90213,5 dB,5.0,0.919224,0.4831018,2937
XC497903,5 dB,5.0,0.32962,0.17220200000000002,2937
XC682585,5 dB,5.0,0.308264,0.0271442,2937
XC153465,5 dB,5.0,0.889957,0.7651716000000001,2937
XC3514,5 dB,5.0,0.957722,0.9268494,2937
XC449938,5 dB,5.0,0.961031,0.9670072,2937
XC990257,5 dB,5.0,0.939484,0.8931457999999999,2937
XC262136,5 dB,5.0,0.958439,0.9002510000000001,2937
XC424555,5 dB,5.0,0.831408,0.6727742,2937
XC694774,5 dB,5.0,0.843946,0.9008825999999999,2937
XC266398,5 dB,5.0,0.941273,0.3824128,2937
XC282475,5 dB,5.0,0.779631,0.0,2937
XC90898,5 dB,5.0,0.640307,0.28795519999999997,2937
XC539753,5 dB,5.0,0.961329,0.8411101999999999,2937
XC439088,5 dB,5.0,0.915558,0.9273939999999999,2937
XC741461,5 dB,5.0,0.696367,0.127747,2937
XC269402,5 dB,5.0,0.975879,0.7026528,2937
XC676028,5 dB,5.0,0.29048,0.0488998,2937
XC290827,5 dB,5.0,0.898791,0.132472,2937
XC286048,5 dB,5.0,0.870418,0.363648,2937
XC242995,5 dB,5.0,0.936658,0.8803357999999999,2937
XC197700,5 dB,5.0,0.980793,0.6046492,2937
XC276046,5 dB,5.0,0.958609,0.9263456,2937
XC730873,5 dB,5.0,0.932704,0.5771142,2937
XC417506,5 dB,5.0,0.336344,0.0475396,2937
XC162647,5 dB,5.0,0.561829,0.2899158,2937
XC731561,5 dB,5.0,0.962278,0.9845948,2937
XC666766,5 dB,5.0,0.945582,0.9191929999999999,2937
XC701724,5 dB,5.0,0.418166,0.36519500000000005,2937
XC183937,5 dB,5.0,0.604472,0.3461494,2937
XC736674,5 dB,5.0,0.575466,0.4183798,2937
XC12598,5 dB,5.0,0.800506,0.893508,2937
XC235763,5 dB,5.0,0.95246,0.9186448,2937
XC525016,5 dB,5.0,0.806854,0.7181960000000001,2937
XC158132,5 dB,5.0,0.872114,0.3820376,2937
XC8565,5 dB,5.0,0.96136,0.823781,2937
XC108542,5 dB,5.0,0.907893,0.108721,2937
XC731493,5 dB,5.0,0.974966,0.868576,2937
XC614881,5 dB,5.0,0.911326,0.7500904,2937
XC228513,5 dB,5.0,0.833949,0.8581991999999999,2937
XC633647,5 dB,5.0,0.874187,0.8423185999999999,2937
XC717024,5 dB,5.0,0.990225,0.9497796000000001,2937
XC658138,5 dB,5.0,0.548326,0.40723339999999997,2937
XC732280,5 dB,5.0,0.851586,0.8004512,2937
XC486154,5 dB,5.0,0.957303,0.9524606,2937
XC268493,5 dB,5.0,0.1174,0.0,2937
XC688133,5 dB,5.0,0.699202,0.47908720000000005,2937
XC718295,5 dB,5.0,0.987347,0.959285,2937
XC753982,5 dB,5.0,0.62195,0.078612,2937
XC731499,5 dB,5.0,0.94102,0.9325151999999999,2937
XC223693,5 dB,5.0,0.97893,0.9485072000000001,2937
XC410185,5 dB,5.0,0.945921,0.8312848,2937
XC731558,5 dB,5.0,0.969703,0.8467065999999999,2937
XC400280,5 dB,5.0,0.746822,0.2690626,2937
XC674130,5 dB,5.0,0.91645,0.6897104,2937
XC382526,5 dB,5.0,0.812956,0.8668208,2937
XC183493,5 dB,5.0,0.939848,0.7923606,2937
XC189826,5 dB,5.0,0.965184,0.9045061999999999,2937
XC740662,5 dB,5.0,0.101652,0.0780802,2937
XC409718,5 dB,5.0,0.910189,0.8360289999999999,2937
XC694808,5 dB,5.0,0.759381,0.473358,2937
XC360002,5 dB,5.0,0.995623,0.794678,2937
XC674749,5 dB,5.0,0.730305,0.5171724,2937
XC578931,5 dB,5.0,0.772837,0.694986,2937
XC714960,5 dB,5.0,0.677227,0.1258128,2937
XC265618,5 dB,5.0,0.897378,0.3583186,2937
XC229218,5 dB,5.0,0.937253,0.9527946,2937
XC511967,5 dB,5.0,0.802974,0.4670272,2937
XC229222,5 dB,5.0,0.988451,0.9797632000000001,2937
XC17548,5 dB,5.0,0.942661,0.9375306,2937
XC773037,5 dB,5.0,0.10336,0.0,2937
XC235762,5 dB,5.0,0.282444,0.1998988,2937
XC244192,5 dB,5.0,0.824029,0.493651,2937
XC731587,5 dB,5.0,0.984625,0.9488198000000001,2937
XC676217,5 dB,5.0,0.954201,0.8642742,2937
XC429908,5 dB,5.0,0.870766,0.6359004,2937
XC718293,5 dB,5.0,0.968829,0.9702588000000001,2937
XC736633,5 dB,5.0,0.906567,0.775715,2937
XC19024,5 dB,5.0,0.951792,0.3747338,2937
XC415875,5 dB,5.0,0.721994,0.6770302,2937
XC567311,5 dB,5.0,0.920661,0.7568642000000001,2937
XC731590,5 dB,5.0,0.982773,0.9552849999999999,2937
XC32383,5 dB,5.0,0.922962,0.8916575999999999,2937
XC773753,5 dB,5.0,0.839633,0.6365727999999999,2937
XC223701,5 dB,5.0,0.932119,0.8228996000000001,2937
XC718291,5 dB,5.0,0.988451,0.9677870000000001,2937
XC718292,5 dB,5.0,0.988451,0.9695237999999999,2937
XC149604,5 dB,5.0,0.900185,0.833253,2937
XC718323,5 dB,5.0,0.994848,0.9387746,2937
XC736604,5 dB,5.0,0.992973,0.9692084,2937
XC242993,5 dB,5.0,0.868318,0.8037528,2937
XC36065,5 dB,5.0,0.716531,0.52331,2937
XC296721,5 dB,5.0,0.892503,0.8741365999999999,2937
XC500320,5 dB,5.0,0.930578,0.8140428,2937
XC717284,5 dB,5.0,0.982787,0.7678583999999999,2937
XC275047,5 dB,5.0,0.934169,0.8880511999999999,2937
XC682184,5 dB,5.0,0.222711,0.18883239999999998,2937
XC158693,5 dB,5.0,0.765714,0.7624978,2937
XC260813,5 dB,5.0,0.403828,0.4021294,2937
XC736667,5 dB,5.0,0.908242,0.8112064,2937
XC732889,5 dB,5.0,0.361042,0.2715906,2937
XC534791,5 dB,5.0,0.707699,0.31388800000000006,2937
XC680802,5 dB,5.0,0.928912,0.8765148,2937
XC289593,5 dB,5.0,0.869918,0.6780746000000001,2937
XC773176,5 dB,5.0,0.452691,0.4913912,2937
XC736670,5 dB,5.0,0.950779,0.8604096,2937
XC682188,5 dB,5.0,0.460177,0.3880198,2937
XC663295,5 dB,5.0,0.702629,0.6539927999999999,2937
XC275048,5 dB,5.0,0.901795,0.7139494,2937
XC166540,5 dB,5.0,0.949161,0.6246036,2937
XC302616,5 dB,5.0,0.598899,0.1558194,2937
XC190423,5 dB,5.0,0.931757,0.1228982,2937
XC731576,5 dB,5.0,0.976924,0.9758574,2937
XC157561,5 dB,5.0,0.978771,0.9513771999999999,2937
XC223699,5 dB,5.0,0.889724,0.6194552,2937
XC100367,5 dB,5.0,0.973404,0.9472875999999999,2937
XC729594,5 dB,5.0,0.967187,0.8631244,2937
XC598388,5 dB,5.0,0.44902,0.0,2937
XC286132,5 dB,5.0,0.990933,0.9508458,2937
XC259429,5 dB,5.0,0.850971,0.7325838,2937
XC112665,5 dB,5.0,0.52869,0.1428486,2937
XC712359,5 dB,5.0,0.940639,0.9328374,2937
XC425470,5 dB,5.0,0.828233,0.44008159999999996,2937
XC614858,5 dB,5.0,0.967604,0.5099202,2937
XC736592,5 dB,5.0,0.968567,0.2838186,2937
XC470230,5 dB,5.0,0.802707,0.5364150000000001,2937
XC156108,5 dB,5.0,0.79858,0.3799054,2937
XC682186,5 dB,5.0,0.490935,0.1610528,2937
XC508607,5 dB,5.0,0.911315,0.8876846,2937
XC471112,5 dB,5.0,0.934841,0.88282,2937
XC190315,5 dB,5.0,0.396828,0.14365319999999998,2937
XC567309,5 dB,5.0,0.857315,0.7864456000000001,2937
XC166995,5 dB,5.0,0.104648,0.0,2937
XC229221,5 dB,5.0,0.956302,0.055348600000000005,2937
XC42250,5 dB,5.0,0.954448,0.944814,2937
XC731582,5 dB,5.0,0.912715,0.768236,2937
XC223697,5 dB,5.0,0.966086,0.4265608,2937
XC729581,5 dB,5.0,0.931808,0.7811598,2937
XC731570,5 dB,5.0,0.932299,0.9527864000000001,2937
XC215864,5 dB,5.0,0.449914,0.2197158,2937
XC717481,5 dB,5.0,0.995948,0.9931886000000001,2937
XC326023,5 dB,5.0,0.95316,0.9103443999999999,2937
XC249515,5 dB,5.0,0.964574,0.9361181999999999,2937
XC688128,5 dB,5.0,0.736839,0.7997954,2937
XC153466,5 dB,5.0,0.960311,0.9082247999999999,2937
XC461846,5 dB,5.0,0.828185,0.7063922,2937
XC96395,5 dB,5.0,0.743766,0.0521234,2937
XC101059,5 dB,5.0,0.950141,0.9284656,2937
XC152732,5 dB,5.0,0.893182,0.9074052,2937
XC731550,5 dB,5.0,0.888277,0.2729182,2937
XC562165,5 dB,5.0,0.554556,0.028621200000000003,2937
XC47463,5 dB,5.0,0.550333,0.4894062,2937
XC265617,5 dB,5.0,0.832497,0.0808488,2937
XC335300,5 dB,5.0,0.940537,0.91937,2937
XC423696,5 dB,5.0,0.774951,0.1063378,2937
XC717020,5 dB,5.0,0.979493,0.983672,2937
XC717025,5 dB,5.0,0.945649,0.9489474,2937
XC388600,5 dB,5.0,0.916895,0.5209298,2937
XC229224,5 dB,5.0,0.947017,0.9238996,2937
XC173092,5 dB,5.0,0.943683,0.8915474,2937
XC156252,5 dB,5.0,0.680857,0.3828122,2937
XC223695,5 dB,5.0,0.986856,0.971351,2937
XC961873,5 dB,5.0,0.847438,0.3714224,2937
XC235765,5 dB,5.0,0.942459,0.9683059999999999,2937
XC730027,5 dB,5.0,0.911009,0.8803774000000001,2937
XC360006,5 dB,5.0,0.855493,0.0,2937
XC80263,5 dB,5.0,0.870917,0.9160514000000001,2937
XC275576,5 dB,5.0,0.760767,0.7962316,2937
XC407518,5 dB,5.0,0.9124,0.8681447999999999,2937
XC736599,5 dB,5.0,0.992737,0.9330944000000001,2937
XC410400,5 dB,5.0,0.969176,0.9291876,2937
XC767450,5 dB,5.0,0.594492,0.4027614,2937
XC335317,5 dB,5.0,0.945797,0.8448162,2937
XC688132,5 dB,5.0,0.310423,0.1745986,2937
XC197701,5 dB,5.0,0.959194,0.856155,2937
XC433336,5 dB,5.0,0.945734,0.8512362,2937
XC616141,5 dB,5.0,0.934795,0.5774872,2937
XC736603,5 dB,5.0,0.953259,0.8443092,2937
XC186212,5 dB,5.0,0.974465,0.9530633999999999,2937
XC718300,5 dB,5.0,0.984877,0.7715312,2937
XC432539,5 dB,5.0,0.156913,0.0264522,2937
XC510184,5 dB,5.0,0.964108,0.9016982,2937
XC302619,5 dB,5.0,0.456217,0.0325956,2937
XC276432,5 dB,5.0,0.115415,0.061259799999999996,2937
XC771829,5 dB,5.0,0.959401,0.928926,2937
XC754583,5 dB,5.0,0.707791,0.39084660000000004,2937
XC6464,5 dB,5.0,0.755482,0.711225,2937
XC598391,5 dB,5.0,0.397643,0.35546540000000004,2937
XC175882,5 dB,5.0,0.908494,0.5565538,2937
XC576108,5 dB,5.0,0.592335,0.44395760000000006,2937
XC266105,5 dB,5.0,0.835319,0.0,2937
XC177114,5 dB,5.0,0.936045,0.9733912,2937
XC48483,5 dB,5.0,0.903539,0.761743,2937
XC729269,5 dB,5.0,0.906778,0.0868284,2937
XC215865,5 dB,5.0,0.556292,0.4228148,2937
XC158394,5 dB,5.0,0.751066,0.6786998,2937
XC510186,5 dB,5.0,0.987192,0.9825126000000001,2937
XC271103,5 dB,5.0,0.964346,0.9529308000000001,2937
XC35112,5 dB,5.0,0.972371,0.9331636,2937
XC45119,5 dB,5.0,0.864639,0.4050472,2937
XC101060,5 dB,5.0,0.975507,0.9190532000000001,2937
XC767027,5 dB,5.0,0.916752,0.8935905999999999,2937
XC86464,5 dB,5.0,0.867845,0.8933669999999999,2937
XC166727,5 dB,5.0,0.837462,0.849236,2937
XC296631,5 dB,5.0,0.88383,0.820237,2937
XC29517,5 dB,5.0,0.907578,0.8912100000000001,2937
XC696404,5 dB,5.0,0.919407,0.8496973999999999,2937
XC47027,5 dB,5.0,0.399831,0.0795574,2937
XC441040,5 dB,5.0,0.812174,0.7740336,2937
XC694179,5 dB,5.0,0.955061,0.885253,2937
XC72398,5 dB,5.0,0.945573,0.9055778,2937
XC717466,5 dB,5.0,0.149853,0.2394994,2937
XC22934,5 dB,5.0,0.933812,0.9713347999999999,2937
XC106499,5 dB,5.0,0.887756,0.5786722,2937
XC317798,5 dB,5.0,0.804891,0.6728752,2937
XC408504,5 dB,5.0,0.95126,0.023913,2937
XC614880,5 dB,5.0,0.951884,0.8902974,2937
XC573311,5 dB,5.0,0.587048,0.6362144,2937
XC731533,5 dB,5.0,0.972733,0.9147297999999999,2937
XC19517,5 dB,5.0,0.962782,0.0,2937
XC645629,5 dB,5.0,0.864427,0.7677448,2937
XC682180,5 dB,5.0,0.723934,0.3095396,2937
XC500327,5 dB,5.0,0.979818,0.9368216,2937
XC503618,5 dB,5.0,0.984683,0.5916914,2937
XC543045,5 dB,5.0,0.977239,0.9188810000000001,2937
XC654886,5 dB,5.0,0.721448,0.8417716000000001,2937
XC731553,5 dB,5.0,0.988135,0.9778330000000001,2937
XC42245,5 dB,5.0,0.915308,0.9306874,2937
XC736631,5 dB,5.0,0.985661,0.9789138,2937
XC736629,5 dB,5.0,0.993152,0.9658218,2937
XC102559,5 dB,5.0,0.88641,0.4175896,2937
XC728901,5 dB,5.0,0.214852,0.0,2937
XC730872,5 dB,5.0,0.4225,0.0,2937
XC688126,5 dB,5.0,0.852044,0.7242506,2937
XC102682,5 dB,5.0,0.921932,0.8561160000000001,2937
XC332678,5 dB,5.0,0.979328,0.9874038,2937
XC11117,5 dB,5.0,0.941292,0.9519529999999999,2937
XC320935,5 dB,5.0,0.579031,0.045550600000000004,2937
XC223698,5 dB,5.0,0.74638,0.3021772,2937
XC676029,5 dB,5.0,0.231999,0.06767179999999999,2937
XC736586,5 dB,5.0,0.834868,0.7284574,2937
XC703838,5 dB,5.0,0.843787,0.8425756,2937
XC716835,5 dB,5.0,0.791763,0.6192152,2937
XC5918,5 dB,5.0,0.535077,0.4134552,2937
XC664422,5 dB,5.0,0.948893,0.768971,2937
XC276832,5 dB,5.0,0.290456,0.0,2937
XC102371,5 dB,5.0,0.564928,0.6406428,2937
XC264621,5 dB,5.0,0.824991,0.8007099999999999,2937
XC202780,5 dB,5.0,0.986485,0.9252362,2937
XC729595,5 dB,5.0,0.873293,0.8867929999999999,2937
XC312994,5 dB,5.0,0.984996,0.9676971999999999,2937
XC734232,5 dB,5.0,0.955521,0.8629692,2937
XC102620,5 dB,5.0,0.922718,0.7951964,2937
XC234286,5 dB,5.0,0.776695,0.1043928,2937
XC767031,5 dB,5.0,0.916752,0.8961919999999999,2937
XC719745,5 dB,5.0,0.473742,0.0995722,2937
XC98040,5 dB,5.0,0.807297,0.7799661999999999,2937
XC731547,5 dB,5.0,0.951225,0.9782202,2937
XC606787,5 dB,5.0,0.608662,0.5314646,2937
XC621497,5 dB,5.0,0.155932,0.0548408,2937
XC718312,5 dB,5.0,0.97735,0.9694806,2937
XC121784,5 dB,5.0,0.91878,0.7127936,2937
XC28335,5 dB,5.0,0.868106,0.8512278,2937
XC767424,5 dB,5.0,0.500557,0.0,2937
XC718325,5 dB,5.0,0.995509,0.9871677999999999,2937
XC676027,5 dB,5.0,0.269185,0.1605796,2937
XC734199,5 dB,5.0,0.17708,0.1342266,2937
XC741170,5 dB,5.0,0.253746,0.226085,2937
XC579290,5 dB,5.0,0.595566,0.4871696,2937
XC2652,5 dB,5.0,0.288404,0.0,2937
XC328132,5 dB,5.0,0.971152,0.940849,2937
XC202061,5 dB,5.0,0.934816,0.8912483999999999,2937
XC717021,5 dB,5.0,0.991596,0.982858,2937
XC717218,5 dB,5.0,0.970521,0.8313358000000001,2937
XC717249,5 dB,5.0,0.9199,0.7724388,2937
XC754581,5 dB,5.0,0.722601,0.2889468,2937
XC717026,5 dB,5.0,0.991246,0.9458128,2937
XC60123,5 dB,5.0,0.973369,0.8935728,2937
XC36282,5 dB,5.0,0.85653,0.7589520000000001,2937
XC775447,5 dB,5.0,0.828688,0.5600772,2937
XC286140,5 dB,5.0,0.95011,0.0806026,2937
XC429970,5 dB,5.0,0.257942,0.0,2937
XC682178,5 dB,5.0,0.643503,0.5816738,2937
XC343646,5 dB,5.0,0.586751,0.644262,2937
XC100396,5 dB,5.0,0.934057,0.9109985999999999,2937
XC45741,5 dB,5.0,0.619424,0.1770312,2937
XC756221,5 dB,5.0,0.820228,0.6640796,2937
XC774740,5 dB,5.0,0.856992,0.8636800000000001,2937
XC506999,5 dB,5.0,0.806926,0.0,2937
XC731531,5 dB,5.0,0.991273,0.9853144,2937
XC736673,5 dB,5.0,0.968752,0.9812108,2937
XC471403,5 dB,5.0,0.951994,0.9203492000000001,2937
XC614859,5 dB,5.0,0.978768,0.8095610000000001,2937
XC56872,5 dB,5.0,0.65154,0.24113880000000001,2937
XC682181,5 dB,5.0,0.650267,0.393004,2937
XC693558,5 dB,5.0,0.889829,0.43959019999999993,2937
XC156110,5 dB,5.0,0.614092,0.3150992,2937
XC670637,5 dB,5.0,0.912971,0.9043962000000001,2937
XC500329,5 dB,5.0,0.973182,0.2681874,2937
XC688125,5 dB,5.0,0.750127,0.5588538,2937
XC540091,5 dB,5.0,0.970054,0.9502594,2937
XC763293,5 dB,5.0,0.145428,0.2345132,2937
XC405905,5 dB,5.0,0.900367,0.8968882,2937
XC717477,5 dB,5.0,0.955174,0.9455107999999999,2937
XC609129,5 dB,5.0,0.872266,0.8838153999999999,2937
XC693559,5 dB,5.0,0.960938,0.7776394,2937
XC750668,5 dB,5.0,0.910551,0.8385918,2937
XC512494,5 dB,5.0,0.951037,0.9393762000000001,2937
XC322052,5 dB,5.0,0.13737,0.1659416,2937
XC674748,5 dB,5.0,0.389131,0.184066,2937
XC410249,5 dB,5.0,0.886182,0.7733202,2937
XC690482,5 dB,5.0,0.940699,0.941486,2937
XC251448,5 dB,5.0,0.583805,0.608737,2937
XC632493,5 dB,5.0,0.11552,0.0,2937
XC582828,5 dB,5.0,0.877695,0.8078328000000001,2937
XC65533,5 dB,5.0,0.932618,0.0741702,2937
XC500314,5 dB,5.0,0.977843,0.9440484,2937
XC432541,5 dB,5.0,0.984682,0.9577372000000001,2937
XC118200,5 dB,5.0,0.910893,0.8210650000000002,2937
XC179936,5 dB,5.0,0.851757,0.46828000000000003,2937
XC424564,5 dB,5.0,0.813958,0.519762,2937
XC413894,5 dB,5.0,0.333135,0.17988200000000001,2937
XC37796,5 dB,5.0,0.918362,0.6055626000000001,2937
XC648909,5 dB,5.0,0.664042,0.5799901999999999,2937
XC449940,5 dB,5.0,0.976563,0.923676,2937
XC631070,5 dB,5.0,0.85453,0.45924940000000003,2937
XC268492,5 dB,5.0,0.308379,0.0,2937
XC766349,5 dB,5.0,0.916384,0.8702463999999999,2937
XC522023,5 dB,5.0,0.943799,0.8975989999999999,2937
XC731527,5 dB,5.0,0.979071,0.9714458,2937
XC719297,5 dB,5.0,0.221448,0.025185400000000004,2937
XC1016,5 dB,5.0,0.897621,0.9259776000000001,2937
XC290396,5 dB,5.0,0.384571,0.134376,2937
XC567776,5 dB,5.0,0.9812,0.9048804,2937
XC132312,5 dB,5.0,0.963358,0.9401490000000001,2937
XC745439,5 dB,5.0,0.88123,0.7155206,2937
XC199211,5 dB,5.0,0.570502,0.3463284,2937
XC47915,5 dB,5.0,0.916043,0.9054283999999999,2937
XC774741,5 dB,5.0,0.872223,0.542235,2937
XC690537,5 dB,5.0,0.924747,0.7535152,2937
XC731546,5 dB,5.0,0.966025,0.9820772,2937
XC725685,5 dB,5.0,0.966974,0.6545398,2937
XC378531,5 dB,5.0,0.947387,0.9437344,2937
XC729591,5 dB,5.0,0.903227,0.921536,2937
XC717299,5 dB,5.0,0.977245,0.9440154,2937
XC35884,5 dB,5.0,0.816676,0.7007673999999999,2937
XC19002,5 dB,5.0,0.578389,0.35115759999999996,2937
XC269836,5 dB,5.0,0.928949,0.379019,2937
XC561222,5 dB,5.0,0.5929,0.0408956,2937
XC233468,5 dB,5.0,0.943309,0.8855534,2937
XC270008,5 dB,5.0,0.953116,0.6857038,2937
XC505532,5 dB,5.0,0.885785,0.8401162,2937
XC258603,5 dB,5.0,0.932741,0.9399992000000001,2937
XC158700,5 dB,5.0,0.544383,0.14245760000000002,2937
XC361682,5 dB,5.0,0.956996,0.8816378,2937
XC446866,5 dB,5.0,0.890736,0.779249,2937
XC97827,5 dB,5.0,0.856068,0.6235522,2937
XC730671,5 dB,5.0,0.774902,0.078707,2937
XC718324,5 dB,5.0,0.992618,0.983056,2937
XC177167,5 dB,5.0,0.918561,0.6560352,2937
XC38467,5 dB,5.0,0.892781,0.254483,2937
XC244191,5 dB,5.0,0.883005,0.8385697999999999,2937
XC511425,5 dB,5.0,0.154363,0.2054186,2937
XC121783,5 dB,5.0,0.904955,0.3625528,2937
XC721436,5 dB,5.0,0.707374,0.6091016,2937
XC17671,5 dB,5.0,0.706941,0.8163512,2937
XC700399,5 dB,5.0,0.848298,0.7705262,2937
XC286047,5 dB,5.0,0.906443,0.4430828,2937
XC718316,5 dB,5.0,0.989,0.6929474,2937
XC290826,5 dB,5.0,0.835303,0.8148206,2937
XC234208,5 dB,5.0,0.970737,0.9614948,2937
XC89196,5 dB,5.0,0.588833,0.34828939999999997,2937
XC763551,5 dB,5.0,0.724885,0.7678098,2937
XC360005,5 dB,5.0,0.839391,0.0,2937
XC360008,5 dB,5.0,0.969552,0.0,2937
XC578723,5 dB,5.0,0.65463,0.368936,2937
XC533973,5 dB,5.0,0.149337,0.0,2937
XC152734,5 dB,5.0,0.4372,0.2375812,2937
XC542585,5 dB,5.0,0.917885,0.8160012,2937
XC717035,5 dB,5.0,0.990217,0.46089340000000006,2937
XC449939,5 dB,5.0,0.981021,0.9507394,2937
XC731532,5 dB,5.0,0.994979,0.9588702,2937
XC767411,5 dB,5.0,0.662615,0.4913868,2937
XC152853,5 dB,5.0,0.67379,0.07553699999999999,2937
XC544941,5 dB,5.0,0.937376,0.9061706,2937
XC699154,5 dB,5.0,0.22833,0.0,2937
XC736632,5 dB,5.0,0.971682,0.5487363999999999,2937
XC34466,5 dB,5.0,0.904901,0.8143779999999999,2937
XC615468,5 dB,5.0,0.27145,0.0,2937
XC533294,5 dB,5.0,0.747964,0.7105522,2937
XC234289,5 dB,5.0,0.819357,0.0,2937
XC512775,5 dB,5.0,0.677748,0.656011,2937
XC688127,5 dB,5.0,0.826317,0.7691454,2937
XC498298,5 dB,5.0,0.504056,0.359032,2937
XC4240,5 dB,5.0,0.906574,0.7695974,2937
XC736666,5 dB,5.0,0.973945,0.6651854,2937
XC100368,5 dB,5.0,0.988045,0.9745647999999999,2937
XC721437,5 dB,5.0,0.92002,0.736292,2937
XC703839,5 dB,5.0,0.963273,0.8734238,2937
XC774101,5 dB,5.0,0.981888,0.9407104000000001,2937
XC389515,5 dB,5.0,0.867847,0.7959364,2937
XC164674,5 dB,5.0,0.941493,0.7537434000000001,2937
XC736669,5 dB,5.0,0.975183,0.9605988,2937
XC353224,5 dB,5.0,0.966686,0.747325,2937
XC400278,5 dB,5.0,0.833339,0.5541206,2937
XC100388,5 dB,5.0,0.854123,0.8485336,2937
XC736664,5 dB,5.0,0.979031,0.9747581999999999,2937
XC412839,5 dB,5.0,0.960282,0.9148048,2937
XC414999,5 dB,5.0,0.564373,0.1301148,2937
XC674136,5 dB,5.0,0.653543,0.8086532,2937
XC276434,5 dB,5.0,0.951645,0.9268447999999999,2937
XC660626,5 dB,5.0,0.868044,0.07684759999999999,2937
XC22356,5 dB,5.0,0.949621,0.9111596000000001,2937
XC695312,5 dB,5.0,0.390592,0.0991796,2937
XC27619,5 dB,5.0,0.568465,0.1735276,2937
XC700047,5 dB,5.0,0.0,0.0,2937
XC260814,5 dB,5.0,0.341447,0.207559,2937
XC461974,5 dB,5.0,0.390982,0.3647884,2937
XC69100,5 dB,5.0,0.455883,0.0,2937
XC45843,5 dB,5.0,0.84911,0.7254228,2937
XC259430,5 dB,5.0,0.873152,0.45872219999999997,2937
XC754598,5 dB,5.0,0.381654,0.24349099999999999,2937
XC258605,5 dB,5.0,0.929653,0.9062628,2937
XC180811,5 dB,5.0,0.875721,0.844454,2937
XC178515,5 dB,5.0,0.789228,0.8152356000000001,2937
XC425472,5 dB,5.0,0.852959,0.3039812,2937
XC731555,5 dB,5.0,0.947927,0.9270308,2937
XC229223,5 dB,5.0,0.969263,0.9798814,2937
XC767023,5 dB,5.0,0.935254,0.9130634000000001,2937
XC25789,5 dB,5.0,0.946922,0.9352592,2937
XC718327,5 dB,5.0,0.996642,0.9636625999999999,2937
XC390487,5 dB,5.0,0.659958,0.5872864,2937
XC229225,5 dB,5.0,0.880764,0.8547528,2937
XC736675,5 dB,5.0,0.954584,0.9120796,2937
XC242992,5 dB,5.0,0.942891,0.971618,2937
XC39854,5 dB,5.0,0.907756,0.7811482,2937
XC693800,5 dB,5.0,0.908428,0.8436793999999999,2937
XC718318,5 dB,5.0,0.97079,0.9475406,2937
XC614878,5 dB,5.0,0.916707,0.1134574,2937
XC33211,5 dB,5.0,0.940535,0.8470751999999999,2937
XC219565,5 dB,5.0,0.833926,0.7614156000000001,2937
XC565141,5 dB,5.0,0.956861,0.901347,2937
XC717049,5 dB,5.0,0.993777,0.967986,2937
XC504710,5 dB,5.0,0.977756,0.92164,2937
XC767020,5 dB,5.0,0.91835,0.8789594000000001,2937
XC29589,5 dB,5.0,0.661687,0.38593140000000004,2937
XC731580,5 dB,5.0,0.873556,0.07308200000000001,2937
XC736605,5 dB,5.0,0.83266,0.6894688,2937
XC598390,5 dB,5.0,0.264442,0.0,2937
XC568427,5 dB,5.0,0.96207,0.9494802,2937
XC614885,5 dB,5.0,0.957951,0.5362458,2937
XC717238,5 dB,5.0,0.99077,0.8851433999999999,2937
XC317546,5 dB,5.0,0.951407,0.7692684,2937
XC389514,5 dB,5.0,0.80934,0.6900614,2937
XC189385,5 dB,5.0,0.804938,0.6700356000000001,2937
XC248385,5 dB,5.0,0.932354,0.9378372,2937
XC471402,5 dB,5.0,0.943816,0.9402142,2937
XC297631,5 dB,5.0,0.77635,0.6346344,2937
XC70597,5 dB,5.0,0.9587,0.4513998,2937
XC92620,5 dB,5.0,0.488333,0.06503980000000001,2937
XC432542,5 dB,5.0,0.911751,0.9007526,2937
XC102621,5 dB,5.0,0.821455,0.8201796,2937
XC736651,5 dB,5.0,0.777672,0.5308554,2937
XC731535,5 dB,5.0,0.948849,0.942117,2937
XC664109,5 dB,5.0,0.501826,0.2666364,2937
XC717219,5 dB,5.0,0.967107,0.9756653999999999,2937
XC717220,5 dB,5.0,0.989014,0.9520500000000001,2937
XC196808,5 dB,5.0,0.627092,0.32803899999999997,2937
XC690428,5 dB,5.0,0.392786,0.126995,2937
XC754579,5 dB,5.0,0.353749,0.1472726,2937
XC682174,5 dB,5.0,0.651824,0.4012846,2937
XC717027,5 dB,5.0,0.948342,0.9542526,2937
XC266914,5 dB,5.0,0.903272,0.3994806,2937
XC258604,5 dB,5.0,0.86381,0.7799668000000001,2937
XC273826,5 dB,5.0,0.813279,0.8483814000000001,2937
XC669919,5 dB,5.0,0.849843,0.6496717999999999,2937
XC769413,5 dB,5.0,0.895846,0.8006271999999999,2937
XC736595,5 dB,5.0,0.984474,0.7409724000000001,2937
XC731585,5 dB,5.0,0.986652,0.9590399999999999,2937
XC717480,5 dB,5.0,0.993785,0.9922993999999999,2937
XC663426,5 dB,5.0,0.856369,0.8285414,2937
XC700617,5 dB,5.0,0.951775,0.9470598000000001,2937
XC156253,5 dB,5.0,0.908304,0.4761578,2937
XC236712,5 dB,5.0,0.116603,0.0,2937
XC95320,5 dB,5.0,0.176338,0.0,2937
XC731501,5 dB,5.0,0.950519,0.8204868,2937
XC349276,5 dB,5.0,0.119765,0.0,2937
XC256117,5 dB,5.0,0.957299,0.8912319999999999,2937
XC449941,5 dB,5.0,0.987538,0.8382578,2937
XC674134,5 dB,5.0,0.851722,0.7602922,2937
XC614863,5 dB,5.0,0.956483,0.3084392,2937
XC29084,5 dB,5.0,0.752275,0.5415066000000001,2937
XC8798,5 dB,5.0,0.93164,0.8123585999999999,2937
XC717237,5 dB,5.0,0.950663,0.9609960000000001,2937
XC552378,5 dB,5.0,0.554888,0.4482036,2937
XC286141,5 dB,5.0,0.911243,0.1992312,2937
XC741171,5 dB,5.0,0.351072,0.3126818,2937
XC47914,5 dB,5.0,0.700544,0.7114318,2937
XC717235,5 dB,5.0,0.910424,0.8288936,2937
XC721914,5 dB,5.0,0.491283,0.3390906,2937
XC731495,5 dB,5.0,0.989849,0.9657028000000001,2937
XC242996,5 dB,5.0,0.903548,0.8118748,2937
XC264622,5 dB,5.0,0.826215,0.847921,2937
XC512493,5 dB,5.0,0.940372,0.927943,2937
XC88181,5 dB,5.0,0.270947,0.0,2937
XC276831,5 dB,5.0,0.382756,0.0,2937
XC729587,5 dB,5.0,0.80833,0.4480434,2937
XC756137,5 dB,5.0,0.879587,0.163568,2937
XC262473,5 dB,5.0,0.923897,0.8144857999999999,2937
XC756136,5 dB,5.0,0.56931,0.4590624,2937
XC100390,5 dB,5.0,0.893868,0.7048284,2937
XC155510,5 dB,5.0,0.847199,0.7653095999999999,2937
XC276857,5 dB,5.0,0.94587,0.9298088,2937
XC731584,5 dB,5.0,0.202214,0.0,2937
XC692727,5 dB,5.0,0.254298,0.1722512,2937
XC717490,5 dB,5.0,0.993856,0.9859498,2937
XC42257,5 dB,5.0,0.597734,0.7852856,2937
XC725922,5 dB,5.0,0.928123,0.5903088000000001,2937
XC13142,5 dB,5.0,0.965363,0.9319458,2937
XC292446,5 dB,5.0,0.959576,0.8838456000000001,2937
XC654582,5 dB,5.0,0.952697,0.8883346,2937
XC717487,5 dB,5.0,0.123423,0.0731334,2937
XC121431,5 dB,5.0,0.696888,0.33895299999999995,2937
XC329832,5 dB,5.0,0.961713,0.8899560000000001,2937
XC731545,5 dB,5.0,0.963136,0.7747054,2937
XC717465,5 dB,5.0,0.621879,0.4327472,2937
XC772588,5 dB,5.0,0.652678,0.31017480000000003,2937
XC154860,5 dB,5.0,0.499101,0.3104188,2937
XC102558,5 dB,5.0,0.926402,0.9116070000000001,2937
XC273706,5 dB,5.0,0.845511,0.6691556000000001,2937
XC664303,5 dB,5.0,0.447017,0.31410119999999997,2937
XC388833,5 dB,5.0,0.927875,0.8829366000000001,2937
XC616439,5 dB,5.0,0.195177,0.021317,2937
XC667363,5 dB,5.0,0.438691,0.41623,2937
XC717292,5 dB,5.0,0.963023,0.7785308,2937
XC614857,5 dB,5.0,0.961276,0.5182133999999999,2937
XC250901,5 dB,5.0,0.921467,0.8183948000000001,2937
XC721435,5 dB,5.0,0.310279,0.1113388,2937
XC688131,5 dB,5.0,0.794203,0.5185908,2937
XC724334,5 dB,5.0,0.899396,0.7737385999999999,2937
XC101820,5 dB,5.0,0.939293,0.9248557999999999,2937
XC69101,5 dB,5.0,0.253204,0.0,2937
XC19877,5 dB,5.0,0.686421,0.11111059999999999,2937
XC335298,5 dB,5.0,0.957455,0.8561666000000001,2937
XC86463,5 dB,5.0,0.949737,0.9284762000000001,2937
XC684297,5 dB,5.0,0.598258,0.6581144,2937
XC166728,5 dB,5.0,0.925737,0.7542314,2937
XC736677,5 dB,5.0,0.980296,0.9572626,2937
XC717051,5 dB,5.0,0.984274,0.8814764,2937
XC23005,5 dB,5.0,0.75896,0.8133808,2937
XC718294,5 dB,5.0,0.990601,0.7579504,2937
XC702898,5 dB,5.0,0.388728,0.0,2937
XC676216,5 dB,5.0,0.975664,0.935999,2937
XC614886,5 dB,5.0,0.775564,0.7441858,2937
XC70596,5 dB,5.0,0.957533,0.7189066000000001,2937
XC731583,5 dB,5.0,0.990412,0.9844034,2937
XC260190,5 dB,5.0,0.972059,0.9705600000000001,2937
XC683958,5 dB,5.0,0.955365,0.9596022,2937
XC167271,5 dB,5.0,0.737388,0.147703,2937
XC229220,5 dB,5.0,0.930928,0.747797,2937
XC774109,5 dB,5.0,0.979116,0.9456317999999999,2937
XC769403,5 dB,5.0,0.842146,0.5567214,2937
XC736671,5 dB,5.0,0.994128,0.9823921999999999,2937
XC171181,5 dB,5.0,0.813533,0.680867,2937
XC371203,5 dB,5.0,0.922706,0.6265292,2937
XC314821,5 dB,5.0,0.89316,0.544367,2937
XC728485,5 dB,5.0,0.242533,0.0344406,2937
XC90655,5 dB,5.0,0.428637,0.5873182,2937
XC259427,5 dB,5.0,0.729806,0.622719,2937
XC502836,5 dB,5.0,0.609617,0.650819,2937
XC30747,5 dB,5.0,0.892206,0.6642276,2937
XC98038,5 dB,5.0,0.125203,0.1502096,2937
XC169248,5 dB,5.0,0.793751,0.6510125999999999,2937
XC114396,5 dB,5.0,0.909527,0.5147904000000001,2937
XC673025,5 dB,5.0,0.669806,0.43633240000000006,2937
XC3103,5 dB,5.0,0.906641,0.8500605999999999,2937
XC511424,5 dB,5.0,0.756101,0.5634524,2937
XC665584,5 dB,5.0,0.760671,0.5865786,2937
XC729602,5 dB,5.0,0.98605,0.8833460000000001,2937
XC47028,5 dB,5.0,0.383988,0.21548699999999998,2937
XC616142,5 dB,5.0,0.90103,0.5759730000000001,2937
XC407547,5 dB,5.0,0.912769,0.0,2937
XC286049,5 dB,5.0,0.832461,0.3735334,2937
XC505533,5 dB,5.0,0.914331,0.8144107999999999,2937
XC258606,5 dB,5.0,0.926899,0.8141565999999999,2937
XC729592,5 dB,5.0,0.980207,0.9120560000000001,2937
XC676030,5 dB,5.0,0.135283,0.0,2937
XC229513,5 dB,5.0,0.894467,0.43455940000000004,2937
XC393488,5 dB,5.0,0.599671,0.6166218,2937
XC500310,5 dB,5.0,0.975309,0.48184939999999993,2937
XC676311,5 dB,5.0,0.945575,0.9082264,2937
XC483641,5 dB,5.0,0.891417,0.0,2937
XC90691,5 dB,5.0,0.868168,0.0265092,2937
XC717217,5 dB,5.0,0.970521,0.9098684,2937
XC717483,5 dB,5.0,0.973816,0.9685622,2937
XC19263,5 dB,5.0,0.949799,0.777434,2937
XC400279,5 dB,5.0,0.852711,0.36124140000000005,2937
XC525014,5 dB,5.0,0.741094,0.6475913999999999,2937
XC190314,5 dB,5.0,0.825934,0.2798286,2937
XC106498,5 dB,5.0,0.461803,0.0963628,2937
XC7811,5 dB,5.0,0.884542,0.8223334,2937
XC736668,5 dB,5.0,0.981965,0.9559008,2937
XC259426,5 dB,5.0,0.743299,0.48906019999999994,2937
XC39061,5 dB,5.0,0.860013,0.8338252,2937
XC271533,5 dB,5.0,0.937651,0.8788876,2937
XC674751,5 dB,5.0,0.392926,0.0,2937
XC718317,5 dB,5.0,0.986781,0.9732806,2937
XC731496,5 dB,5.0,0.952491,0.898547,2937
XC648910,5 dB,5.0,0.853264,0.6201656,2937
XC320936,5 dB,5.0,0.976353,0.7995028000000001,2937
XC298946,5 dB,5.0,0.49585,0.0,2937
XC567310,5 dB,5.0,0.819955,0.8545322000000001,2937
XC771599,5 dB,5.0,0.934881,0.8936142,2937
XC470048,5 dB,5.0,0.955232,0.8493055999999999,2937
XC510185,5 dB,5.0,0.972433,0.8673562,2937
XC143144,5 dB,5.0,0.723952,0.6186858,2937
XC736653,5 dB,5.0,0.982341,0.95956,2937
XC422286,5 dB,5.0,0.764193,0.716123,2937
XC731519,5 dB,5.0,0.283946,0.12499419999999999,2937
XC158131,5 dB,5.0,0.939651,0.9336576000000001,2937
XC53928,5 dB,5.0,0.649654,0.15864820000000002,2937
XC717288,5 dB,5.0,0.983878,0.979022,2937
XC249632,5 dB,5.0,0.854201,0.8725339999999999,2937
XC725972,5 dB,5.0,0.354516,0.353503,2937
XC190305,5 dB,5.0,0.943863,0.867303,2937
XC264620,5 dB,5.0,0.946112,0.8971072,2937
XC235761,5 dB,5.0,0.556766,0.5225408,2937
XC717047,5 dB,5.0,0.973781,0.942266,2937
XC101036,5 dB,5.0,0.968004,0.9496864,2937
XC29020,5 dB,5.0,0.915031,0.43319840000000004,2937
XC729582,5 dB,5.0,0.953112,0.6377358,2937
XC67991,5 dB,5.0,0.859604,0.5761778,2937
XC616145,5 dB,5.0,0.854764,0.4045286,2937
XC616440,5 dB,5.0,0.237444,0.22538439999999998,2937
XC302613,5 dB,5.0,0.403653,0.28342520000000004,2937
XC717034,5 dB,5.0,0.969458,0.8520508,2937
XC614879,5 dB,5.0,0.919153,0.6195104,2937
XC228774,5 dB,5.0,0.966145,0.7995564,2937
XC316482,5 dB,5.0,0.981466,0.9311004,2937
XC674133,5 dB,5.0,0.935611,0.8445534,2937
XC149603,5 dB,5.0,0.864213,0.7919932000000001,2937
XC368209,5 dB,5.0,0.763641,0.5943426,2937
XC664297,5 dB,5.0,0.878349,0.7878996,2937
XC404985,5 dB,5.0,0.874745,0.7093852,2937
XC322053,5 dB,5.0,0.703788,0.6860898000000001,2937
XC120380,5 dB,5.0,0.366457,0.2576156,2937
XC447875,5 dB,5.0,0.88129,0.7522322,2937
XC730672,5 dB,5.0,0.816328,0.6665992000000001,2937
XC19485,5 dB,5.0,0.982827,0.9241944,2937
XC189388,5 dB,5.0,0.610304,0.305331,2937
XC150454,5 dB,5.0,0.866017,0.1769966,2937
XC525015,5 dB,5.0,0.879014,0.7763472,2937
XC142551,5 dB,5.0,0.908938,0.9233155999999999,2937
XC741460,5 dB,5.0,0.361815,0.143952,2937
XC229219,5 dB,5.0,0.963575,0.9561018000000001,2937
XC731540,5 dB,5.0,0.967258,0.5819677999999999,2937
XC347210,5 dB,5.0,0.843747,0.5821538,2937
XC69103,5 dB,5.0,0.435354,0.0,2937
XC246018,5 dB,5.0,0.627376,0.8674616,2937
XC96022,5 dB,5.0,0.972504,0.3078928,2937
XC452171,5 dB,5.0,0.205981,0.0263424,2937
XC767025,5 dB,5.0,0.93324,0.8995713999999999,2937
XC534760,5 dB,5.0,0.123365,0.0,2937
XC388835,5 dB,5.0,0.956076,0.5725768,2937
XC729583,5 dB,5.0,0.873896,0.6455377999999999,2937
XC132907,5 dB,5.0,0.937913,0.9336298,2937
XC730735,5 dB,5.0,0.789194,0.7666164,2937
XC674968,5 dB,5.0,0.879732,0.7360498,2937
XC266540,5 dB,5.0,0.916273,0.8363609999999999,2937
XC425471,5 dB,5.0,0.950348,0.075521,2937
XC676159,5 dB,5.0,0.875297,0.5214942,2937
XC290828,5 dB,5.0,0.895504,0.7159434,2937
XC266109,5 dB,5.0,0.930259,0.4638916,2937
XC731581,5 dB,5.0,0.945207,0.7644712,2937
XC736672,5 dB,5.0,0.958302,0.9280647999999999,2937
XC729596,5 dB,5.0,0.975632,0.9252803999999999,2937
XC634294,5 dB,5.0,0.884913,0.37224840000000003,2937
XC199210,5 dB,5.0,0.593232,0.5355314,2937
XC674132,5 dB,5.0,0.857505,0.19682460000000002,2937
XC286046,5 dB,5.0,0.946661,0.6450868,2937
XC90654,5 dB,5.0,0.891592,0.4274806,2937
XC530054,5 dB,5.0,0.878909,0.5335791999999999,2937
XC731509,5 dB,5.0,0.941204,0.8995496,2937
XC731497,5 dB,5.0,0.934676,0.8451955999999999,2937
XC695999,5 dB,5.0,0.88506,0.285373,2937
XC100397,5 dB,5.0,0.878376,0.8950374,2937
XC500330,5 dB,5.0,0.976452,0.9652982,2937
XC773731,5 dB,5.0,0.653703,0.4625688,2937
XC736593,5 dB,5.0,0.983988,0.9045032000000001,2937
XC714487,5 dB,5.0,0.904667,0.8125842000000001,2937
XC962669,5 dB,5.0,0.852329,0.5957006,2937
XC614856,5 dB,5.0,0.838582,0.5919255999999999,2937
XC269406,5 dB,5.0,0.955698,0.7792429999999999,2937
XC483640,5 dB,5.0,0.81207,0.0,2937
XC213785,5 dB,5.0,0.934978,0.8975662,2937
XC223700,5 dB,5.0,0.915067,0.8399865999999999,2937
XC223696,5 dB,5.0,0.9841,0.9684474,2937
XC235262,5 dB,5.0,0.921385,0.8882566000000001,2937
XC506969,5 dB,5.0,0.953276,0.9279552000000001,2937
XC641658,5 dB,5.0,0.958249,0.9326014,2937
XC731566,5 dB,5.0,0.958004,0.8196178,2937
XC387316,5 dB,5.0,0.985946,0.9638,2937
XC742587,5 dB,5.0,0.832026,0.8428958,2937
XC735332,5 dB,5.0,0.893767,0.860444,2937
XC223694,5 dB,5.0,0.985647,0.9771090000000001,2937
XC29921,5 dB,5.0,0.875998,0.8608266,2937
XC72396,5 dB,5.0,0.96768,0.9193762,2937
XC398497,5 dB,5.0,0.443442,0.10446439999999999,2937
XC766350,5 dB,5.0,0.922354,0.7758076,2937
XC763503,5 dB,5.0,0.950068,0.8419784,2937
XC732886,5 dB,5.0,0.200696,0.0896818,2937
XC36024,5 dB,5.0,0.309123,0.35555400000000004,2937
XC19161,5 dB,5.0,0.457025,0.3575374,2937
XC214239,5 dB,5.0,0.880764,0.7544063999999999,2937
XC568425,5 dB,5.0,0.973542,0.951427,2937
XC412325,5 dB,5.0,0.300473,0.0,2937
XC46538,5 dB,5.0,0.856884,0.7655886,2937
XC329831,5 dB,5.0,0.949617,0.8715797999999999,2937
XC635422,5 dB,5.0,0.387415,0.030958599999999996,2937
XC296852,5 dB,5.0,0.712705,0.5374162,2937
XC121785,5 dB,5.0,0.921393,0.6413156,2937
XC161619,5 dB,5.0,0.531044,0.4532342,2937
XC134455,5 dB,5.0,0.582811,0.5044107999999999,2937
XC262474,5 dB,5.0,0.75905,0.8038394,2937
XC445512,5 dB,5.0,0.901691,0.2724156,2937
XC90171,5 dB,5.0,0.964879,0.0,2937
XC428318,5 dB,5.0,0.941265,0.6907882,2937
XC525017,5 dB,5.0,0.84282,0.7846792,2937
XC102557,5 dB,5.0,0.854667,0.863307,2937
XC432119,5 dB,5.0,0.470463,0.0,2937
XC500324,5 dB,5.0,0.972911,0.7619776,2937
XC386207,5 dB,5.0,0.940833,0.8651012,2937
XC688129,5 dB,5.0,0.854819,0.7758238000000001,2937
XC320009,5 dB,5.0,0.964228,0.9318112,2937
XC6395,5 dB,5.0,0.946839,0.8892472,2937
XC27768,5 dB,5.0,0.215503,0.110805,2937
XC410359,5 dB,5.0,0.886943,0.8080144,2937
XC744136,5 dB,5.0,0.956003,0.6921999999999999,2937
XC594854,5 dB,5.0,0.37132,0.223372,2937
XC397023,5 dB,5.0,0.866554,0.09663200000000001,2937
XC731530,5 dB,5.0,0.98409,0.9638762,2937
XC250902,5 dB,5.0,0.898152,0.8334816,2937
XC276435,5 dB,5.0,0.200872,0.1196766,2937
XC251446,5 dB,5.0,0.881449,0.8043625999999999,2937
XC641716,5 dB,5.0,0.93138,0.9089254,2937
XC614882,5 dB,5.0,0.667178,0.5369642,2937
XC496267,5 dB,5.0,0.95261,0.8088302,2937
XC682171,5 dB,5.0,0.627097,0.5919422,2937
XC156107,5 dB,5.0,0.637537,0.4976568,2937
XC736590,5 dB,5.0,0.967129,0.9366860000000001,2937
XC741172,5 dB,5.0,0.200696,0.1369046,2937
XC693801,5 dB,5.0,0.969058,0.939991,2937
XC264623,5 dB,5.0,0.152212,0.0,2937
XC407634,5 dB,5.0,0.864585,0.898995,2937
XC717482,5 dB,5.0,0.987176,0.9663598,2937
XC48482,5 dB,5.0,0.829411,0.84024,2937
XC756164,5 dB,5.0,0.983726,0.8494822,2937
XC470278,5 dB,5.0,0.865965,0.7939066,2937
XC106500,5 dB,5.0,0.86446,0.6588662,2937
XC742588,5 dB,5.0,0.836816,0.1341496,2937
XC642287,5 dB,5.0,0.895806,0.834805,2937
XC731522,5 dB,5.0,0.90388,0.9034635999999999,2937
XC736602,5 dB,5.0,0.987,0.9174742,2937
XC28597,5 dB,5.0,0.898287,0.49422,2937
XC8042,5 dB,5.0,0.86405,0.7179108,2937
XC731494,5 dB,5.0,0.953399,0.949342,2937
XC684298,5 dB,5.0,0.533632,0.5750948,2937
XC209072,5 dB,5.0,0.939338,0.9039804,2937
XC229515,5 dB,5.0,0.952894,0.9084154,2937
XC731586,5 dB,5.0,0.991898,0.9189496,2937
XC675082,5 dB,5.0,0.750383,0.2116342,2937
XC552376,5 dB,5.0,0.950595,0.7219646,2937
XC707796,5 dB,5.0,0.40207,0.12970739999999997,2937
XC429971,5 dB,5.0,0.161421,0.17302140000000002,2937
XC40751,5 dB,5.0,0.978225,0.9530352000000001,2937
XC631177,5 dB,5.0,0.964716,0.8978695999999999,2937
XC259431,5 dB,5.0,0.534084,0.4447544,2937
XC100389,5 dB,5.0,0.82931,0.8136186000000001,2937
XC731537,5 dB,5.0,0.95922,0.8825096,2937
XC320934,5 dB,5.0,0.542316,0.0,2937
XC115775,5 dB,5.0,0.986365,0.9541494,2937
XC2514,5 dB,5.0,0.91396,0.8239563999999999,2937
XC1625,5 dB,5.0,0.838958,0.8108478,2937
XC552370,5 dB,5.0,0.883267,0.8966974000000001,2937
XC773151,5 dB,5.0,0.642192,0.0738624,2937
XC505536,5 dB,5.0,0.900151,0.6974888,2937
XC456902,5 dB,5.0,0.877499,0.8838625999999999,2937
XC364191,5 dB,5.0,0.190898,0.1280086,2937
XC731579,5 dB,5.0,0.427366,0.3861112,2937
XC729586,5 dB,5.0,0.816313,0.551712,2937
XC156106,5 dB,5.0,0.965274,0.7846602,2937
XC290829,5 dB,5.0,0.912648,0.0,2937
XC336751,5 dB,5.0,0.898464,0.4439128,2937
XC676160,5 dB,5.0,0.78066,0.1961912,2937
XC669920,5 dB,5.0,0.663661,0.0695134,2937
XC638143,5 dB,5.0,0.194361,0.0,2937
XC674750,5 dB,5.0,0.495565,0.153302,2937
XC156109,5 dB,5.0,0.746109,0.3641574,2937
XC539755,5 dB,5.0,0.200576,0.046234,2937
XC731543,5 dB,5.0,0.985118,0.9755817999999999,2937
XC717023,5 dB,5.0,0.98663,0.8348808,2937
XC436107,5 dB,5.0,0.953104,0.9219782000000001,2937
XC268491,5 dB,5.0,0.573147,0.078793,2937
XC736658,5 dB,5.0,0.289536,0.390013,2937
XC670632,5 dB,5.0,0.769371,0.5986716,2937
XC127523,5 dB,5.0,0.810709,0.686851,2937
XC154859,5 dB,5.0,0.565848,0.2587438,2937
XC470231,5 dB,5.0,0.962432,0.5449328,2937
XC284124,5 dB,5.0,0.364614,0.0878896,2937
XC717234,5 dB,5.0,0.969046,0.9544694,2937
XC170826,5 dB,5.0,0.92749,0.899678,2937
XC717233,5 dB,5.0,0.968102,0.8987681999999999,2937
XC400282,5 dB,5.0,0.300667,0.18471359999999998,2937
XC718320,5 dB,5.0,0.984107,0.8793778,2937
XC166730,5 dB,5.0,0.90219,0.4267012,2937
XC174050,5 dB,5.0,0.801002,0.7297662,2937
XC731573,5 dB,5.0,0.97659,0.785081,2937
XC645630,5 dB,5.0,0.947894,0.862584,2937
XC92618,5 dB,5.0,0.943041,0.47941139999999993,2937
XC628125,5 dB,5.0,0.967711,0.9341658,2937
XC335316,5 dB,5.0,0.970712,0.936684,2937
XC387317,5 dB,5.0,0.966204,0.9657778,2937
XC717022,5 dB,5.0,0.988082,0.7163428,2937
XC717222,5 dB,5.0,0.97628,0.9739660000000001,2937
XC23622,5 dB,5.0,0.937302,0.8644109999999999,2937
XC92619,5 dB,5.0,0.960516,0.6116505999999999,2937
XC1940,5 dB,5.0,0.855042,0.6615714,2937
XC496266,5 dB,5.0,0.920381,0.8714283999999999,2937
XC317808,5 dB,5.0,0.866119,0.5868998,2937
XC321867,5 dB,5.0,0.966284,0.9250246000000001,2937
XC424472,5 dB,5.0,0.270151,0.030270200000000004,2937
XC262940,5 dB,5.0,0.959279,0.90807,2937
XC322051,5 dB,5.0,0.947823,0.6413012,2937
XC732891,5 dB,5.0,0.214192,0.1767742,2937
XC492567,5 dB,5.0,0.957365,0.9173686,2937
XC731565,5 dB,5.0,0.982066,0.9588732,2937
XC562169,5 dB,5.0,0.314269,0.0,2937
XC663424,5 dB,5.0,0.886214,0.7790618,2937
XC447739,5 dB,5.0,0.983137,0.9606622,2937
XC682538,5 dB,5.0,0.420835,0.458371,2937
XC520027,5 dB,5.0,0.804594,0.741902,2937
XC614665,5 dB,5.0,0.689615,0.5384272,2937
XC736624,5 dB,5.0,0.906542,0.667781,2937
XC671372,5 dB,5.0,0.947546,0.8727715999999999,2937
XC627071,5 dB,5.0,0.895706,0.8495739999999999,2937
XC408327,5 dB,5.0,0.967778,0.9530594000000001,2937
XC403698,5 dB,5.0,0.581439,0.227477,2937
XC204225,5 dB,5.0,0.29607,0.0,2937
XC7089,5 dB,5.0,0.317717,0.30275280000000004,2937
XC453867,5 dB,5.0,0.853234,0.8346572,2937
XC634052,5 dB,5.0,0.991125,0.9493197999999999,2937
XC313446,5 dB,5.0,0.139222,0.0,2937
XC544431,5 dB,5.0,0.849615,0.0731384,2937
XC517320,5 dB,5.0,0.941784,0.9336492,2937
XC223710,5 dB,5.0,0.881973,0.7268096,2937
XC205322,5 dB,5.0,0.870129,0.46658039999999995,2937
XC360004,5 dB,5.0,0.885913,0.6519232,2937
XC578918,5 dB,5.0,0.180467,0.0,2937
XC322680,5 dB,5.0,0.795281,0.0715436,2937
XC270007,5 dB,5.0,0.882418,0.6859173999999999,2937
XC400281,5 dB,5.0,0.693626,0.0,2937
XC529368,5 dB,5.0,0.919624,0.8679454,2937
XC192429,5 dB,5.0,0.426871,0.304149,2937
XC714481,5 dB,5.0,0.580729,0.3090392,2937
XC229240,5 dB,5.0,0.970286,0.8874004,2937
XC3112,5 dB,5.0,0.900683,0.9159516,2937
XC360403,5 dB,5.0,0.920213,0.2531276,2937
XC717223,5 dB,5.0,0.991387,0.9834718,2937
XC180516,5 dB,5.0,0.988832,0.9753778000000001,2937
XC432254,5 dB,5.0,0.835563,0.6993524,2937
XC203384,5 dB,5.0,0.20138,0.1345288,2937
XC303510,5 dB,5.0,0.15038,0.0,2937
XC475035,5 dB,5.0,0.529916,0.2073432,2937
XC192768,5 dB,5.0,0.887537,0.8313904000000001,2937
XC229236,5 dB,5.0,0.87457,0.8009001999999998,2937
XC409291,5 dB,5.0,0.715363,0.48865119999999995,2937
XC580583,5 dB,5.0,0.299232,0.2003574,2937
XC511965,5 dB,5.0,0.727937,0.187526,2937
XC514470,5 dB,5.0,0.980272,0.9302898000000001,2937
XC514371,5 dB,5.0,0.990334,0.9774032,2937
XC235764,5 dB,5.0,0.478424,0.438342,2937
XC322783,5 dB,5.0,0.649421,0.5383418,2937
XC150942,5 dB,5.0,0.924073,0.7528045999999999,2937
XC634066,5 dB,5.0,0.955468,0.9278752000000001,2937
XC694812,5 dB,5.0,0.774172,0.49283520000000003,2937
XC229227,5 dB,5.0,0.807264,0.6369532,2937
XC767412,5 dB,5.0,0.179927,0.0,2937
XC614719,5 dB,5.0,0.343933,0.37192400000000003,2937
XC127469,5 dB,5.0,0.472103,0.0,2937
XC424685,5 dB,5.0,0.448359,0.0,2937
XC314359,5 dB,5.0,0.744756,0.21111300000000002,2937
XC516659,5 dB,5.0,0.975788,0.9542544,2937
XC407838,5 dB,5.0,0.696985,0.5670390000000001,2937
XC15775,5 dB,5.0,0.768388,0.5766896,2937
XC598394,5 dB,5.0,0.251692,0.0200736,2937
XC23740,5 dB,5.0,0.922289,0.88561,2937
XC41668,5 dB,5.0,0.952368,0.9181929999999999,2937
XC421983,5 dB,5.0,0.907517,0.8088314000000001,2937
XC141634,5 dB,5.0,0.185806,0.0783228,2937
XC15448,5 dB,5.0,0.979555,0.9803685999999999,2937
XC514364,5 dB,5.0,0.930573,0.8273388,2937
XC516660,5 dB,5.0,0.544888,0.0,2937
XC100395,5 dB,5.0,0.943346,0.8599422000000001,2937
XC734236,5 dB,5.0,0.909052,0.8636989999999999,2937
XC634173,5 dB,5.0,0.97804,0.9657392,2937
XC64975,5 dB,5.0,0.439773,0.34636459999999997,2937
XC438599,5 dB,5.0,0.260235,0.0,2937
XC205321,5 dB,5.0,0.819642,0.8425796,2937
XC517081,5 dB,5.0,0.987478,0.9755516,2937
XC365344,5 dB,5.0,0.951755,0.8298544,2937
XC514328,5 dB,5.0,0.785354,0.6510928,2937
XC34470,5 dB,5.0,0.816289,0.8092292000000001,2937
XC229235,5 dB,5.0,0.956422,0.9627703999999999,2937
XC670847,5 dB,5.0,0.519141,0.0,2937
XC512203,5 dB,5.0,0.953956,0.8480088,2937
XC351193,5 dB,5.0,0.246618,0.024009,2937
XC514350,5 dB,5.0,0.934051,0.9034428,2937
XC287834,5 dB,5.0,0.449445,0.2848608,2937
XC514442,5 dB,5.0,0.34057,0.2772952,2937
XC515018,5 dB,5.0,0.98198,0.925478,2937
XC714479,5 dB,5.0,0.724054,0.3037366,2937
XC680456,5 dB,5.0,0.195046,0.0,2937
XC694817,5 dB,5.0,0.784936,0.6753364000000001,2937
XC646146,5 dB,5.0,0.289708,0.0979322,2937
XC289858,5 dB,5.0,0.907951,0.8682166,2937
XC99239,5 dB,5.0,0.820128,0.0,2937
XC694821,5 dB,5.0,0.734631,0.5593912,2937
XC717475,5 dB,5.0,0.976809,0.891512,2937
XC515019,5 dB,5.0,0.99083,0.9589601999999999,2937
XC250060,5 dB,5.0,0.82793,0.7651722000000001,2937
XC83491,5 dB,5.0,0.862197,0.6109476,2937
XC694824,5 dB,5.0,0.846821,0.7332482,2937
XC655652,5 dB,5.0,0.521031,0.1472936,2937
XC69226,5 dB,5.0,0.903348,0.8857697999999999,2937
XC335303,5 dB,5.0,0.97542,0.8987366,2937
XC512210,5 dB,5.0,0.911096,0.817899,2937
XC528843,5 dB,5.0,0.19966,0.1382718,2937
XC485257,5 dB,5.0,0.891331,0.9294124,2937
XC40409,5 dB,5.0,0.906697,0.7453382,2937
XC353379,5 dB,5.0,0.634092,0.0238032,2937
XC736598,5 dB,5.0,0.97053,0.9604522,2937
XC269392,5 dB,5.0,0.33808,0.07355199999999999,2937
XC453969,5 dB,5.0,0.362302,0.0574436,2937
XC150944,5 dB,5.0,0.402676,0.1594312,2937
XC125125,5 dB,5.0,0.594918,0.4373946,2937
XC468745,5 dB,5.0,0.406276,0.022743,2937
XC500276,5 dB,5.0,0.941925,0.8909558000000001,2937
XC512204,5 dB,5.0,0.967844,0.8144410000000001,2937
XC119864,5 dB,5.0,0.956694,0.9277187999999998,2937
XC736644,5 dB,5.0,0.981624,0.982629,2937
XC529367,5 dB,5.0,0.945213,0.9322887999999999,2937
XC535142,5 dB,5.0,0.515795,0.38447960000000003,2937
XC731551,5 dB,5.0,0.221143,0.21738020000000002,2937
XC529369,5 dB,5.0,0.949639,0.9437329999999999,2937
XC497550,5 dB,5.0,0.750149,0.5759846,2937
XC479514,5 dB,5.0,0.86716,0.5609992,2937
XC235766,5 dB,5.0,0.840726,0.814031,2937
XC100394,5 dB,5.0,0.907606,0.9195102,2937
XC545236,5 dB,5.0,0.961648,0.8927716,2937
XC55379,5 dB,5.0,0.995479,0.9852812,2937
XC360395,5 dB,5.0,0.814901,0.7942636000000001,2937
XC243335,5 dB,5.0,0.182285,0.0,2937
XC8283,5 dB,5.0,0.964535,0.902693,2937
XC305629,5 dB,5.0,0.342994,0.0358804,2937
XC714483,5 dB,5.0,0.830483,0.6878036,2937
XC147427,5 dB,5.0,0.917243,0.7017858,2937
XC634168,5 dB,5.0,0.994038,0.9795958,2937
XC69224,5 dB,5.0,0.922734,0.4481566,2937
XC616148,5 dB,5.0,0.947166,0.6764068,2937
XC239425,5 dB,5.0,0.995859,0.3435298,2937
XC514373,5 dB,5.0,0.784054,0.2947136,2937
XC184507,5 dB,5.0,0.768989,0.6311251999999999,2937
XC287294,5 dB,5.0,0.892516,0.8887471999999998,2937
XC169430,5 dB,5.0,0.57416,0.4114264,2937
XC69099,5 dB,5.0,0.167599,0.0,2937
XC514375,5 dB,5.0,0.962897,0.9490618,2937
XC180511,5 dB,5.0,0.923688,0.8491707999999999,2937
XC546704,5 dB,5.0,0.957078,0.8959226000000001,2937
XC361125,5 dB,5.0,0.834651,0.7238372,2937
XC269394,5 dB,5.0,0.980538,0.8815096,2937
XC150940,5 dB,5.0,0.19631,0.0,2937
XC118201,5 dB,5.0,0.817382,0.49702219999999997,2937
XC514451,5 dB,5.0,0.623259,0.5389048,2937
XC516613,5 dB,5.0,0.968231,0.9774236000000001,2937
XC408101,5 dB,5.0,0.207684,0.1571348,2937
XC294269,5 dB,5.0,0.849069,0.0,2937
XC14220,5 dB,5.0,0.740058,0.5592926,2937
XC626780,5 dB,5.0,0.368859,0.0,2937
XC470049,5 dB,5.0,0.902548,0.9204176000000001,2937
XC635474,5 dB,5.0,0.89685,0.0206312,2937
XC308164,5 dB,5.0,0.849069,0.0,2937
XC144613,5 dB,5.0,0.889308,0.8895213999999999,2937
XC145028,5 dB,5.0,0.782059,0.580323,2937
XC378934,5 dB,5.0,0.263624,0.0,2937
XC56864,5 dB,5.0,0.823811,0.739171,2937
XC512208,5 dB,5.0,0.97602,0.9571312000000001,2937
XC42255,5 dB,5.0,0.345677,0.196799,2937
XC489566,5 dB,5.0,0.980583,0.966014,2937
XC714957,5 dB,5.0,0.757905,0.6541322,2937
XC250059,5 dB,5.0,0.816899,0.7668186,2937
XC514333,5 dB,5.0,0.889699,0.8659212000000001,2937
XC717484,5 dB,5.0,0.9864,0.8971172,2937
XC438590,5 dB,5.0,0.475512,0.0,2937
XC193601,5 dB,5.0,0.122784,0.113134,2937
XC158699,5 dB,5.0,0.735542,0.6844184,2937
XC714484,5 dB,5.0,0.883699,0.741769,2937
XC754618,5 dB,5.0,0.873309,0.5483564000000001,2937
XC517141,5 dB,5.0,0.956992,0.8273313999999999,2937
XC135352,5 dB,5.0,0.964026,0.9482240000000001,2937
XC511539,5 dB,5.0,0.948205,0.7127028,2937
XC704870,5 dB,5.0,0.736523,0.44980640000000005,2937
XC118189,5 dB,5.0,0.925633,0.8816756,2937
XC616454,5 dB,5.0,0.908061,0.658568,2937
XC292511,5 dB,5.0,0.940967,0.875553,2937
XC635493,5 dB,5.0,0.559213,0.5931371999999999,2937
XC634059,5 dB,5.0,0.982548,0.9615676000000001,2937
XC109776,5 dB,5.0,0.973539,0.8076292,2937
XC433216,5 dB,5.0,0.785006,0.7205858,2937
XC334885,5 dB,5.0,0.917195,0.8458745999999999,2937
XC100392,5 dB,5.0,0.938054,0.9031994000000001,2937
XC230213,5 dB,5.0,0.780249,0.8440340000000001,2937
XC42253,5 dB,5.0,0.528374,0.5425714,2937
XC286142,5 dB,5.0,0.991491,0.9735026,2937
XC438587,5 dB,5.0,0.803165,0.2680782,2937
XC67990,5 dB,5.0,0.868525,0.6780766,2937
XC390191,5 dB,5.0,0.510229,0.31297220000000003,2937
XC304221,5 dB,5.0,0.820685,0.657985,2937
XC292709,5 dB,5.0,0.918476,0.5784428,2937
XC132412,5 dB,5.0,0.899951,0.9056406000000001,2937
XC28542,5 dB,5.0,0.934811,0.907051,2937
XC436517,5 dB,5.0,0.801712,0.5587612,2937
XC425441,5 dB,5.0,0.142917,0.051273400000000004,2937
XC429692,5 dB,5.0,0.958136,0.9048472000000001,2937
XC499849,5 dB,5.0,0.889796,0.8612812,2937
XC586742,5 dB,5.0,0.982888,0.0,2937
XC428468,5 dB,5.0,0.966873,0.9418196,2937
XC269399,5 dB,5.0,0.980538,0.8995412,2937
XC711613,5 dB,5.0,0.965789,0.9668056,2937
XC634140,5 dB,5.0,0.986564,0.9419190000000001,2937
XC159928,5 dB,5.0,0.404753,0.43981840000000005,2937
XC520280,5 dB,5.0,0.843319,0.5503123999999999,2937
XC102910,5 dB,5.0,0.948395,0.8950967999999999,2937
XC634170,5 dB,5.0,0.986815,0.8997522,2937
XC520311,5 dB,5.0,0.185006,0.161965,2937
XC514327,5 dB,5.0,0.986889,0.9471136,2937
XC517372,5 dB,5.0,0.986731,0.9813444,2937
XC617454,5 dB,5.0,0.892824,0.8451156000000001,2937
XC457418,5 dB,5.0,0.468529,0.47518760000000004,2937
XC548893,5 dB,5.0,0.921356,0.9043569999999999,2937
XC444491,5 dB,5.0,0.95951,0.946792,2937
XC694818,5 dB,5.0,0.829784,0.7653252,2937
XC451919,5 dB,5.0,0.553353,0.0,2937
XC322879,5 dB,5.0,0.485712,0.20874399999999999,2937
XC615864,5 dB,5.0,0.112261,0.0,2937
XC229234,5 dB,5.0,0.959432,0.9174900000000001,2937
XC514340,5 dB,5.0,0.932166,0.9086190000000001,2937
XC514334,5 dB,5.0,0.973401,0.3942112,2937
XC249658,5 dB,5.0,0.906935,0.8619332,2937
XC514376,5 dB,5.0,0.857565,0.8435908,2937
XC529311,5 dB,5.0,0.467945,0.3766348,2937
XC441196,5 dB,5.0,0.238907,0.0557088,2937
XC360003,5 dB,5.0,0.125158,0.118418,2937
XC216827,5 dB,5.0,0.72443,0.563908,2937
XC22978,5 dB,5.0,0.959882,0.8782982,2937
XC20655,5 dB,5.0,0.429619,0.23677399999999998,2937
XC222858,5 dB,5.0,0.57273,0.5466331999999999,2937
XC516662,5 dB,5.0,0.98643,0.985811,2937
XC531463,5 dB,5.0,0.939212,0.7662432,2937
XC386424,5 dB,5.0,0.871144,0.0,2937
XC671404,5 dB,5.0,0.57976,0.1397064,2937
XC208011,5 dB,5.0,0.639586,0.7142722,2937
XC517205,5 dB,5.0,0.781046,0.596858,2937
XC694810,5 dB,5.0,0.380889,0.23410899999999998,2937
XC279341,5 dB,5.0,0.73486,0.0,2937
XC148214,5 dB,5.0,0.897663,0.8000408,2937
XC274899,5 dB,5.0,0.970631,0.9326637999999999,2937
XC514284,5 dB,5.0,0.973975,0.9500542,2937
XC708008,5 dB,5.0,0.562648,0.0,2937
XC223711,5 dB,5.0,0.242984,0.11042860000000002,2937
XC714477,5 dB,5.0,0.612569,0.5145012,2937
XC438589,5 dB,5.0,0.545444,0.0,2937
XC119198,5 dB,5.0,0.922494,0.5933678,2937
XC635475,5 dB,5.0,0.870357,0.7939854000000001,2937
XC514472,5 dB,5.0,0.991044,0.9775342,2937
XC332172,5 dB,5.0,0.479234,0.0,2937
XC652264,5 dB,5.0,0.824734,0.747576,2937
XC230214,5 dB,5.0,0.639447,0.5938512,2937
XC514377,5 dB,5.0,0.989252,0.9548705999999999,2937
XC736645,5 dB,5.0,0.982032,0.9449042000000001,2937
XC239387,5 dB,5.0,0.96937,0.980793,2937
XC717224,5 dB,5.0,0.985518,0.9855854000000001,2937
XC19484,5 dB,5.0,0.929283,0.2718914,2937
XC514473,5 dB,5.0,0.992787,0.9714202000000001,2937
XC314360,5 dB,5.0,0.865965,0.0595362,2937
XC452638,5 dB,5.0,0.947245,0.9280508,2937
XC206979,5 dB,5.0,0.215571,0.0257658,2937
XC307458,5 dB,5.0,0.906041,0.6928424,2937
XC514480,5 dB,5.0,0.98703,0.9753486,2937
XC349245,5 dB,5.0,0.948543,0.9017120000000001,2937
XC286143,5 dB,5.0,0.84713,0.1497566,2937
XC732479,5 dB,5.0,0.5031,0.097947,2937
XC572864,5 dB,5.0,0.366193,0.2153082,2937
XC354168,5 dB,5.0,0.894716,0.8621298,2937
XC736646,5 dB,5.0,0.979911,0.9629936000000001,2937
XC330499,5 dB,5.0,0.91197,0.543672,2937
XC413250,5 dB,5.0,0.217473,0.1339324,2937
XC90268,5 dB,5.0,0.611128,0.052308,2937
XC42247,5 dB,5.0,0.980037,0.9524828,2937
XC250223,5 dB,5.0,0.714126,0.7864972,2937
XC223707,5 dB,5.0,0.318027,0.1121686,2937
XC500325,5 dB,5.0,0.976893,0.9658366,2937
XC477356,5 dB,5.0,0.925375,0.4580874,2937
XC389156,5 dB,5.0,0.722507,0.6020776,2937
XC514354,5 dB,5.0,0.816155,0.3792028,2937
XC516588,5 dB,5.0,0.843641,0.118623,2937
XC36066,5 dB,5.0,0.97332,0.0,2937
XC351680,5 dB,5.0,0.937569,0.7145938000000001,2937
XC514372,5 dB,5.0,0.815012,0.888893,2937
XC514336,5 dB,5.0,0.914103,0.7252356,2937
XC449937,5 dB,5.0,0.856935,0.734173,2937
XC121787,5 dB,5.0,0.96906,0.444696,2937
XC634063,5 dB,5.0,0.976135,0.9527306,2937
XC405346,5 dB,5.0,0.938217,0.8021163999999998,2937
XC37726,5 dB,5.0,0.11317,0.020888,2937
XC176402,5 dB,5.0,0.581645,0.5513914,2937
XC286115,5 dB,5.0,0.75472,0.4367206,2937
XC167026,5 dB,5.0,0.90161,0.6462094,2937
XC156743,5 dB,5.0,0.64284,0.5618636,2937
XC47913,5 dB,5.0,0.905856,0.7932354,2937
XC517155,5 dB,5.0,0.948921,0.9256186,2937
XC28333,5 dB,5.0,0.973405,0.9667252,2937
XC415874,5 dB,5.0,0.609547,0.47131100000000004,2937
XC150786,5 dB,5.0,0.963343,0.8029508,2937
XC616146,5 dB,5.0,0.85672,0.6574776,2937
XC39851,5 dB,5.0,0.662945,0.49450659999999996,2937
XC635578,5 dB,5.0,0.881271,0.7929196000000001,2937
XC529309,5 dB,5.0,0.912996,0.911793,2937
XC546753,5 dB,5.0,0.951813,0.9319915999999999,2937
XC517208,5 dB,5.0,0.987879,0.9829798000000001,2937
XC453851,5 dB,5.0,0.177251,0.0,2937
XC628299,5 dB,5.0,0.990384,0.5618548,2937
XC516658,5 dB,5.0,0.91734,0.9196028,2937
XC322878,5 dB,5.0,0.387196,0.3216994,2937
XC694811,5 dB,5.0,0.659293,0.46568339999999997,2937
XC404974,5 dB,5.0,0.850903,0.7838212,2937
XC248630,5 dB,5.0,0.932761,0.9197050000000001,2937
XC516667,5 dB,5.0,0.849567,0.7981816,2937
XC292809,5 dB,5.0,0.989534,0.44770659999999995,2937
XC101062,5 dB,5.0,0.972016,0.9356026,2937
XC96396,5 dB,5.0,0.757315,0.0,2937
XC10744,5 dB,5.0,0.917023,0.9278124,2937
XC322828,5 dB,5.0,0.744814,0.2876358,2937
XC514347,5 dB,5.0,0.877953,0.5508464,2937
XC58843,5 dB,5.0,0.643621,0.21442199999999997,2937
XC154656,5 dB,5.0,0.826438,0.8606436000000001,2937
XC156104,5 dB,5.0,0.428911,0.29514619999999997,2937
XC151021,5 dB,5.0,0.85026,0.7549858,2937
XC439380,5 dB,5.0,0.115549,0.0,2937
XC514217,5 dB,5.0,0.811181,0.8418554,2937
XC307973,5 dB,5.0,0.922313,0.7906282,2937
XC20102,5 dB,5.0,0.332232,0.0,2937
XC694815,5 dB,5.0,0.553414,0.15624739999999998,2937
XC150941,5 dB,5.0,0.622775,0.0,2937
XC577947,5 dB,5.0,0.852442,0.8087104,2937
XC139701,5 dB,5.0,0.91414,0.7046398,2937
XC736636,5 dB,5.0,0.968831,0.8579399999999999,2937
XC516649,5 dB,5.0,0.992972,0.9890342000000001,2937
XC250040,5 dB,5.0,0.810707,0.8086361999999999,2937
XC134456,5 dB,5.0,0.836021,0.7696618,2937
XC714954,5 dB,5.0,0.580904,0.1319802,2937
XC634325,5 dB,5.0,0.809174,0.0,2937
XC376366,5 dB,5.0,0.894139,0.8556969999999999,2937
XC196809,5 dB,5.0,0.721157,0.0,2937
XC429909,5 dB,5.0,0.966089,0.8714464,2937
XC449936,5 dB,5.0,0.977162,0.9244172,2937
XC180857,5 dB,5.0,0.69346,0.0,2937
XC180515,5 dB,5.0,0.968059,0.7418153999999999,2937
XC36105,5 dB,5.0,0.946641,0.9558769999999999,2937
XC291039,5 dB,5.0,0.195153,0.0,2937
XC494097,5 dB,5.0,0.101757,0.0,2937
XC37704,5 dB,5.0,0.565864,0.4637346,2937
XC433376,5 dB,5.0,0.957209,0.8225868000000001,2937
XC39381,5 dB,5.0,0.883219,0.7261454,2937
XC517140,5 dB,5.0,0.95086,0.9471111999999999,2937
XC514357,5 dB,5.0,0.916487,0.5513332,2937
XC228523,5 dB,5.0,0.381082,0.31720699999999996,2937
XC497552,5 dB,5.0,0.731893,0.4468696,2937
XC248855,5 dB,5.0,0.94996,0.9312258,2937
XC159956,5 dB,5.0,0.329919,0.2058808,2937
XC60124,5 dB,5.0,0.930906,0.6872674,2937
XC634056,5 dB,5.0,0.903625,0.8363842,2937
XC205157,5 dB,5.0,0.690099,0.1911574,2937
XC229241,5 dB,5.0,0.925921,0.7914746,2937
XC140327,5 dB,5.0,0.136688,0.0,2937
XC500308,5 dB,5.0,0.951494,0.6249361999999999,2937
XC524072,5 dB,5.0,0.861678,0.7905230000000001,2937
XC360007,5 dB,5.0,0.976026,0.9431056,2937
XC250299,5 dB,5.0,0.481467,0.28731819999999997,2937
XC192428,5 dB,5.0,0.77223,0.4177486,2937
XC717473,5 dB,5.0,0.942511,0.8941392,2937
XC536672,5 dB,5.0,0.127992,0.0,2937
XC614722,5 dB,5.0,0.176699,0.32490220000000003,2937
XC409332,5 dB,5.0,0.720965,0.10388,2937
XC235598,5 dB,5.0,0.441775,0.7919428,2937
XC517005,5 dB,5.0,0.994919,0.8729646000000001,2937
XC572899,5 dB,5.0,0.593118,0.2501906,2937
XC616147,5 dB,5.0,0.855916,0.7840808,2937
XC524075,5 dB,5.0,0.88142,0.7541176,2937
XC535147,5 dB,5.0,0.243552,0.2787686,2937
XC228524,5 dB,5.0,0.835877,0.8210774000000001,2937
XC205305,5 dB,5.0,0.884796,0.2591404,2937
XC279627,5 dB,5.0,0.703621,0.7133654,2937
XC182759,5 dB,5.0,0.667589,0.3952024,2937
XC248856,5 dB,5.0,0.925547,0.8876972000000001,2937
XC529371,5 dB,5.0,0.352372,0.1818516,2937
XC694813,5 dB,5.0,0.523559,0.39222619999999997,2937
XC286019,5 dB,5.0,0.142243,0.0,2937
XC420195,5 dB,5.0,0.891797,0.885582,2937
XC7209,5 dB,5.0,0.874153,0.8962398,2937
XC28806,5 dB,5.0,0.823401,0.0,2937
XC90214,5 dB,5.0,0.916197,0.0,2937
XC228522,5 dB,5.0,0.309535,0.33170120000000003,2937
XC714474,5 dB,5.0,0.404676,0.264475,2937
XC83837,5 dB,5.0,0.104859,0.0,2937
XC270006,5 dB,5.0,0.792493,0.5625774,2937
XC517242,5 dB,5.0,0.981721,0.9760154,2937
XC229522,5 dB,5.0,0.886286,0.7553504,2937
XC300814,5 dB,5.0,0.237524,0.0,2937
XC694823,5 dB,5.0,0.877581,0.7190874,2937
XC634100,5 dB,5.0,0.974363,0.9786766,2937
XC524073,5 dB,5.0,0.913024,0.8654552000000001,2937
XC324612,5 dB,5.0,0.397425,0.0275938,2937
XC155526,5 dB,5.0,0.796223,0.667384,2937
XC286127,5 dB,5.0,0.863175,0.5740626000000001,2937
XC53923,5 dB,5.0,0.988055,0.8481928,2937
XC595546,5 dB,5.0,0.875261,0.8393384000000002,2937
XC196807,5 dB,5.0,0.991797,0.921072,2937
XC369190,5 dB,5.0,0.805436,0.2394358,2937
XC614861,5 dB,5.0,0.962436,0.931781,2937
XC184673,5 dB,5.0,0.953566,0.919649,2937
XC438183,5 dB,5.0,0.801935,0.6048014,2937
XC161622,5 dB,5.0,0.189685,0.0440302,2937
XC156249,5 dB,5.0,0.756673,0.5542484,2937
XC294272,5 dB,5.0,0.948256,0.46125360000000004,2937
XC500312,5 dB,5.0,0.911882,0.7439012,2937
XC223708,5 dB,5.0,0.77554,0.28752279999999997,2937
XC317857,5 dB,5.0,0.926672,0.898752,2937
XC514318,5 dB,5.0,0.162396,0.0756434,2937
XC514342,5 dB,5.0,0.931919,0.8480668,2937
XC152065,5 dB,5.0,0.104124,0.0739538,2937
XC514358,5 dB,5.0,0.746135,0.2961524,2937
XC455169,5 dB,5.0,0.916706,0.8061098,2937
XC236314,5 dB,5.0,0.451711,0.1497294,2937
XC714482,5 dB,5.0,0.708075,0.6431026,2937
XC396491,5 dB,5.0,0.220513,0.0,2937
XC292718,5 dB,5.0,0.139283,0.23017780000000002,2937
XC192769,5 dB,5.0,0.808298,0.758406,2937
XC74984,5 dB,5.0,0.85633,0.8309654,2937
XC754608,5 dB,5.0,0.727672,0.6084495999999999,2937
XC18946,5 dB,5.0,0.828778,0.27933339999999995,2937
XC708006,5 dB,5.0,0.330188,0.0,2937
XC528968,5 dB,5.0,0.840228,0.7697955999999999,2937
XC207975,5 dB,5.0,0.56394,0.2267194,2937
XC634049,5 dB,5.0,0.987744,0.9647298,2937
XC4352,5 dB,5.0,0.511129,0.6735526000000001,2937
XC580956,5 dB,5.0,0.781229,0.069269,2937
XC359332,5 dB,5.0,0.992678,0.0,2937
XC291038,5 dB,5.0,0.264016,0.22192720000000002,2937
XC77104,5 dB,5.0,0.924858,0.8888634,2937
XC529310,5 dB,5.0,0.965215,0.867966,2937
XC523399,5 dB,5.0,0.747499,0.3130628,2937
XC165953,5 dB,5.0,0.914526,0.748219,2937
XC615085,5 dB,5.0,0.423157,0.1480634,2937
XC229230,5 dB,5.0,0.702792,0.5732548,2937
XC514345,5 dB,5.0,0.919882,0.813288,2937
XC292282,5 dB,5.0,0.0,0.0,2937
XC500275,5 dB,5.0,0.928657,0.806413,2937
XC229229,5 dB,5.0,0.667646,0.5689992,2937
XC207972,5 dB,5.0,0.683506,0.3726684,2937
XC283456,5 dB,5.0,0.408794,0.407738,2937
XC409206,5 dB,5.0,0.89256,0.5565032000000001,2937
XC152187,5 dB,5.0,0.484188,0.4328632,2937
XC517082,5 dB,5.0,0.980313,0.9878532,2937
XC1026,5 dB,5.0,0.867781,0.837156,2937
XC145004,5 dB,5.0,0.66832,0.592683,2937
XC193080,5 dB,5.0,0.855814,0.6742456,2937
XC344197,5 dB,5.0,0.70654,0.5407358,2937
XC515030,5 dB,5.0,0.971684,0.9354929999999999,2937
XC572282,5 dB,5.0,0.872588,0.826262,2937
XC83099,5 dB,5.0,0.963168,0.8127295999999999,2937
XC128011,5 dB,5.0,0.189446,0.07090179999999999,2937
XC352084,5 dB,5.0,0.734253,0.23805240000000003,2937
XC121782,5 dB,5.0,0.825326,0.3316194,2937
XC690240,5 dB,5.0,0.219705,0.0639168,2937
XC86089,5 dB,5.0,0.845155,0.7661382,2937
XC291487,5 dB,5.0,0.925233,0.8704143999999999,2937
XC595548,5 dB,5.0,0.849747,0.8425256000000001,2937
XC154186,5 dB,5.0,0.974163,0.9357023999999999,2937
XC196806,5 dB,5.0,0.97468,0.8320364,2937
XC314361,5 dB,5.0,0.83676,0.0,2937
XC429969,5 dB,5.0,0.296021,0.0543296,2937
XC494231,5 dB,5.0,0.926846,0.8986074000000001,2937
XC133150,5 dB,5.0,0.834403,0.2561008,2937
XC736608,5 dB,5.0,0.570746,0.3947486,2937
XC37284,5 dB,5.0,0.412112,0.0468636,2937
XC223709,5 dB,5.0,0.958161,0.7391814,2937
XC514331,5 dB,5.0,0.955177,0.8910432,2937
XC578917,5 dB,5.0,0.271914,0.15995399999999999,2937
XC158018,5 dB,5.0,0.778003,0.5691278000000001,2937
XC633661,5 dB,5.0,0.978804,0.9729735999999999,2937
XC208009,5 dB,5.0,0.848426,0.6990966000000001,2937
XC86090,5 dB,5.0,0.6735,0.5928243999999999,2937
XC610747,5 dB,5.0,0.536408,0.2576658,2937
XC634176,5 dB,5.0,0.594087,0.6339602,2937
XC407905,5 dB,5.0,0.678182,0.161705,2937
XC524074,5 dB,5.0,0.823616,0.8134962,2937
XC204579,5 dB,5.0,0.757371,0.7209977999999999,2937
XC634062,5 dB,5.0,0.885858,0.8352666,2937
XC634098,5 dB,5.0,0.989401,0.9669788,2937
XC514962,5 dB,5.0,0.848386,0.6407848,2937
XC634174,5 dB,5.0,0.989243,0.9850454,2937
XC576693,5 dB,5.0,0.950563,0.3840096,2937
XC210965,5 dB,5.0,0.865255,0.599797,2937
XC736643,5 dB,5.0,0.93042,0.9564284000000001,2937
XC335309,5 dB,5.0,0.934153,0.8733586000000001,2937
XC59517,5 dB,5.0,0.846815,0.8436982000000001,2937
XC1122,5 dB,5.0,0.925849,0.6547258,2937
XC745270,5 dB,5.0,0.721757,0.5546490000000001,2937
XC196810,5 dB,5.0,0.505988,0.4007788,2937
XC386425,5 dB,5.0,0.875064,0.7323845999999999,2937
XC451453,5 dB,5.0,0.213,0.17591479999999998,2937
XC62685,5 dB,5.0,0.481852,0.264444,2937
XC635488,5 dB,5.0,0.880693,0.800154,2937
XC248387,5 dB,5.0,0.881167,0.7743996,2937
XC610748,5 dB,5.0,0.216977,0.0,2937
XC286133,5 dB,5.0,0.925971,0.9331694,2937
XC144443,5 dB,5.0,0.59886,0.1161034,2937
XC552369,5 dB,5.0,0.969604,0.9556488,2937
XC307555,5 dB,5.0,0.225171,0.0,2937
XC42254,5 dB,5.0,0.695454,0.513426,2937
XC441195,5 dB,5.0,0.513425,0.24712680000000004,2937
XC292445,5 dB,5.0,0.957152,0.6975971999999999,2937
XC736647,5 dB,5.0,0.971454,0.9595732,2937
XC222857,5 dB,5.0,0.749267,0.548071,2937
XC417492,5 dB,5.0,0.104118,0.0,2937
XC517122,5 dB,5.0,0.987386,0.9712837999999999,2937
XC65324,5 dB,5.0,0.870521,0.6684486,2937
XC68999,5 dB,5.0,0.691234,0.7103534,2937
XC504459,5 dB,5.0,0.13709,0.12279860000000001,2937
XC634097,5 dB,5.0,0.993095,0.994063,2937
XC694814,5 dB,5.0,0.767303,0.6988022,2937
XC156103,5 dB,5.0,0.16615,0.0,2937
XC470518,5 dB,5.0,0.647647,0.5178282000000001,2937
XC246020,5 dB,5.0,0.93049,0.6798034,2937
XC24867,5 dB,5.0,0.380768,0.3620266,2937
XC42252,5 dB,5.0,0.536562,0.45990539999999996,2937
XC634053,5 dB,5.0,0.98948,0.9900814,2937
XC621565,5 dB,5.0,0.578658,0.45776959999999994,2937
XC151206,5 dB,5.0,0.863081,0.051962600000000005,2937
XC36104,5 dB,5.0,0.970215,0.9361926,2937
XC516680,5 dB,5.0,0.910175,0.9366024,2937
XC626897,5 dB,5.0,0.92306,0.878096,2937
XC36025,5 dB,5.0,0.982146,0.9450358,2937
XC296619,5 dB,5.0,0.986694,0.9454520000000001,2937
XC515023,5 dB,5.0,0.930301,0.7137524,2937
XC409295,5 dB,5.0,0.720108,0.25230980000000003,2937
XC51170,5 dB,5.0,0.78516,0.5364,2937
XC184117,5 dB,5.0,0.765665,0.7844572,2937
XC543594,5 dB,5.0,0.117654,0.0,2937
XC47645,5 dB,5.0,0.597425,0.6417524,2937
XC307556,5 dB,5.0,0.951519,0.0,2937
XC453968,5 dB,5.0,0.862411,0.7473715999999999,2937
XC150,5 dB,5.0,0.981132,0.8375824,2937
XC242994,5 dB,5.0,0.696324,0.020580599999999998,2937
XC500328,5 dB,5.0,0.975074,0.9585976,2937
XC473472,5 dB,5.0,0.772148,0.414523,2937
XC634054,5 dB,5.0,0.981755,0.973317,2937
XC47106,5 dB,5.0,0.177522,0.0475868,2937
XC90653,5 dB,5.0,0.97192,0.8629339999999999,2937
XC223706,5 dB,5.0,0.542001,0.9311678000000001,2937
XC475032,5 dB,5.0,0.322565,0.13744,2937
XC396048,5 dB,5.0,0.461601,0.6914212,2937
XC714472,5 dB,5.0,0.875657,0.626384,2937
XC423,5 dB,5.0,0.855755,0.7856852,2937
XC444049,5 dB,5.0,0.895491,0.891877,2937
XC634051,5 dB,5.0,0.970634,0.9660506,2937
XC245492,5 dB,5.0,0.651973,0.5359111999999999,2937
XC500277,5 dB,5.0,0.912519,0.6846692,2937
XC172589,5 dB,5.0,0.811605,0.6978696,2937
XC634293,5 dB,5.0,0.208481,0.0942488,2937
XC209062,5 dB,5.0,0.974472,0.9467606,2937
XC471099,5 dB,5.0,0.662244,0.49322420000000006,2937
XC476259,5 dB,5.0,0.632386,0.4865532,2937
XC276417,5 dB,5.0,0.966032,0.9178478,2937
XC663611,5 dB,5.0,0.105386,0.0,2937
XC39856,5 dB,5.0,0.935809,0.8608484000000001,2937
XC202654,5 dB,5.0,0.643505,0.41186160000000005,2937
XC180606,5 dB,5.0,0.971751,0.9726656,2937
XC156008,5 dB,5.0,0.486209,0.0,2937
XC152186,5 dB,5.0,0.341161,0.3744486,2937
XC729259,5 dB,5.0,0.242533,0.0506162,2937
XC303388,5 dB,5.0,0.840974,0.6094426000000001,2937
XC287695,5 dB,5.0,0.12867,0.0,2937
XC236362,5 dB,5.0,0.933303,0.942088,2937
XC634169,5 dB,5.0,0.962583,0.9184798000000001,2937
XC714485,5 dB,5.0,0.904667,0.8042056000000001,2937
XC151022,5 dB,5.0,0.884283,0.6110678,2937
XC443573,5 dB,5.0,0.906857,0.8682487999999999,2937
XC248631,5 dB,5.0,0.952204,0.9246416,2937
XC717474,5 dB,5.0,0.969036,0.9292554,2937
XC38865,5 dB,5.0,0.854202,0.6549142,2937
XC446763,5 dB,5.0,0.863662,0.861637,2937
XC514326,5 dB,5.0,0.944723,0.9151377999999999,2937
XC570880,5 dB,5.0,0.353757,0.0930848,2937
XC291040,5 dB,5.0,0.140039,0.058006999999999996,2937
XC473420,5 dB,5.0,0.59526,0.3702608,2937
XC288810,5 dB,5.0,0.120476,0.0563328,2937
XC12113,5 dB,5.0,0.929308,0.819312,2937
XC628298,5 dB,5.0,0.97117,0.630517,2937
XC717471,5 dB,5.0,0.978944,0.9766864,2937
XC149129,5 dB,5.0,0.697746,0.3973698,2937
XC249777,5 dB,5.0,0.943789,0.9387802000000001,2937
XC142209,5 dB,5.0,0.478725,0.0,2937
XC376241,5 dB,5.0,0.771699,0.46184340000000007,2937
XC1074,5 dB,5.0,0.761345,0.6964892,2937
XC731548,5 dB,5.0,0.958038,0.3644652,2937
XC369191,5 dB,5.0,0.803825,0.070011,2937
XC572779,5 dB,5.0,0.94288,0.025473600000000002,2937
XC38940,5 dB,5.0,0.871296,0.7941176000000001,2937
XC516909,5 dB,5.0,0.987809,0.9810128,2937
XC611619,5 dB,5.0,0.869152,0.7897841999999999,2937
XC291821,5 dB,5.0,0.873184,0.8010422,2937
XC444563,5 dB,5.0,0.138912,0.20604459999999997,2937
XC234277,5 dB,5.0,0.83437,0.535421,2937
XC82816,5 dB,5.0,0.912015,0.7898404,2937
XC514363,5 dB,5.0,0.958554,0.8099983999999999,2937
XC156250,5 dB,5.0,0.644985,0.1585144,2937
XC694825,5 dB,5.0,0.729127,0.754875,2937
XC514475,5 dB,5.0,0.984088,0.9153741999999999,2937
XC517347,5 dB,5.0,0.990195,0.9884612,2937
XC479973,5 dB,5.0,0.715524,0.5129056000000001,2937
XC36091,5 dB,5.0,0.772086,0.7257328000000001,2937
XC429907,5 dB,5.0,0.98879,0.9273466000000001,2937
XC33921,5 dB,5.0,0.744181,0.482185,2937
XC109803,5 dB,5.0,0.931731,0.8435494,2937
XC634057,5 dB,5.0,0.521152,0.3889146,2937
XC614855,5 dB,5.0,0.957771,0.6213044,2937
XC694819,5 dB,5.0,0.761936,0.5538453999999999,2937
XC28805,5 dB,5.0,0.777916,0.41681179999999995,2937
XC41664,5 dB,5.0,0.872489,0.8729486,2937
XC154229,5 dB,5.0,0.937259,0.676318,2937
XC429691,5 dB,5.0,0.957573,0.8471591999999999,2937
XC512612,5 dB,5.0,0.628225,0.9247375999999999,2937
XC455030,5 dB,5.0,0.844535,0.6468934,2937
XC517373,5 dB,5.0,0.986714,0.9681960000000001,2937
XC690108,5 dB,5.0,0.970005,0.9575632000000001,2937
XC40408,5 dB,5.0,0.767669,0.6921798,2937
XC34469,5 dB,5.0,0.66874,0.2341994,2937
XC179939,5 dB,5.0,0.664365,0.2539532,2937
XC639813,5 dB,5.0,0.951101,0.9357164000000001,2937
XC514230,5 dB,5.0,0.201001,0.0423518,2937
XC16627,5 dB,5.0,0.865069,0.8696412,2937
XC197559,5 dB,5.0,0.458183,0.4517506,2937
XC190711,5 dB,5.0,0.402141,0.242742,2937
XC389157,5 dB,5.0,0.786345,0.49430579999999996,2937
XC351681,5 dB,5.0,0.33904,0.460802,2937
XC147742,5 dB,5.0,0.464962,0.49859,2937
XC286021,5 dB,5.0,0.195779,0.023245,2937
XC182353,5 dB,5.0,0.95884,0.9461815999999998,2937
XC500316,5 dB,5.0,0.956647,0.9605164,2937
XC91192,5 dB,5.0,0.718828,0.5322479999999999,2937
XC249491,5 dB,5.0,0.733895,0.7207354,2937
XC180517,5 dB,5.0,0.365534,0.2788448,2937
XC13293,5 dB,5.0,0.700885,0.8523916,2937
XC415876,5 dB,5.0,0.466071,0.3513064,2937
XC352083,5 dB,5.0,0.748183,0.680303,2937
XC51169,5 dB,5.0,0.512224,0.11514100000000001,2937
XC535145,5 dB,5.0,0.575898,0.5352584,2937
XC398482,5 dB,5.0,0.993767,0.7505552,2937
XC251529,5 dB,5.0,0.957134,0.9666704000000002,2937
XC448919,5 dB,5.0,0.978448,0.8708302,2937
XC235597,5 dB,5.0,0.927923,0.794637,2937
XC41256,5 dB,5.0,0.556748,0.248771,2937
XC69352,5 dB,5.0,0.517415,0.3007856,2937
XC454532,5 dB,5.0,0.855037,0.8764192,2937
XC249776,5 dB,5.0,0.968252,0.9474584,2937
XC493303,5 dB,5.0,0.958668,0.9468972000000001,2937
XC362122,5 dB,5.0,0.450627,0.2761732,2937
XC168785,5 dB,5.0,0.962106,0.9402328000000001,2937
XC243336,5 dB,5.0,0.595505,0.0,2937
XC42244,5 dB,5.0,0.855,0.8685304,2937
XC64976,5 dB,5.0,0.764674,0.46766300000000005,2937
XC388834,5 dB,5.0,0.853657,0.8271542000000001,2937
XC318412,5 dB,5.0,0.763746,0.5014248,2937
XC312992,5 dB,5.0,0.844492,0.8689220000000001,2937
XC29659,5 dB,5.0,0.947453,0.9324328,2937
XC208007,5 dB,5.0,0.782342,0.40995480000000006,2937
XC717472,5 dB,5.0,0.952206,0.9112232,2937
XC694822,5 dB,5.0,0.734631,0.5529372,2937
XC39060,5 dB,5.0,0.85925,0.7216138,2937
XC514366,5 dB,5.0,0.921744,0.8718071999999999,2937
XC717476,5 dB,5.0,0.983888,0.9575464,2937
XC664632,5 dB,5.0,0.747155,0.2939422,2937
XC334883,5 dB,5.0,0.954714,0.9287040000000001,2937
XC230215,5 dB,5.0,0.987748,0.935162,2937
XC424687,5 dB,5.0,0.479907,0.09175799999999999,2937
XC100391,5 dB,5.0,0.901891,0.8854306,2937
XC230211,5 dB,5.0,0.789087,0.42418560000000005,2937
XC44500,5 dB,5.0,0.829451,0.746213,2937
XC192431,5 dB,5.0,0.848457,0.8868003999999999,2937
XC516606,5 dB,5.0,0.973099,0.9161524,2937
XC569502,5 dB,5.0,0.393933,0.1293362,2937
XC191924,5 dB,5.0,0.684879,0.3278166,2937
XC346041,5 dB,5.0,0.813528,0.30383899999999997,2937
XC15737,5 dB,5.0,0.958571,0.4663074,2937
XC622762,5 dB,5.0,0.733612,0.3265876,2937
XC517018,5 dB,5.0,0.948007,0.9296479999999999,2937
XC284123,5 dB,5.0,0.304629,0.295792,2937
XC286166,5 dB,5.0,0.232174,0.0,2937
XC473594,5 dB,5.0,0.858858,0.45069400000000004,2937
XC513772,5 dB,5.0,0.876941,0.7927746,2937
XC248610,5 dB,5.0,0.915906,0.8783350000000001,2937
XC535146,5 dB,5.0,0.528904,0.0,2937
XC514351,5 dB,5.0,0.371891,0.1777356,2937
XC714470,5 dB,5.0,0.683392,0.473842,2937
XC241931,5 dB,5.0,0.72443,0.5658404,2937
XC513769,5 dB,5.0,0.868132,0.893955,2937
XC438454,5 dB,5.0,0.393655,0.0,2937
XC101061,5 dB,5.0,0.87334,0.8393336,2937
XC515031,5 dB,5.0,0.995337,0.9765568,2937
XC83490,5 dB,5.0,0.96677,0.9041817999999999,2937
XC335304,5 dB,5.0,0.872531,0.548892,2937
XC514338,5 dB,5.0,0.925561,0.7681943999999999,2937
XC192631,5 dB,5.0,0.846872,0.6251834000000001,2937
XC308189,5 dB,5.0,0.705501,0.712716,2937
XC61884,5 dB,5.0,0.768174,0.0,2937
XC535144,5 dB,5.0,0.741162,0.586678,2937
XC508249,5 dB,5.0,0.375449,0.19153340000000002,2937
XC454101,5 dB,5.0,0.970659,0.9597486,2937
XC102681,5 dB,5.0,0.97872,0.9478781999999999,2937
XC253758,5 dB,5.0,0.5043,0.34073159999999997,2937
XC635471,5 dB,5.0,0.881271,0.7944164,2937
XC121788,5 dB,5.0,0.896065,0.9109418,2937
XC14388,5 dB,5.0,0.151144,0.0273646,2937
XC66172,5 dB,5.0,0.512992,0.393384,2937
XC657037,5 dB,5.0,0.371323,0.24551720000000002,2937
XC706612,5 dB,5.0,0.473623,0.3276732,2937
XC694816,5 dB,5.0,0.766914,0.5090830000000001,2937
XC23836,5 dB,5.0,0.160351,0.026890599999999997,2937
XC69102,5 dB,5.0,0.556244,0.09195880000000001,2937
XC515029,5 dB,5.0,0.964469,0.7962130000000001,2937
XC229228,5 dB,5.0,0.623623,0.6067006,2937
XC101056,5 dB,5.0,0.94648,0.9382341999999999,2937
XC616455,5 dB,5.0,0.946791,0.4202126,2937
XC731539,5 dB,5.0,0.988375,0.8419592,2937
XC385745,5 dB,5.0,0.848698,0.6847908,2937
XC634064,5 dB,5.0,0.719428,0.7084284000000001,2937
XC416030,5 dB,5.0,0.714559,0.6826954,2937
XC102680,5 dB,5.0,0.876081,0.6888156000000001,2937
XC192630,5 dB,5.0,0.484045,0.0374324,2937
XC64655,5 dB,5.0,0.60826,0.5838224000000001,2937
XC185174,5 dB,5.0,0.709731,0.7683792,2937
XC33934,5 dB,5.0,0.683389,0.70597,2937
XC106501,5 dB,5.0,0.89578,0.8827178,2937
XC129295,5 dB,5.0,0.978682,0.9511948,2937
XC397624,5 dB,5.0,0.336913,0.0,2937
XC690241,5 dB,5.0,0.507259,0.0,2937
XC572866,5 dB,5.0,0.803666,0.8191946,2937
XC203382,5 dB,5.0,0.595415,0.24688539999999998,2937
XC51171,5 dB,5.0,0.828203,0.7829478,2937
XC177925,5 dB,5.0,0.86384,0.5840264000000001,2937
XC106502,5 dB,5.0,0.876985,0.7914338,2937
XC511547,5 dB,5.0,0.91976,0.7420876,2937
XC36092,5 dB,5.0,0.908428,0.9390890000000001,2937
XC529370,5 dB,5.0,0.417397,0.1731446,2937
XC96896,5 dB,5.0,0.20036,0.0,2937
XC152064,5 dB,5.0,0.126144,0.0,2937
XC634058,5 dB,5.0,0.295294,0.3576522,2937
XC406078,5 dB,5.0,0.864336,0.8444687999999999,2937
XC514283,5 dB,5.0,0.938141,0.5987948,2937
XC166307,5 dB,5.0,0.993793,0.983798,2937
XC317721,5 dB,5.0,0.807345,0.4289772,2937
XC714486,5 dB,5.0,0.770077,0.6078368000000001,2937
XC666746,5 dB,5.0,0.521911,0.0,2937
XC506919,5 dB,5.0,0.521869,0.5933962,2937
XC180856,5 dB,5.0,0.413342,0.0,2937
XC363841,5 dB,5.0,0.153924,0.0763034,2937
XC763502,5 dB,5.0,0.322371,0.188896,2937
XC694809,5 dB,5.0,0.824357,0.7311373999999999,2937
XC39382,5 dB,5.0,0.783621,0.7112871999999999,2937
XC190497,5 dB,5.0,0.95999,0.8903996,2937
XC517321,5 dB,5.0,0.142587,0.144727,2937
XC514374,5 dB,5.0,0.911108,0.6284674,2937
XC576694,5 dB,5.0,0.7416,0.7075836,2937
XC156009,5 dB,5.0,0.748596,0.4335248,2937
XC251530,5 dB,5.0,0.420133,0.3882436,2937
XC317807,5 dB,5.0,0.799444,0.7813112,2937
XC845938,5 dB,5.0,0.17173,0.0233518,2937
XC362112,5 dB,5.0,0.476059,0.4037222,2937
XC39069,5 dB,5.0,0.931829,0.7626267999999999,2937
XC448918,5 dB,5.0,0.892903,0.7508972,2937
XC156006,5 dB,5.0,0.641157,0.2156556,2937
XC34467,5 dB,5.0,0.709956,0.7227585999999999,2937
XC351435,5 dB,5.0,0.828438,0.7089755999999999,2937
XC59518,5 dB,5.0,0.345029,0.3578542,2937
XC83907,5 dB,5.0,0.951171,0.9089056,2937
XC126989,5 dB,5.0,0.61561,0.6529384,2937
XC207950,5 dB,5.0,0.101391,0.0,2937
XC445986,5 dB,5.0,0.953896,0.5924815999999999,2937
XC514467,5 dB,5.0,0.963183,0.8968104,2937
XC517142,5 dB,5.0,0.961942,0.8453329999999999,2937
XC358304,5 dB,5.0,0.256137,0.0,2937
XC516656,5 dB,5.0,0.953887,0.925459,2937
XC42246,5 dB,5.0,0.970963,0.9173818,2937
XC155990,5 dB,5.0,0.104212,0.0,2937
XC41666,5 dB,5.0,0.896541,0.7830854,2937
XC615602,5 dB,5.0,0.462189,0.4314844,2937
XC515615,5 dB,5.0,0.994895,0.992428,2937
XC521535,5 dB,5.0,0.996842,0.9259704,2937
XC240128,5 dB,5.0,0.758189,0.6800653999999999,2937
XC7170,5 dB,5.0,0.938962,0.9549648,2937
XC1080575,5 dB,5.0,0.139985,0.0,2937
XC249439,5 dB,5.0,0.924865,0.9275041999999999,2937
XC457315,5 dB,5.0,0.206747,0.06775439999999999,2937
XC123020,5 dB,5.0,0.875426,0.8424938,2937
XC150779,5 dB,5.0,0.335667,0.1516796,2937
XC706613,5 dB,5.0,0.183291,0.0,2937
XC498079,5 dB,5.0,0.994902,0.9907389999999999,2937
XC514429,5 dB,5.0,0.320544,0.20326460000000002,2937
XC188220,5 dB,5.0,0.965135,0.938439,2937
XC334269,5 dB,5.0,0.243427,0.4356616,2937
XC21587,5 dB,5.0,0.654929,0.5014616000000001,2937
XC42248,5 dB,5.0,0.621155,0.8298752,2937
XC526184,5 dB,5.0,0.87848,0.728359,2937
XC83865,5 dB,5.0,0.156604,0.18775000000000003,2937
XC767562,5 dB,5.0,0.174718,0.0,2937
XC335143,5 dB,5.0,0.702359,0.7570774,2937
XC238665,5 dB,5.0,0.982485,0.9699068000000001,2937
XC629962,5 dB,5.0,0.974693,0.940137,2937
XC117399,5 dB,5.0,0.974348,0.8717526,2937
XC182258,5 dB,5.0,0.201841,0.4783412,2937
XC6192,5 dB,5.0,0.921072,0.8876402000000001,2937
XC705473,5 dB,5.0,0.882589,0.9203616,2937
XC782813,5 dB,5.0,0.159089,0.0,2937
XC141610,5 dB,5.0,0.940577,0.8260652,2937
XC262859,5 dB,5.0,0.944089,0.9390892000000001,2937
XC1183762,5 dB,5.0,0.850991,0.641791,2937
XC221822,5 dB,5.0,0.905828,0.8540981999999999,2937
XC213072,5 dB,5.0,0.966425,0.9249008,2937
XC955344,5 dB,5.0,0.988636,0.9647933999999999,2937
XC452850,5 dB,5.0,0.952819,0.8994974000000001,2937
XC221834,5 dB,5.0,0.901605,0.863345,2937
XC63323,5 dB,5.0,0.868764,0.8768269999999999,2937
XC332903,5 dB,5.0,0.975812,0.9505248,2937
XC35361,5 dB,5.0,0.910261,0.46683260000000004,2937
XC958225,5 dB,5.0,0.969309,0.9491246,2937
XC551201,5 dB,5.0,0.26793,0.0277894,2937
XC117343,5 dB,5.0,0.860004,0.7160014,2937
XC4724,5 dB,5.0,0.931737,0.8524568,2937
XC486438,5 dB,5.0,0.971402,0.9594028,2937
XC123657,5 dB,5.0,0.949184,0.8550053999999999,2937
XC289850,5 dB,5.0,0.826142,0.36283380000000004,2937
XC1050604,5 dB,5.0,0.157984,0.06171279999999999,2937
XC965412,5 dB,5.0,0.968438,0.9473548,2937
XC986715,5 dB,5.0,0.936359,0.836843,2937
XC64282,5 dB,5.0,0.442691,0.7204566,2937
XC217200,5 dB,5.0,0.912413,0.8623552,2937
XC920874,5 dB,5.0,0.286297,0.0,2937
XC117390,5 dB,5.0,0.343242,0.0809782,2937
XC955066,5 dB,5.0,0.979652,0.9757697999999999,2937
XC1099,5 dB,5.0,0.909986,0.9035468,2937
XC238216,5 dB,5.0,0.903308,0.9098704,2937
XC965428,5 dB,5.0,0.962089,0.875901,2937
XC117969,5 dB,5.0,0.833881,0.8443082000000001,2937
XC462182,5 dB,5.0,0.464575,0.0,2937
XC9338,5 dB,5.0,0.680152,0.3340456,2937
XC1035920,5 dB,5.0,0.859396,0.20560420000000001,2937
XC953398,5 dB,5.0,0.814367,0.6075718,2937
XC221836,5 dB,5.0,0.796397,0.7308348,2937
XC239090,5 dB,5.0,0.962241,0.9478894,2937
XC552350,5 dB,5.0,0.223779,0.26135600000000003,2937
XC221828,5 dB,5.0,0.794673,0.7840933999999999,2937
XC401413,5 dB,5.0,0.96177,0.9418772000000001,2937
XC276293,5 dB,5.0,0.962388,0.9341747999999999,2937
XC1182467,5 dB,5.0,0.9681,0.9289408,2937
XC1068423,5 dB,5.0,0.904914,0.7326482000000001,2937
XC570356,5 dB,5.0,0.118876,0.0,2937
XC639880,5 dB,5.0,0.922546,0.48527139999999996,2937
XC47907,5 dB,5.0,0.93248,0.8739395999999999,2937
XC94,5 dB,5.0,0.356317,0.562106,2937
XC450786,5 dB,5.0,0.930104,0.9149506000000001,2937
XC481239,5 dB,5.0,0.903796,0.8289484,2937
XC1009773,5 dB,5.0,0.886154,0.6270554,2937
XC871978,5 dB,5.0,0.456831,0.3125778,2937
XC619043,5 dB,5.0,0.321551,0.0,2937
XC717260,5 dB,5.0,0.98528,0.7720624,2937
XC117341,5 dB,5.0,0.861686,0.9328906,2937
XC1173801,5 dB,5.0,0.337267,0.2554518,2937
XC563191,5 dB,5.0,0.960042,0.9771481999999999,2937
XC982174,5 dB,5.0,0.933674,0.8073342,2937
XC119909,5 dB,5.0,0.918392,0.8266978,2937
XC117940,5 dB,5.0,0.910418,0.8086378,2937
XC1142042,5 dB,5.0,0.956103,0.9298884,2937
XC648682,5 dB,5.0,0.970233,0.9566041999999999,2937
XC717257,5 dB,5.0,0.98528,0.6868282,2937
XC1068898,5 dB,5.0,0.62104,0.3028636,2937
XC670079,5 dB,5.0,0.973885,0.9248823999999999,2937
XC862953,5 dB,5.0,0.915617,0.894823,2937
XC1139578,5 dB,5.0,0.956144,0.9583142,2937
XC817025,5 dB,5.0,0.785548,0.44536239999999994,2937
XC117237,5 dB,5.0,0.102532,0.0,2937
XC92072,5 dB,5.0,0.88362,0.8047346000000001,2937
XC6265,5 dB,5.0,0.925973,0.8969074000000001,2937
XC231238,5 dB,5.0,0.953463,0.8918329999999999,2937
XC124943,5 dB,5.0,0.879802,0.7782392,2937
XC74276,5 dB,5.0,0.931328,0.47948979999999997,2937
XC273514,5 dB,5.0,0.957477,0.9690716,2937
XC9939,5 dB,5.0,0.818458,0.8348746,2937
XC13506,5 dB,5.0,0.96277,0.9674454000000001,2937
XC986718,5 dB,5.0,0.87504,0.9142796000000001,2937
XC683921,5 dB,5.0,0.902002,0.890362,2937
XC401264,5 dB,5.0,0.896497,0.8882372000000001,2937
XC698536,5 dB,5.0,0.842852,0.7554436,2937
XC167252,5 dB,5.0,0.928827,0.8856128,2937
XC673176,5 dB,5.0,0.888035,0.7876960000000001,2937
XC472076,5 dB,5.0,0.804206,0.3201608,2937
XC730108,5 dB,5.0,0.892769,0.899985,2937
XC353537,5 dB,5.0,0.642528,0.1884068,2937
XC821559,5 dB,5.0,0.809085,0.7200902,2937
XC1019664,5 dB,5.0,0.95487,0.9100918,2937
XC574867,5 dB,5.0,0.937328,0.9325762,2937
XC231245,5 dB,5.0,0.922954,0.8541724,2937
XC36720,5 dB,5.0,0.933903,0.8276555999999999,2937
XC446610,5 dB,5.0,0.898646,0.6013306,2937
XC117402,5 dB,5.0,0.319432,0.2691814,2937
XC439082,5 dB,5.0,0.131385,0.0500958,2937
XC176263,5 dB,5.0,0.855423,0.7856719999999999,2937
XC329091,5 dB,5.0,0.917364,0.8942004000000001,2937
XC65691,5 dB,5.0,0.918903,0.945358,2937
XC9840,5 dB,5.0,0.926503,0.9191687999999999,2937
XC639885,5 dB,5.0,0.945922,0.7402292,2937
XC239092,5 dB,5.0,0.551374,0.334263,2937
XC881545,5 dB,5.0,0.949997,0.9180630000000001,2937
XC176277,5 dB,5.0,0.801849,0.6319934,2937
XC685672,5 dB,5.0,0.776086,0.3892488,2937
XC609167,5 dB,5.0,0.901681,0.9017175999999999,2937
XC75049,5 dB,5.0,0.873252,0.8322198000000001,2937
XC124860,5 dB,5.0,0.97728,0.9586064000000001,2937
XC209066,5 dB,5.0,0.413611,0.0,2937
XC593289,5 dB,5.0,0.492626,0.2569334,2937
XC330075,5 dB,5.0,0.611959,0.13423960000000001,2937
XC54798,5 dB,5.0,0.833668,0.7802894,2937
XC127813,5 dB,5.0,0.853691,0.6801048,2937
XC549355,5 dB,5.0,0.22236,0.0,2937
XC609913,5 dB,5.0,0.961577,0.9435282,2937
XC140621,5 dB,5.0,0.950747,0.8937120000000001,2937
XC104125,5 dB,5.0,0.881436,0.6715768,2937
XC203677,5 dB,5.0,0.919978,0.9060658,2937
XC349414,5 dB,5.0,0.778211,0.6731118,2937
XC529165,5 dB,5.0,0.969833,0.9686288000000001,2937
XC217695,5 dB,5.0,0.227026,0.0,2937
XC733965,5 dB,5.0,0.976785,0.9616502,2937
XC1150401,5 dB,5.0,0.611512,0.41514660000000003,2937
XC284945,5 dB,5.0,0.912551,0.880435,2937
XC380710,5 dB,5.0,0.951833,0.9234734,2937
XC743526,5 dB,5.0,0.924091,0.7033126000000001,2937
XC173433,5 dB,5.0,0.324142,0.1777572,2937
XC260327,5 dB,5.0,0.971701,0.9419408,2937
XC1180204,5 dB,5.0,0.828007,0.2703376,2937
XC43730,5 dB,5.0,0.196826,0.0488116,2937
XC11871,5 dB,5.0,0.957712,0.8437438,2937
XC795926,5 dB,5.0,0.69317,0.7115724,2937
XC353906,5 dB,5.0,0.92284,0.910408,2937
XC251636,5 dB,5.0,0.894403,0.8916204000000001,2937
XC1068886,5 dB,5.0,0.930035,0.9246028000000001,2937
XC117475,5 dB,5.0,0.932573,0.7836142,2937
XC614772,5 dB,5.0,0.267401,0.1507898,2937
XC769477,5 dB,5.0,0.897261,0.8755518,2937
XC156972,5 dB,5.0,0.944136,0.9186070000000001,2937
XC192238,5 dB,5.0,0.963027,0.8863586,2937
XC346417,5 dB,5.0,0.976826,0.9698992000000001,2937
XC698535,5 dB,5.0,0.944691,0.9105169999999999,2937
XC221885,5 dB,5.0,0.958607,0.9629083999999999,2937
XC24203,5 dB,5.0,0.973634,0.9644836,2937
XC1183429,5 dB,5.0,0.945257,0.9265318,2937
XC387680,5 dB,5.0,0.902602,0.904581,2937
XC122487,5 dB,5.0,0.926712,0.901023,2937
XC97090,5 dB,5.0,0.96147,0.9109784,2937
XC318739,5 dB,5.0,0.801021,0.6047043999999999,2937
XC944387,5 dB,5.0,0.930488,0.9144884,2937
XC537897,5 dB,5.0,0.374801,0.44025759999999997,2937
XC115877,5 dB,5.0,0.859547,0.0749,2937
XC694205,5 dB,5.0,0.957698,0.8966494,2937
XC187295,5 dB,5.0,0.866961,0.8216314,2937
XC155416,5 dB,5.0,0.892368,0.727379,2937
XC127951,5 dB,5.0,0.175801,0.0710646,2937
XC391429,5 dB,5.0,0.876451,0.8440728,2937
XC801655,5 dB,5.0,0.851202,0.7036366000000001,2937
XC952952,5 dB,5.0,0.984489,0.9705826,2937
XC1078023,5 dB,5.0,0.928744,0.9406718,2937
XC1175092,5 dB,5.0,0.23183,0.269022,2937
XC34,5 dB,5.0,0.940276,0.9028769999999999,2937
XC687037,5 dB,5.0,0.102743,0.0,2937
XC3145,5 dB,5.0,0.784343,0.6740174,2937
XC512211,5 dB,5.0,0.800661,0.7996208,2937
XC582797,5 dB,5.0,0.94875,0.9251149999999999,2937
XC188875,5 dB,5.0,0.85392,0.4922272,2937
XC85442,5 dB,5.0,0.870663,0.7907706,2937
XC221821,5 dB,5.0,0.875863,0.914836,2937
XC122569,5 dB,5.0,0.841083,0.5442085999999999,2937
XC390190,5 dB,5.0,0.553077,0.2287738,2937
XC556639,5 dB,5.0,0.892662,0.8551216,2937
XC514464,5 dB,5.0,0.979491,0.9525162,2937
XC353330,5 dB,5.0,0.726196,0.5871326,2937
XC294118,5 dB,5.0,0.165463,0.0,2937
XC529481,5 dB,5.0,0.984845,0.9554608,2937
XC333322,5 dB,5.0,0.939046,0.8875531999999999,2937
XC752666,5 dB,5.0,0.972371,0.6387856000000001,2937
XC334270,5 dB,5.0,0.809676,0.4312646,2937
XC65380,5 dB,5.0,0.707719,0.1681902,2937
XC249415,5 dB,5.0,0.855507,0.8654776,2937
XC657320,5 dB,5.0,0.973384,0.9413454,2937
XC514280,5 dB,5.0,0.919244,0.8134615999999999,2937
XC395757,5 dB,5.0,0.746375,0.49033420000000005,2937
XC124264,5 dB,5.0,0.92947,0.9447338000000001,2937
XC6189,5 dB,5.0,0.633307,0.48665959999999997,2937
XC521538,5 dB,5.0,0.979078,0.9363638,2937
XC282306,5 dB,5.0,0.958133,0.9429698,2937
XC117398,5 dB,5.0,0.976064,0.9159718,2937
XC986563,5 dB,5.0,0.531096,0.3968872,2937
XC724679,5 dB,5.0,0.979358,0.9575794,2937
XC616210,5 dB,5.0,0.949173,0.8767482,2937
XC557622,5 dB,5.0,0.509008,0.146691,2937
XC621782,5 dB,5.0,0.904588,0.5878294000000001,2937
XC845927,5 dB,5.0,0.399266,0.151116,2937
XC428699,5 dB,5.0,0.954652,0.4787638,2937
XC350929,5 dB,5.0,0.329797,0.49152640000000003,2937
XC979864,5 dB,5.0,0.965823,0.9351546000000001,2937
XC239087,5 dB,5.0,0.954368,0.9356244,2937
XC837123,5 dB,5.0,0.923719,0.9442952,2937
XC400646,5 dB,5.0,0.304408,0.1677482,2937
XC29427,5 dB,5.0,0.947395,0.9262064000000001,2937
XC435857,5 dB,5.0,0.898394,0.8974129999999999,2937
XC9904,5 dB,5.0,0.947009,0.8729528,2937
XC536695,5 dB,5.0,0.9379,0.9509556,2937
XC456377,5 dB,5.0,0.897879,0.8885721999999999,2937
XC481243,5 dB,5.0,0.839541,0.7696254,2937
XC231252,5 dB,5.0,0.450497,0.1723798,2937
XC182608,5 dB,5.0,0.477597,0.2859982,2937
XC338619,5 dB,5.0,0.875808,0.75365,2937
XC91214,5 dB,5.0,0.301805,0.1508416,2937
XC944044,5 dB,5.0,0.898035,0.8769964,2937
XC54929,5 dB,5.0,0.916533,0.4845448,2937
XC340041,5 dB,5.0,0.260718,0.2135666,2937
XC520724,5 dB,5.0,0.942257,0.7388060000000001,2937
XC202,5 dB,5.0,0.893135,0.8471586,2937
XC1158132,5 dB,5.0,0.947274,0.7049736,2937
XC117474,5 dB,5.0,0.869138,0.7599218000000001,2937
XC217201,5 dB,5.0,0.762367,0.7530534,2937
XC277175,5 dB,5.0,0.914712,0.2379228,2937
XC71614,5 dB,5.0,0.490413,0.5023688,2937
XC195102,5 dB,5.0,0.761616,0.7036694,2937
XC585162,5 dB,5.0,0.912858,0.0,2937
XC608132,5 dB,5.0,0.933033,0.8765518,2937
XC270977,5 dB,5.0,0.824343,0.47769680000000003,2937
XC121330,5 dB,5.0,0.317515,0.3165598,2937
XC221826,5 dB,5.0,0.909222,0.9195708,2937
XC40712,5 dB,5.0,0.958958,0.7976668,2937
XC345319,5 dB,5.0,0.413687,0.3100902,2937
XC692855,5 dB,5.0,0.96726,0.9434277999999999,2937
XC231248,5 dB,5.0,0.959104,0.9540849999999998,2937
XC641695,5 dB,5.0,0.964371,0.8812279999999999,2937
XC1181643,5 dB,5.0,0.960298,0.9165074000000001,2937
XC102372,5 dB,5.0,0.829914,0.7624752,2937
XC514319,5 dB,5.0,0.413643,0.40833519999999995,2937
XC329089,5 dB,5.0,0.958919,0.9239834,2937
XC525925,5 dB,5.0,0.204079,0.1797102,2937
XC221818,5 dB,5.0,0.827682,0.4947534,2937
XC845941,5 dB,5.0,0.311186,0.0,2937
XC387444,5 dB,5.0,0.899062,0.8881282,2937
XC105785,5 dB,5.0,0.519865,0.6803686,2937
XC138931,5 dB,5.0,0.518545,0.058162000000000005,2937
XC119752,5 dB,5.0,0.907817,0.8704069999999999,2937
XC406949,5 dB,5.0,0.52667,0.0,2937
XC117391,5 dB,5.0,0.651459,0.6605152,2937
XC769668,5 dB,5.0,0.936608,0.9019028,2937
XC506024,5 dB,5.0,0.90257,0.9004516,2937
XC239091,5 dB,5.0,0.530733,0.08333120000000001,2937
XC1011761,5 dB,5.0,0.931179,0.8074894,2937
XC9563,5 dB,5.0,0.83942,0.8283267999999999,2937
XC1139336,5 dB,5.0,0.963273,0.945244,2937
XC117938,5 dB,5.0,0.79153,0.5094179999999999,2937
XC127229,5 dB,5.0,0.92904,0.8198624000000001,2937
XC537922,5 dB,5.0,0.160613,0.0,2937
XC33754,5 dB,5.0,0.994634,0.9934118,2937
XC275912,5 dB,5.0,0.896331,0.8970852,2937
XC298876,5 dB,5.0,0.938597,0.8754643999999999,2937
XC54857,5 dB,5.0,0.795939,0.3249368,2937
XC117875,5 dB,5.0,0.744742,0.9039496,2937
XC159203,5 dB,5.0,0.164114,0.0,2937
XC576436,5 dB,5.0,0.947419,0.9119872000000001,2937
XC251635,5 dB,5.0,0.640693,0.430436,2937
XC95327,5 dB,5.0,0.1468,0.1184878,2937
XC100340,5 dB,5.0,0.92904,0.8276074,2937
XC251975,5 dB,5.0,0.889012,0.8960208,2937
XC965399,5 dB,5.0,0.965059,0.8229127999999999,2937
XC745959,5 dB,5.0,0.70782,0.030873,2937
XC1076679,5 dB,5.0,0.733545,0.5346824,2937
XC13439,5 dB,5.0,0.892385,0.8135094,2937
XC477771,5 dB,5.0,0.929494,0.8568664,2937
XC1085552,5 dB,5.0,0.954439,0.9435420000000001,2937
XC97267,5 dB,5.0,0.882989,0.792685,2937
XC1028543,5 dB,5.0,0.981374,0.9741256,2937
XC248663,5 dB,5.0,0.860877,0.8412772000000001,2937
XC483178,5 dB,5.0,0.488769,0.4502286,2937
XC771791,5 dB,5.0,0.916025,0.9143036,2937
XC1174785,5 dB,5.0,0.895942,0.9206516,2937
XC517004,5 dB,5.0,0.994588,0.9336076,2937
XC257244,5 dB,5.0,0.915859,0.8139868,2937
XC449720,5 dB,5.0,0.141054,0.3786042,2937
XC493784,5 dB,5.0,0.940029,0.8831236,2937
XC472328,5 dB,5.0,0.950167,0.9583056000000001,2937
XC24460,5 dB,5.0,0.857748,0.0,2937
XC64137,5 dB,5.0,0.933161,0.8936702000000001,2937
XC517023,5 dB,5.0,0.984956,0.9748142,2937
XC354167,5 dB,5.0,0.888751,0.103264,2937
XC516634,5 dB,5.0,0.951678,0.9533016,2937
XC706672,5 dB,5.0,0.315096,0.0779204,2937
XC117970,5 dB,5.0,0.92721,0.8456464,2937
XC56827,5 dB,5.0,0.254641,0.1258524,2937
XC748492,5 dB,5.0,0.895348,0.5268328,2937
XC767460,5 dB,5.0,0.597703,0.2663072,2937
XC295796,5 dB,5.0,0.941999,0.9487677999999999,2937
XC933265,5 dB,5.0,0.957475,0.9505117999999999,2937
XC984820,5 dB,5.0,0.774135,0.7660382,2937
XC557620,5 dB,5.0,0.964193,0.956437,2937
XC894922,5 dB,5.0,0.224234,0.1249468,2937
XC21589,5 dB,5.0,0.605349,0.5108976000000001,2937
XC117400,5 dB,5.0,0.951904,0.9230691999999999,2937
XC117439,5 dB,5.0,0.861975,0.6922764,2937
XC44067,5 dB,5.0,0.907718,0.7603144,2937
XC490102,5 dB,5.0,0.955506,0.9335492000000001,2937
XC351780,5 dB,5.0,0.555355,0.0,2937
XC1145229,5 dB,5.0,0.951732,0.9352608,2937
XC33658,5 dB,5.0,0.10166,0.0,2937
XC94146,5 dB,5.0,0.697371,0.07514620000000001,2937
XC339994,5 dB,5.0,0.94164,0.7368564,2937
XC1033438,5 dB,5.0,0.949621,0.8953557999999999,2937
XC117866,5 dB,5.0,0.8854,0.823885,2937
XC683916,5 dB,5.0,0.929986,0.8498165999999999,2937
XC199263,5 dB,5.0,0.890099,0.9040098000000001,2937
XC1152523,5 dB,5.0,0.752799,0.7057206,2937
XC944386,5 dB,5.0,0.901723,0.8634356000000001,2937
XC9839,5 dB,5.0,0.918292,0.8893856,2937
XC223712,5 dB,5.0,0.544754,0.6400238,2937
XC291909,5 dB,5.0,0.882021,0.6975772,2937
XC511115,5 dB,5.0,0.174564,0.0237124,2937
XC231237,5 dB,5.0,0.967734,0.8944373999999999,2937
XC95326,5 dB,5.0,0.130261,0.098663,2937
XC507903,5 dB,5.0,0.937446,0.9259489999999999,2937
XC353525,5 dB,5.0,0.787,0.49238540000000003,2937
XC517126,5 dB,5.0,0.963214,0.9255547999999999,2937
XC17881,5 dB,5.0,0.984836,0.9393423999999999,2937
XC514446,5 dB,5.0,0.800117,0.5476748,2937
XC1044072,5 dB,5.0,0.953327,0.8833262,2937
XC517021,5 dB,5.0,0.946552,0.8224978000000001,2937
XC435537,5 dB,5.0,0.830012,0.0437086,2937
XC862485,5 dB,5.0,0.870892,0.8709276000000001,2937
XC127228,5 dB,5.0,0.926707,0.8942140000000001,2937
XC810505,5 dB,5.0,0.52884,0.430775,2937
XC845929,5 dB,5.0,0.319027,0.2987786,2937
XC698654,5 dB,5.0,0.89888,0.8273334,2937
XC845037,5 dB,5.0,0.884954,0.8315496,2937
XC340067,5 dB,5.0,0.435326,0.7551472,2937
XC399451,5 dB,5.0,0.945645,0.9154854,2937
XC137697,5 dB,5.0,0.937874,0.9256496000000001,2937
XC178657,5 dB,5.0,0.909084,0.329773,2937
XC980748,5 dB,5.0,0.9505,0.905956,2937
XC514492,5 dB,5.0,0.889702,0.7628186,2937
XC156745,5 dB,5.0,0.348482,0.0887116,2937
XC526190,5 dB,5.0,0.154933,0.023938400000000002,2937
XC256978,5 dB,5.0,0.968023,0.9371957999999999,2937
XC333320,5 dB,5.0,0.973545,0.9448156000000001,2937
XC656067,5 dB,5.0,0.964403,0.8558298000000001,2937
XC372434,5 dB,5.0,0.947506,0.9374144,2937
XC834114,5 dB,5.0,0.104002,0.0,2937
XC64136,5 dB,5.0,0.959684,0.944506,2937
XC2706,5 dB,5.0,0.96516,0.9263038,2937
XC117476,5 dB,5.0,0.908795,0.7961288,2937
XC610115,5 dB,5.0,0.966648,0.9572184,2937
XC121218,5 dB,5.0,0.926228,0.8835504000000001,2937
XC321483,5 dB,5.0,0.425885,0.0,2937
XC221820,5 dB,5.0,0.874419,0.9006422000000001,2937
XC68054,5 dB,5.0,0.895416,0.8932916000000001,2937
XC297690,5 dB,5.0,0.786225,0.6914165999999999,2937
XC212849,5 dB,5.0,0.852525,0.381453,2937
XC305368,5 dB,5.0,0.964135,0.916987,2937
XC998172,5 dB,5.0,0.933995,0.8919412,2937
XC249414,5 dB,5.0,0.883676,0.49914240000000004,2937
XC812877,5 dB,5.0,0.93668,0.9093464000000001,2937
XC333567,5 dB,5.0,0.980725,0.9659668,2937
XC1181496,5 dB,5.0,0.518143,0.0,2937
XC117867,5 dB,5.0,0.947733,0.9130178000000001,2937
XC979867,5 dB,5.0,0.865231,0.8799704,2937
XC982175,5 dB,5.0,0.929577,0.920238,2937
XC165994,5 dB,5.0,0.337984,0.020498,2937
XC642569,5 dB,5.0,0.935274,0.6599028,2937
XC517269,5 dB,5.0,0.943273,0.9326732,2937
XC151221,5 dB,5.0,0.293666,0.0,2937
XC55897,5 dB,5.0,0.290612,0.4341406,2937
XC816990,5 dB,5.0,0.498087,0.069789,2937
XC428089,5 dB,5.0,0.859247,0.5862946,2937
XC564620,5 dB,5.0,0.968265,0.9442354,2937
XC117338,5 dB,5.0,0.610103,0.521448,2937
XC15033,5 dB,5.0,0.953975,0.9810254,2937
XC1085553,5 dB,5.0,0.957146,0.951839,2937
XC65348,5 dB,5.0,0.464661,0.24575960000000002,2937
XC76655,5 dB,5.0,0.936501,0.8895852,2937
XC152944,5 dB,5.0,0.363974,0.4070194,2937
XC117353,5 dB,5.0,0.841064,0.6601092000000001,2937
XC245528,5 dB,5.0,0.967519,0.9274321999999999,2937
XC360009,5 dB,5.0,0.813057,0.6663517999999999,2937
XC106610,5 dB,5.0,0.833459,0.7514466000000001,2937
XC54394,5 dB,5.0,0.958638,0.9363382,2937
XC3735,5 dB,5.0,0.896464,0.8881298,2937
XC463658,5 dB,5.0,0.933641,0.174725,2937
XC377192,5 dB,5.0,0.962513,0.9552706000000001,2937
XC1179462,5 dB,5.0,0.969073,0.972621,2937
XC1073177,5 dB,5.0,0.937361,0.9298358,2937
XC39855,5 dB,5.0,0.955883,0.6675998,2937
XC261514,5 dB,5.0,0.387534,0.20752420000000002,2937
XC85036,5 dB,5.0,0.936562,0.7439102,2937
XC482180,5 dB,5.0,0.94446,0.77789,2937
XC429417,5 dB,5.0,0.880881,0.7584728000000001,2937
XC221887,5 dB,5.0,0.949968,0.8516298000000001,2937
XC493927,5 dB,5.0,0.843796,0.8698304,2937
XC636382,5 dB,5.0,0.955633,0.9599964,2937
XC1065170,5 dB,5.0,0.924382,0.42174839999999997,2937
XC90693,5 dB,5.0,0.91595,0.8878944000000001,2937
XC257243,5 dB,5.0,0.945906,0.8959196,2937
XC634096,5 dB,5.0,0.980716,0.980545,2937
XC363937,5 dB,5.0,0.981547,0.970368,2937
XC73976,5 dB,5.0,0.774724,0.783535,2937
XC444542,5 dB,5.0,0.902358,0.8356275999999999,2937
XC872350,5 dB,5.0,0.834867,0.810961,2937
XC9838,5 dB,5.0,0.862874,0.9356688,2937
XC754627,5 dB,5.0,0.558207,0.10263339999999999,2937
XC15034,5 dB,5.0,0.974847,0.8832000000000001,2937
XC196811,5 dB,5.0,0.866462,0.3054708,2937
XC965410,5 dB,5.0,0.946006,0.9438882,2937
XC231235,5 dB,5.0,0.952821,0.894448,2937
XC767464,5 dB,5.0,0.11715,0.0486698,2937
XC257241,5 dB,5.0,0.968615,0.9307538000000001,2937
XC4097,5 dB,5.0,0.390442,0.250211,2937
XC517322,5 dB,5.0,0.905869,0.7386052000000001,2937
XC730107,5 dB,5.0,0.795193,0.6577246,2937
XC474813,5 dB,5.0,0.921212,0.9047943999999999,2937
XC117339,5 dB,5.0,0.762027,0.6186147999999999,2937
XC979865,5 dB,5.0,0.957798,0.946121,2937
XC171227,5 dB,5.0,0.91431,0.8589508,2937
XC5427,5 dB,5.0,0.939253,0.9016178,2937
XC455138,5 dB,5.0,0.970545,0.9609498000000001,2937
XC239095,5 dB,5.0,0.544886,0.1736586,2937
XC131553,5 dB,5.0,0.980711,0.9463354,2937
XC129750,5 dB,5.0,0.934786,0.8521836,2937
XC277016,5 dB,5.0,0.949493,0.8929802,2937
XC17645,5 dB,5.0,0.899497,0.8240888,2937
XC521554,5 dB,5.0,0.915223,0.908014,2937
XC85034,5 dB,5.0,0.939561,0.9029654,2937
XC127504,5 dB,5.0,0.917403,0.9159084,2937
XC722858,5 dB,5.0,0.963598,0.9208214,2937
XC9837,5 dB,5.0,0.947445,0.921373,2937
XC221835,5 dB,5.0,0.907491,0.298209,2937
XC742257,5 dB,5.0,0.958342,0.9640131999999999,2937
XC514964,5 dB,5.0,0.592503,0.40257319999999996,2937
XC53913,5 dB,5.0,0.978126,0.9591149999999999,2937
XC125693,5 dB,5.0,0.874146,0.8369364000000001,2937
XC225380,5 dB,5.0,0.927876,0.8512701999999999,2937
XC1174512,5 dB,5.0,0.214551,0.1199382,2937
XC525926,5 dB,5.0,0.332773,0.354751,2937
XC221832,5 dB,5.0,0.842706,0.3559636,2937
XC248386,5 dB,5.0,0.911729,0.8568950000000001,2937
XC231261,5 dB,5.0,0.103545,0.0682852,2937
XC845920,5 dB,5.0,0.159965,0.0459156,2937
XC133287,5 dB,5.0,0.743769,0.082572,2937
XC1142047,5 dB,5.0,0.975,0.9166247999999999,2937
XC85037,5 dB,5.0,0.94,0.8614606,2937
XC1043495,5 dB,5.0,0.201798,0.0,2937
XC12055,5 dB,5.0,0.975139,0.9350289999999999,2937
XC517265,5 dB,5.0,0.991316,0.9623662,2937
XC1180982,5 dB,5.0,0.952046,0.7876604,2937
XC982176,5 dB,5.0,0.75168,0.1521022,2937
XC117904,5 dB,5.0,0.799385,0.7920526000000001,2937
XC424163,5 dB,5.0,0.932728,0.7732778,2937
XC84175,5 dB,5.0,0.774466,0.2993436,2937
XC517123,5 dB,5.0,0.96891,0.9082926,2937
XC303458,5 dB,5.0,0.558501,0.5865352,2937
XC234299,5 dB,5.0,0.887524,0.7958358000000001,2937
XC440015,5 dB,5.0,0.923985,0.809865,2937
XC33320,5 dB,5.0,0.854144,0.43925080000000005,2937
XC767563,5 dB,5.0,0.0,0.020482,2937
XC61371,5 dB,5.0,0.896098,0.1412088,2937
XC221816,5 dB,5.0,0.929852,0.8765392000000001,2937
XC340660,5 dB,5.0,0.925776,0.5397598,2937
XC1074885,5 dB,5.0,0.511935,0.2010198,2937
XC917458,5 dB,5.0,0.427481,0.0,2937
XC862961,5 dB,5.0,0.904468,0.8601654,2937
XC231260,5 dB,5.0,0.234865,0.0733764,2937
XC984344,5 dB,5.0,0.907685,0.8079004,2937
XC124265,5 dB,5.0,0.961168,0.9482016,2937
XC73975,5 dB,5.0,0.920271,0.7549754,2937
XC105718,5 dB,5.0,0.927111,0.7521234,2937
XC41184,5 dB,5.0,0.600856,0.1709178,2937
XC221831,5 dB,5.0,0.846811,0.636846,2937
XC987304,5 dB,5.0,0.527856,0.5169536,2937
XC767564,5 dB,5.0,0.0,0.0559392,2937
XC13372,5 dB,5.0,0.9317,0.8593256,2937
XC768540,5 dB,5.0,0.921844,0.9189488000000001,2937
XC516908,5 dB,5.0,0.963654,0.9720036000000001,2937
XC1080573,5 dB,5.0,0.205258,0.187866,2937
XC274416,5 dB,5.0,0.964162,0.8536493999999999,2937
XC1009853,5 dB,5.0,0.302361,0.21181339999999999,2937
XC261509,5 dB,5.0,0.96503,0.8910712000000001,2937
XC1153871,5 dB,5.0,0.981049,0.9635716000000001,2937
XC514370,5 dB,5.0,0.594911,0.6105584000000001,2937
XC709625,5 dB,5.0,0.93475,0.9209288000000001,2937
XC302998,5 dB,5.0,0.18898,0.0,2937
XC63324,5 dB,5.0,0.956908,0.73555,2937
XC376452,5 dB,5.0,0.957103,0.9415498,2937
XC615158,5 dB,5.0,0.403471,0.283452,2937
XC987210,5 dB,5.0,0.960548,0.924103,2937
XC251637,5 dB,5.0,0.923616,0.8956716,2937
XC641683,5 dB,5.0,0.954718,0.8502154000000001,2937
XC257240,5 dB,5.0,0.972179,0.8673400000000001,2937
XC980749,5 dB,5.0,0.888802,0.9225936000000001,2937
XC231244,5 dB,5.0,0.896416,0.7674688,2937
XC228537,5 dB,5.0,0.641122,0.6033868,2937
XC515377,5 dB,5.0,0.958902,0.8650598,2937
XC198718,5 dB,5.0,0.968539,0.9275856000000001,2937
XC845954,5 dB,5.0,0.159965,0.0,2937
XC1085558,5 dB,5.0,0.973997,0.9686274000000001,2937
XC318740,5 dB,5.0,0.575802,0.5513522,2937
XC549356,5 dB,5.0,0.610826,0.1270818,2937
XC148702,5 dB,5.0,0.576668,0.46013780000000004,2937
XC3135,5 dB,5.0,0.462275,0.3161606,2937
XC633784,5 dB,5.0,0.977893,0.9660418,2937
XC493786,5 dB,5.0,0.942875,0.8928014,2937
XC537720,5 dB,5.0,0.923267,0.9275791999999999,2937
XC477102,5 dB,5.0,0.947297,0.9340828,2937
XC660666,5 dB,5.0,0.133761,0.0,2937
XC755078,5 dB,5.0,0.928151,0.9022128,2937
XC392986,5 dB,5.0,0.827449,0.5913804,2937
XC973634,5 dB,5.0,0.94121,0.8650886,2937
XC176977,5 dB,5.0,0.903008,0.5247918,2937
XC736611,5 dB,5.0,0.324841,0.29273340000000003,2937
XC85066,5 dB,5.0,0.948959,0.5684448,2937
XC186987,5 dB,5.0,0.931169,0.9012544,2937
XC444283,5 dB,5.0,0.97363,0.9586347999999999,2937
XC92,5 dB,5.0,0.937459,0.9271141999999999,2937
XC862956,5 dB,5.0,0.94249,0.9350812,2937
XC42256,5 dB,5.0,0.384341,0.307687,2937
XC231232,5 dB,5.0,0.578605,0.0441686,2937
XC676249,5 dB,5.0,0.957635,0.8825240000000001,2937
XC441107,5 dB,5.0,0.974373,0.9085674000000001,2937
XC113213,5 dB,5.0,0.888989,0.832353,2937
XC250734,5 dB,5.0,0.905987,0.8627461999999999,2937
XC687236,5 dB,5.0,0.922157,0.8942562000000001,2937
XC119566,5 dB,5.0,0.868911,0.8009803999999999,2937
XC251449,5 dB,5.0,0.342889,0.1378294,2937
XC902975,5 dB,5.0,0.518641,0.7976866,2937
XC1029590,5 dB,5.0,0.927144,0.9374166,2937
XC180618,5 dB,5.0,0.905272,0.8662002,2937
XC55898,5 dB,5.0,0.527618,0.0,2937
XC528844,5 dB,5.0,0.156825,0.0,2937
XC17677,5 dB,5.0,0.581796,0.2114504,2937
XC239093,5 dB,5.0,0.458056,0.630145,2937
XC917456,5 dB,5.0,0.857592,0.6086471999999999,2937
XC13519,5 dB,5.0,0.900856,0.8640194000000001,2937
XC494771,5 dB,5.0,0.821893,0.6879582,2937
XC117396,5 dB,5.0,0.882366,0.8702496,2937
XC254274,5 dB,5.0,0.667638,0.49061579999999994,2937
XC13437,5 dB,5.0,0.17107,0.0,2937
XC195459,5 dB,5.0,0.256746,0.0,2937
XC518065,5 dB,5.0,0.563328,0.2240052,2937
XC313980,5 dB,5.0,0.884793,0.8415166,2937
XC767436,5 dB,5.0,0.554227,0.4416148,2937
XC845928,5 dB,5.0,0.717372,0.47360480000000005,2937
XC987209,5 dB,5.0,0.929951,0.8095696,2937
XC13373,5 dB,5.0,0.971879,0.336255,2937
XC124266,5 dB,5.0,0.962296,0.9584554000000001,2937
XC568023,5 dB,5.0,0.911403,0.8069635999999999,2937
XC638202,5 dB,5.0,0.612599,0.3566008,2937
XC236217,5 dB,5.0,0.542695,0.400138,2937
XC832545,5 dB,5.0,0.886624,0.1757954,2937
XC896032,5 dB,5.0,0.595292,0.20527259999999997,2937
XC1146081,5 dB,5.0,0.84203,0.7538145999999999,2937
XC794785,5 dB,5.0,0.110061,0.0,2937
XC688003,5 dB,5.0,0.973557,0.9661076,2937
XC1177293,5 dB,5.0,0.438156,0.544249,2937
XC271934,5 dB,5.0,0.950674,0.909224,2937
XC9641,5 dB,5.0,0.268187,0.0,2937
XC297010,5 dB,5.0,0.904335,0.8228063999999999,2937
XC656065,5 dB,5.0,0.960222,0.9364848,2937
XC120557,5 dB,5.0,0.929761,0.8822566000000001,2937
XC482164,5 dB,5.0,0.862633,0.7041068,2937
XC334271,5 dB,5.0,0.939207,0.8528434,2937
XC1001797,5 dB,5.0,0.921548,0.94399,2937
XC357041,5 dB,5.0,0.942396,0.8217528,2937
XC57821,5 dB,5.0,0.238319,0.3359506,2937
XC21101,5 dB,5.0,0.920159,0.8586845999999999,2937
XC42249,5 dB,5.0,0.88773,0.9491336,2937
XC1045021,5 dB,5.0,0.822064,0.807145,2937
XC238215,5 dB,5.0,0.899064,0.8559948000000001,2937
XC231243,5 dB,5.0,0.929028,0.9221090000000001,2937
XC156744,5 dB,5.0,0.577381,0.48114819999999997,2937
XC157357,5 dB,5.0,0.944623,0.9049652,2937
XC191784,5 dB,5.0,0.681975,0.4493564,2937
XC494361,5 dB,5.0,0.9121,0.8994716,2937
XC1163315,5 dB,5.0,0.817635,0.6522954000000001,2937
XC479542,5 dB,5.0,0.943244,0.8617378,2937
XC535967,5 dB,5.0,0.462629,0.4211458,2937
XC122334,5 dB,5.0,0.842827,0.744228,2937
XC516832,5 dB,5.0,0.931107,0.9213582,2937
XC285207,5 dB,5.0,0.949245,0.9427692000000001,2937
XC272430,5 dB,5.0,0.884397,0.8866828,2937
XC75048,5 dB,5.0,0.967193,0.9101929999999999,2937
XC202363,5 dB,5.0,0.974968,0.9045904,2937
XC741070,5 dB,5.0,0.958907,0.9414912000000001,2937
XC514471,5 dB,5.0,0.988021,0.9724476,2937
XC552958,5 dB,5.0,0.673223,0.5696044,2937
XC995521,5 dB,5.0,0.88335,0.8284050000000001,2937
XC63327,5 dB,5.0,0.913921,0.7220892,2937
XC4725,5 dB,5.0,0.959937,0.8278996,2937
XC226702,5 dB,5.0,0.960069,0.908488,2937
XC63325,5 dB,5.0,0.896391,0.811204,2937
XC862952,5 dB,5.0,0.959191,0.7168104,2937
XC634099,5 dB,5.0,0.987727,0.9830066000000001,2937
XC231249,5 dB,5.0,0.751981,0.7639357999999999,2937
XC85052,5 dB,5.0,0.949117,0.9582012000000001,2937
XC264358,5 dB,5.0,0.926923,0.2091748,2937
XC526188,5 dB,5.0,0.40055,0.44789580000000007,2937
XC323011,5 dB,5.0,0.566627,0.4008768,2937
XC1068422,5 dB,5.0,0.95083,0.753286,2937
XC154191,5 dB,5.0,0.9806,0.9384378,2937
XC236629,5 dB,5.0,0.945111,0.9304354,2937
XC44953,5 dB,5.0,0.807947,0.847171,2937
XC772536,5 dB,5.0,0.895338,0.7965514,2937
XC271633,5 dB,5.0,0.968622,0.8762956000000001,2937
XC144378,5 dB,5.0,0.849385,0.23464140000000003,2937
XC310825,5 dB,5.0,0.905642,0.8400782,2937
XC497975,5 dB,5.0,0.157264,0.0419506,2937
XC571382,5 dB,5.0,0.650215,0.4620212,2937
XC547147,5 dB,5.0,0.865005,0.8161654,2937
XC722601,5 dB,5.0,0.111132,0.0,2937
XC1073178,5 dB,5.0,0.871215,0.8742222,2937
XC1046156,5 dB,5.0,0.948551,0.9062488,2937
XC755226,5 dB,5.0,0.150521,0.07500599999999999,2937
XC14781,5 dB,5.0,0.813992,0.7637314,2937
XC333417,5 dB,5.0,0.932144,0.8925862,2937
XC156007,5 dB,5.0,0.564552,0.2786962,2937
XC838961,5 dB,5.0,0.927468,0.9199658,2937
XC354901,5 dB,5.0,0.877912,0.8254602,2937
XC481240,5 dB,5.0,0.826344,0.750467,2937
XC31427,5 dB,5.0,0.308459,0.30126240000000004,2937
XC1166238,5 dB,5.0,0.915376,0.9028258000000001,2937
XC770944,5 dB,5.0,0.884231,0.8214128,2937
XC154636,5 dB,5.0,0.849075,0.8505666,2937
XC633782,5 dB,5.0,0.888894,0.8803492,2937
XC449318,5 dB,5.0,0.887034,0.8839568,2937
XC238666,5 dB,5.0,0.981164,0.9720302000000001,2937
XC698618,5 dB,5.0,0.942549,0.9442474000000001,2937
XC537901,5 dB,5.0,0.470195,0.251846,2937
XC66682,5 dB,5.0,0.916996,0.8989274,2937
XC231258,5 dB,5.0,0.890765,0.8347092,2937
XC426308,5 dB,5.0,0.966413,0.9448152000000001,2937
XC965433,5 dB,5.0,0.938292,0.8518827999999999,2937
XC497452,5 dB,5.0,0.585663,0.0,2937
XC29550,5 dB,5.0,0.737957,0.666085,2937
XC117975,5 dB,5.0,0.921341,0.699704,2937
XC1018701,5 dB,5.0,0.829168,0.6006488,2937
XC120310,5 dB,5.0,0.741794,0.6837481999999999,2937
XC131552,5 dB,5.0,0.968786,0.9406082,2937
XC668545,5 dB,5.0,0.890352,0.3066938,2937
XC231259,5 dB,5.0,0.135185,0.151814,2937
XC53553,5 dB,5.0,0.414779,0.113708,2937
XC249722,5 dB,5.0,0.726981,0.810332,2937
XC872943,5 dB,5.0,0.964507,0.9528224,2937
XC4765,5 dB,5.0,0.895774,0.8657078,2937
XC42258,5 dB,5.0,0.148498,0.0860698,2937
XC93456,5 dB,5.0,0.909628,0.8892481999999999,2937
XC823989,5 dB,5.0,0.972714,0.8060029999999999,2937
XC920781,5 dB,5.0,0.934615,0.9334558,2937
XC163711,5 dB,5.0,0.145461,0.0,2937
XC316501,5 dB,5.0,0.914173,0.7020852,2937
XC721763,5 dB,5.0,0.918169,0.899705,2937
XC581276,5 dB,5.0,0.915806,0.9110528,2937
XC717216,5 dB,5.0,0.958536,0.9715351999999999,2937
XC221817,5 dB,5.0,0.923022,0.8539604000000001,2937
XC517143,5 dB,5.0,0.986972,0.9759116000000001,2937
XC231228,5 dB,5.0,0.679557,0.0899556,2937
XC405722,5 dB,5.0,0.933686,0.9390744,2937
XC445976,5 dB,5.0,0.918166,0.8087198000000001,2937
XC246805,5 dB,5.0,0.913161,0.5344416000000001,2937
XC534122,5 dB,5.0,0.833753,0.681738,2937
XC706582,5 dB,5.0,0.903726,0.7214678,2937
XC338589,5 dB,5.0,0.784262,0.6032256,2937
XC55896,5 dB,5.0,0.290612,0.4118602,2937
XC85441,5 dB,5.0,0.903909,0.7830648,2937
XC139310,5 dB,5.0,0.88058,0.5737946,2937
XC634095,5 dB,5.0,0.977676,0.9342575999999999,2937
XC75389,5 dB,5.0,0.85591,0.73234,2937
XC490752,5 dB,5.0,0.367045,0.0,2937
XC518707,5 dB,5.0,0.869583,0.8643204000000001,2937
XC986564,5 dB,5.0,0.955512,0.9202242,2937
XC655146,5 dB,5.0,0.965176,0.950191,2937
XC13440,5 dB,5.0,0.88044,0.7473688,2937
XC798139,5 dB,5.0,0.956935,0.9335884,2937
XC754086,5 dB,5.0,0.900997,0.8274902000000001,2937
XC71650,5 dB,5.0,0.897773,0.6162342,2937
XC96248,5 dB,5.0,0.927022,0.9425817999999999,2937
XC221825,5 dB,5.0,0.898397,0.874928,2937
XC24402,5 dB,5.0,0.380058,0.0,2937
XC1035652,5 dB,5.0,0.886322,0.8669553999999999,2937
XC299585,5 dB,5.0,0.106018,0.0,2937
XC1158134,5 dB,5.0,0.97526,0.0,2937
XC274330,5 dB,5.0,0.954751,0.868406,2937
XC122570,5 dB,5.0,0.805512,0.6261626,2937
XC845930,5 dB,5.0,0.588123,0.10053419999999999,2937
XC845925,5 dB,5.0,0.242404,0.055616200000000005,2937
XC683512,5 dB,5.0,0.931673,0.8617168,2937
XC535969,5 dB,5.0,0.804689,0.8014094,2937
XC17377,5 dB,5.0,0.898122,0.7587044000000001,2937
XC1050491,5 dB,5.0,0.277223,0.0,2937
XC504868,5 dB,5.0,0.194871,0.0,2937
XC117340,5 dB,5.0,0.890727,0.9293194,2937
XC972929,5 dB,5.0,0.924839,0.7084532,2937
XC441801,5 dB,5.0,0.936414,0.9195662,2937
XC1183766,5 dB,5.0,0.875868,0.7034146,2937
XC525927,5 dB,5.0,0.859071,0.7983146,2937
XC767437,5 dB,5.0,0.69196,0.45369020000000004,2937
XC217863,5 dB,5.0,0.866248,0.5896116,2937
XC14389,5 dB,5.0,0.964511,0.9042216,2937
XC38734,5 dB,5.0,0.877804,0.9206432,2937
XC214472,5 dB,5.0,0.141837,0.0,2937
XC124861,5 dB,5.0,0.95014,0.8325476,2937
XC481241,5 dB,5.0,0.843352,0.8658567999999999,2937
XC830857,5 dB,5.0,0.872911,0.841554,2937
XC472327,5 dB,5.0,0.411006,0.0,2937
XC638200,5 dB,5.0,0.991364,0.9784904000000001,2937
XC102373,5 dB,5.0,0.970352,0.9533986000000001,2937
XC973627,5 dB,5.0,0.942677,0.8609007999999999,2937
XC783213,5 dB,5.0,0.976321,0.9569314,2937
XC285539,5 dB,5.0,0.926844,0.8109602,2937
XC840280,5 dB,5.0,0.627569,0.6194402,2937
XC686179,5 dB,5.0,0.669063,0.602788,2937
XC522227,5 dB,5.0,0.965201,0.6024146,2937
XC613866,5 dB,5.0,0.201546,0.15456140000000002,2937
XC1079151,5 dB,5.0,0.926106,0.9227762,2937
XC4273,5 dB,5.0,0.464824,0.1678698,2937
XC27219,5 dB,5.0,0.924061,0.8929714000000001,2937
XC1153864,5 dB,5.0,0.972917,0.9645638,2937
XC358477,5 dB,5.0,0.986076,0.9700196,2937
XC453865,5 dB,5.0,0.976955,0.9412668,2937
XC407355,5 dB,5.0,0.890896,0.8685358000000001,2937
XC1072155,5 dB,5.0,0.846559,0.8707356,2937
XC615156,5 dB,5.0,0.613939,0.6554173999999999,2937
XC55899,5 dB,5.0,0.839612,0.2568274,2937
XC783221,5 dB,5.0,0.984422,0.9613318,2937
XC127195,5 dB,5.0,0.957645,0.875472,2937
XC411738,5 dB,5.0,0.976022,0.9605256000000001,2937
XC482162,5 dB,5.0,0.725055,0.5449014,2937
XC500971,5 dB,5.0,0.983173,0.9835412,2937
XC270978,5 dB,5.0,0.947821,0.8884542,2937
XC767476,5 dB,5.0,0.889832,0.7831066,2937
XC156004,5 dB,5.0,0.65145,0.3181914,2937
XC23785,5 dB,5.0,0.927907,0.8653216,2937
XC340050,5 dB,5.0,0.774549,0.0,2937
XC239751,5 dB,5.0,0.46578,0.0,2937
XC827713,5 dB,5.0,0.924339,0.8960924,2937
XC188288,5 dB,5.0,0.396677,0.2238188,2937
XC42251,5 dB,5.0,0.580256,0.2648494,2937
XC411906,5 dB,5.0,0.932251,0.6358710000000001,2937
XC428202,5 dB,5.0,0.720835,0.5397826,2937
XC412494,5 dB,5.0,0.969389,0.9130752,2937
XC862959,5 dB,5.0,0.875641,0.896626,2937
XC564679,5 dB,5.0,0.892588,0.272365,2937
XC117865,5 dB,5.0,0.717621,0.0270098,2937
XC231253,5 dB,5.0,0.334914,0.0,2937
XC781297,5 dB,5.0,0.832448,0.17608680000000002,2937
XC238667,5 dB,5.0,0.983617,0.9820102,2937
XC221824,5 dB,5.0,0.893416,0.8817024,2937
XC609240,5 dB,5.0,0.959325,0.9480753999999999,2937
XC925556,5 dB,5.0,0.883731,0.6244796,2937
XC845931,5 dB,5.0,0.30269,0.23250500000000002,2937
XC231255,5 dB,5.0,0.882677,0.7159715999999999,2937
XC821609,5 dB,5.0,0.929533,0.9034404,2937
XC448917,5 dB,5.0,0.827845,0.6743552,2937
XC429775,5 dB,5.0,0.88052,0.714917,2937
XC261512,5 dB,5.0,0.94806,0.0219352,2937
XC14717,5 dB,5.0,0.503648,0.5979644000000001,2937
XC517128,5 dB,5.0,0.960652,0.9599366,2937
XC404570,5 dB,5.0,0.544318,0.6410663999999999,2937
XC1966,5 dB,5.0,0.70589,0.42209599999999997,2937
XC424036,5 dB,5.0,0.963248,0.8802340000000001,2937
XC441760,5 dB,5.0,0.862359,0.9256616,2937
XC231240,5 dB,5.0,0.907188,0.9004386,2937
XC154635,5 dB,5.0,0.107439,0.030031799999999997,2937
XC1097697,5 dB,5.0,0.786031,0.6682142,2937
XC477199,5 dB,5.0,0.834651,0.640724,2937
XC986717,5 dB,5.0,0.948932,0.9346983999999999,2937
XC16707,5 dB,5.0,0.858749,0.8485072,2937
XC329090,5 dB,5.0,0.950461,0.9239602,2937
XC212996,5 dB,5.0,0.784294,0.6676008,2937
XC198702,5 dB,5.0,0.897687,0.6160278,2937
XC1080577,5 dB,5.0,0.254559,0.0,2937
XC378623,5 dB,5.0,0.704059,0.559565,2937
XC88143,5 dB,5.0,0.983848,0.9886636,2937
XC83256,5 dB,5.0,0.979878,0.9715938,2937
XC794786,5 dB,5.0,0.582557,0.44203200000000004,2937
XC670077,5 dB,5.0,0.957765,0.9257126,2937
XC239088,5 dB,5.0,0.925883,0.9125424000000001,2937
XC648856,5 dB,5.0,0.645345,0.43738219999999994,2937
XC949767,5 dB,5.0,0.874933,0.6953381999999999,2937
XC363225,5 dB,5.0,0.962641,0.9179506,2937
XC239094,5 dB,5.0,0.636901,0.4577802,2937
XC534790,5 dB,5.0,0.47094,0.046648999999999996,2937
XC65583,5 dB,5.0,0.892624,0.5992796,2937
XC401414,5 dB,5.0,0.984981,0.9467041999999999,2937
XC524937,5 dB,5.0,0.700136,0.6148328000000001,2937
XC506369,5 dB,5.0,0.923189,0.8839978000000001,2937
XC139218,5 dB,5.0,0.917806,0.8514408,2937
XC949778,5 dB,5.0,0.908542,0.7920942,2937
XC763566,5 dB,5.0,0.958586,0.958645,2937
XC683923,5 dB,5.0,0.920795,0.8895928,2937
XC102709,5 dB,5.0,0.918509,0.9110828,2937
XC1086248,5 dB,5.0,0.986651,0.9813354000000001,2937
XC94649,5 dB,5.0,0.699149,0.5820146,2937
XC221833,5 dB,5.0,0.927079,0.8341915999999999,2937
XC51834,5 dB,5.0,0.129663,0.0,2937
XC467767,5 dB,5.0,0.413303,0.0,2937
XC88478,5 dB,5.0,0.92202,0.9056248,2937
XC411236,5 dB,5.0,0.964311,0.9059722000000001,2937
XC426307,5 dB,5.0,0.930034,0.8890155999999999,2937
XC156005,5 dB,5.0,0.544948,0.24365320000000001,2937
XC494772,5 dB,5.0,0.709291,0.6381178000000001,2937
XC371531,5 dB,5.0,0.91908,0.9166686000000001,2937
XC297011,5 dB,5.0,0.94559,0.8289166,2937
XC231239,5 dB,5.0,0.8883,0.7701882,2937
XC1069396,5 dB,5.0,0.942491,0.7984934,2937
XC117974,5 dB,5.0,0.848518,0.6067214,2937
XC539735,5 dB,5.0,0.756982,0.8385847999999999,2937
XC845943,5 dB,5.0,0.311186,0.0,2937
XC138343,5 dB,5.0,0.490404,0.296269,2937
XC463536,5 dB,5.0,0.962728,0.7596564,2937
XC416308,5 dB,5.0,0.55394,0.48414840000000003,2937
XC231230,5 dB,5.0,0.245251,0.135676,2937
XC9804,5 dB,5.0,0.963078,0.9479240000000001,2937
XC456284,5 dB,5.0,0.895501,0.8531945999999999,2937
XC862957,5 dB,5.0,0.856431,0.8713604,2937
XC45159,5 dB,5.0,0.928685,0.8854995999999999,2937
XC199971,5 dB,5.0,0.693531,0.1953278,2937
XC890988,5 dB,5.0,0.67995,0.7834662,2937
XC557617,5 dB,5.0,0.894189,0.8598066,2937
XC1174806,5 dB,5.0,0.809549,0.2899416,2937
XC1145896,5 dB,5.0,0.926722,0.7988696,2937
XC1053048,5 dB,5.0,0.331722,0.305728,2937
XC955810,5 dB,5.0,0.960967,0.8851918,2937
XC403323,5 dB,5.0,0.939834,0.931978,2937
XC939484,5 dB,5.0,0.904145,0.8778166000000001,2937
XC954987,5 dB,5.0,0.948716,0.8986968000000001,2937
XC127798,5 dB,5.0,0.893039,0.8759336,2937
XC845940,5 dB,5.0,0.314995,0.0,2937
XC231254,5 dB,5.0,0.484203,0.0,2937
XC221830,5 dB,5.0,0.899033,0.8993169999999999,2937
XC6881,5 dB,5.0,0.970285,0.9480342,2937
XC122731,5 dB,5.0,0.959754,0.7336636000000001,2937
XC845942,5 dB,5.0,0.171723,0.0993128,2937
XC526192,5 dB,5.0,0.859763,0.6213308,2937
XC965394,5 dB,5.0,0.965616,0.9227484,2937
XC231256,5 dB,5.0,0.280726,0.0,2937
XC231247,5 dB,5.0,0.866314,0.9039743999999998,2937
XC845956,5 dB,5.0,0.294957,0.0,2937
XC1155311,5 dB,5.0,0.900224,0.8383236000000001,2937
XC521537,5 dB,5.0,0.52785,0.0,2937
XC472326,5 dB,5.0,0.931697,0.916573,2937
XC403446,5 dB,5.0,0.875142,0.3576048,2937
XC20908,5 dB,5.0,0.989463,0.9578018,2937
XC231251,5 dB,5.0,0.164227,0.0,2937
XC174540,5 dB,5.0,0.396152,0.22694679999999998,2937
XC125592,5 dB,5.0,0.295604,0.3602176,2937
XC604135,5 dB,5.0,0.952876,0.9338686,2937
XC657183,5 dB,5.0,0.966807,0.9488540000000001,2937
XC562438,5 dB,5.0,0.97684,0.9666181999999999,2937
XC251988,5 dB,5.0,0.923784,0.8998823999999999,2937
XC103034,5 dB,5.0,0.836477,0.7438627999999999,2937
XC85038,5 dB,5.0,0.945542,0.9024246,2937
XC5794,5 dB,5.0,0.96855,0.8959505999999999,2937
XC412960,5 dB,5.0,0.980004,0.9529960000000001,2937
XC238664,5 dB,5.0,0.963846,0.9285551999999999,2937
XC1079796,5 dB,5.0,0.860794,0.8351678,2937
XC231241,5 dB,5.0,0.970232,0.9374207999999999,2937
XC85231,5 dB,5.0,0.458444,0.5225162,2937
XC27770,5 dB,5.0,0.92866,0.8964576000000001,2937
XC178777,5 dB,5.0,0.881876,0.8474548000000001,2937
XC91953,5 dB,5.0,0.859503,0.6894785999999999,2937
XC490387,5 dB,5.0,0.917991,0.9076536000000001,2937
XC64283,5 dB,5.0,0.133162,0.0215976,2937
XC947776,5 dB,5.0,0.901908,0.8019339999999999,2937
XC33200,5 dB,5.0,0.949788,0.8483280000000001,2937
XC95956,5 dB,5.0,0.971933,0.8699936000000001,2937
XC306288,5 dB,5.0,0.952103,0.8793409999999999,2937
XC1145895,5 dB,5.0,0.722522,0.5430942,2937
XC143922,5 dB,5.0,0.943145,0.7522652,2937
XC236216,5 dB,5.0,0.86777,0.8146456000000001,2937
XC1030177,5 dB,5.0,0.924075,0.9335258,2937
XC127833,5 dB,5.0,0.867082,0.8578552,2937
XC736610,5 dB,5.0,0.393364,0.08421719999999999,2937
XC294134,5 dB,5.0,0.404846,0.08156959999999999,2937
XC939585,5 dB,5.0,0.906872,0.8706258,2937
XC143839,5 dB,5.0,0.987946,0.8485457999999999,2937
XC319116,5 dB,5.0,0.595621,0.5076926,2937
XC239089,5 dB,5.0,0.947482,0.9217232,2937
XC407245,5 dB,5.0,0.916807,0.8825844,2937
XC979863,5 dB,5.0,0.933665,0.8352902,2937
XC129346,5 dB,5.0,0.920774,0.8838777999999999,2937
XC317551,5 dB,5.0,0.82604,0.758595,2937
XC684991,5 dB,5.0,0.834303,0.832943,2937
XC327123,5 dB,5.0,0.978448,0.9488065999999999,2937
XC310821,5 dB,5.0,0.896968,0.8167108000000001,2937
XC54926,5 dB,5.0,0.583686,0.46234279999999994,2937
XC1054653,5 dB,5.0,0.46942,0.3966716,2937
XC609645,5 dB,5.0,0.969341,0.9522767999999999,2937
XC517016,5 dB,5.0,0.962143,0.949217,2937
XC441802,5 dB,5.0,0.963091,0.8293378,2937
XC387892,5 dB,5.0,0.792969,0.7004642000000001,2937
XC138930,5 dB,5.0,0.122667,0.0,2937
XC15687,5 dB,5.0,0.951353,0.9214334000000001,2937
XC261510,5 dB,5.0,0.966676,0.947275,2937
XC55535,5 dB,5.0,0.914343,0.8700053999999999,2937
XC238214,5 dB,5.0,0.944632,0.8827162,2937
XC217696,5 dB,5.0,0.951976,0.8928269999999999,2937
XC498506,5 dB,5.0,0.966808,0.9414009999999999,2937
XC102708,5 dB,5.0,0.922939,0.8837636,2937
XC935058,5 dB,5.0,0.958583,0.9440538,2937
XC273513,5 dB,5.0,0.963068,0.96021,2937
XC44074,5 dB,5.0,0.89931,0.9004736000000001,2937
XC324374,5 dB,5.0,0.958557,0.6257486,2937
XC955637,5 dB,5.0,0.957475,0.9548256,2937
XC257242,5 dB,5.0,0.924715,0.9030612,2937
XC862962,5 dB,5.0,0.146104,0.043621,2937
XC17471,5 dB,5.0,0.955303,0.9213663999999999,2937
XC392044,5 dB,5.0,0.943006,0.8292678,2937
XC955636,5 dB,5.0,0.948957,0.9395456,2937
XC354202,5 dB,5.0,0.944389,0.9574472,2937
XC633783,5 dB,5.0,0.623414,0.35156020000000004,2937
XC273498,5 dB,5.0,0.949715,0.9087258,2937
XC65407,5 dB,5.0,0.884757,0.0,2937
XC151451,5 dB,5.0,0.213456,0.1930478,2937
XC424382,5 dB,5.0,0.956632,0.8487868000000001,2937
XC231246,5 dB,5.0,0.653683,0.4910624,2937
XC488706,5 dB,5.0,0.88248,0.7154002,2937
XC412497,5 dB,5.0,0.948498,0.8826506000000001,2937
XC474901,5 dB,5.0,0.205299,0.15106360000000002,2937
XC14762,5 dB,5.0,0.927126,0.4287814,2937
XC1086381,5 dB,5.0,0.886897,0.7957672,2937
XC698534,5 dB,5.0,0.951937,0.9251442000000001,2937
XC493928,5 dB,5.0,0.881536,0.8537692,2937
XC221889,5 dB,5.0,0.955912,0.9540336,2937
XC871979,5 dB,5.0,0.438546,0.42145320000000003,2937
XC1183120,5 dB,5.0,0.919984,0.8815888000000001,2937
XC427268,5 dB,5.0,0.945185,0.9241994,2937
XC278336,5 dB,5.0,0.318817,0.4769346,2937
XC456424,5 dB,5.0,0.917123,0.8805327999999999,2937
XC221823,5 dB,5.0,0.912146,0.8565026,2937
XC221819,5 dB,5.0,0.541774,0.0,2937
XC482184,5 dB,5.0,0.870927,0.3950654,2937
XC1140033,5 dB,5.0,0.962315,0.9109106,2937
XC119754,5 dB,5.0,0.94315,0.9506298000000001,2937
XC1183710,5 dB,5.0,0.762077,0.7869508000000001,2937
XC1071354,5 dB,5.0,0.913183,0.8885491999999999,2937
XC209067,5 dB,5.0,0.694472,0.0,2937
XC395953,5 dB,5.0,0.943995,0.7688702000000001,2937
XC821655,5 dB,5.0,0.930701,0.9080584,2937
XC51086,5 dB,5.0,0.91932,0.9274958,2937
XC817213,5 dB,5.0,0.638012,0.293307,2937
XC514469,5 dB,5.0,0.944427,0.7167847999999999,2937
XC9841,5 dB,5.0,0.879844,0.9072958,2937
XC517124,5 dB,5.0,0.961828,0.975837,2937
XC982173,5 dB,5.0,0.937751,0.9131333999999999,2937
XC107758,5 dB,5.0,0.983693,0.9684188,2937
XC131496,5 dB,5.0,0.81171,0.1981268,2937
XC248415,5 dB,5.0,0.811545,0.5686848,2937
XC98243,5 dB,5.0,0.9716,0.9629445999999999,2937
XC516642,5 dB,5.0,0.986193,0.9654043999999999,2937
XC517207,5 dB,5.0,0.995766,0.9913658,2937
XC154455,5 dB,5.0,0.923089,0.8732174,2937
XC789276,5 dB,5.0,0.928808,0.9174821999999999,2937
XC85035,5 dB,5.0,0.904354,0.4182384,2937
XC735433,5 dB,5.0,0.961353,0.9470484000000001,2937
XC94148,5 dB,5.0,0.127418,0.0,2937
XC87826,5 dB,5.0,0.212629,0.0,2937
XC441799,5 dB,5.0,0.911705,0.8880256,2937
XC755231,5 dB,5.0,0.499841,0.021813199999999998,2937
XC909281,5 dB,5.0,0.906398,0.851492,2937
XC117477,5 dB,5.0,0.935149,0.9227221999999999,2937
XC422786,5 dB,5.0,0.683521,0.0,2937
XC835840,5 dB,5.0,0.829975,0.7801738,2937
XC356321,5 dB,5.0,0.197177,0.0,2937
XC1050464,5 dB,5.0,0.823583,0.848626,2937
XC272385,5 dB,5.0,0.890658,0.283257,2937
XC231229,5 dB,5.0,0.883668,0.8360872,2937
XC1154894,5 dB,5.0,0.940123,0.9581133999999999,2937
XC952953,5 dB,5.0,0.388651,0.3908572,2937
XC1139472,5 dB,5.0,0.934656,0.9179794000000001,2937
XC965436,5 dB,5.0,0.921889,0.326676,2937
XC287483,5 dB,5.0,0.895424,0.7786256,2937
XC1148602,5 dB,5.0,0.885614,0.7717714,2937
XC755087,5 dB,5.0,0.890498,0.8575516000000001,2937
XC348749,5 dB,5.0,0.440264,0.5708916,2937
XC1139335,5 dB,5.0,0.941253,0.9315806,2937
XC906802,5 dB,5.0,0.868116,0.8550342000000001,2937
XC514427,5 dB,5.0,0.994874,0.9797243999999999,2937
XC221884,5 dB,5.0,0.939821,0.9534860000000001,2937
XC328485,5 dB,5.0,0.867276,0.863728,2937
XC947013,5 dB,5.0,0.983978,0.9781966000000001,2937
XC1045020,5 dB,5.0,0.820034,0.8487311999999999,2937
XC272432,5 dB,5.0,0.926324,0.674902,2937
XC816988,5 dB,5.0,0.383442,0.16544399999999998,2937
XC401416,5 dB,5.0,0.97609,0.9673894000000001,2937
XC687030,5 dB,5.0,0.125029,0.021832999999999998,2937
XC69225,5 dB,5.0,0.803632,0.7173556,2937
XC514445,5 dB,5.0,0.572583,0.3529534,2937
XC119918,5 dB,5.0,0.863915,0.8566444000000001,2937
XC1044074,5 dB,5.0,0.946627,0.9158540000000001,2937
XC526191,5 dB,5.0,0.951054,0.8518853999999999,2937
XC176340,5 dB,5.0,0.852768,0.6072136,2937
XC591392,5 dB,5.0,0.714615,0.740836,2937
XC482161,5 dB,5.0,0.189195,0.24541300000000002,2937
XC143840,5 dB,5.0,0.972385,0.9594124,2937
XC272431,5 dB,5.0,0.947531,0.6817141999999999,2937
XC4928,5 dB,5.0,0.925794,0.818416,2937
XC556640,5 dB,5.0,0.917597,0.8782631999999999,2937
XC119753,5 dB,5.0,0.939668,0.8898884,2937
XC63326,5 dB,5.0,0.937032,0.9020176,2937
XC517346,5 dB,5.0,0.988623,0.8216808,2937
XC22499,5 dB,5.0,0.743858,0.1288328,2937
XC84830,5 dB,5.0,0.956303,0.6637062,2937
XC536532,5 dB,5.0,0.877189,0.6857656000000001,2937
XC686892,5 dB,5.0,0.950728,0.9006565999999999,2937
XC614721,5 dB,5.0,0.497506,0.40053140000000004,2937
XC469140,5 dB,5.0,0.972249,0.9162777999999999,2937
XC231257,5 dB,5.0,0.780272,0.7555784,2937
XC834116,5 dB,5.0,0.208521,0.0,2937
XC557624,5 dB,5.0,0.848351,0.437539,2937
XC342395,5 dB,5.0,0.927547,0.8506786,2937
XC1152548,5 dB,5.0,0.84203,0.7526303999999999,2937
XC371202,5 dB,5.0,0.703977,0.049781200000000005,2937
XC845939,5 dB,5.0,0.123583,0.0,2937
XC1003005,5 dB,5.0,0.976654,0.9400510000000001,2937
XC282307,5 dB,5.0,0.963249,0.9438152000000001,2937
XC92766,5 dB,5.0,0.927759,0.868339,2937
XC221888,5 dB,5.0,0.960359,0.9439426000000001,2937
XC712644,5 dB,5.0,0.984766,0.9720283999999999,2937
XC84099,5 dB,5.0,0.846008,0.7727674,2937
XC958222,5 dB,5.0,0.644931,0.5123384,2937
XC928650,5 dB,5.0,0.893114,0.9120595999999999,2937
XC1177099,5 dB,5.0,0.810119,0.46311099999999994,2937
XC1148572,5 dB,5.0,0.885614,0.8446448,2937
XC701270,5 dB,5.0,0.122001,0.0,2937
XC391377,5 dB,5.0,0.94062,0.7035,2937
XC965403,5 dB,5.0,0.947027,0.6436472,2937
XC517268,5 dB,5.0,0.970977,0.8429226,2937
XC213013,5 dB,5.0,0.899183,0.8655134,2937
XC973631,5 dB,5.0,0.959938,0.9069486,2937
XC538980,5 dB,5.0,0.786178,0.820205,2937
XC767477,5 dB,5.0,0.831636,0.8163498,2937
XC41669,5 dB,5.0,0.429818,0.48493060000000004,2937
XC245531,5 dB,5.0,0.95997,0.9234474,2937
XC984336,5 dB,5.0,0.932371,0.9286386,2937
XC1175234,5 dB,5.0,0.138143,0.1221698,2937
XC917448,5 dB,5.0,0.832961,0.761064,2937
XC504867,5 dB,5.0,0.78847,0.0,2937
XC279384,5 dB,5.0,0.479092,0.44886100000000007,2937
XC90249,5 dB,5.0,0.198281,0.0,2937
XC812155,5 dB,5.0,0.94078,0.0,2937
XC469821,5 dB,5.0,0.930713,0.9430856000000001,2937
XC154943,5 dB,5.0,0.883907,0.8247016,2937
XC163930,5 dB,5.0,0.649628,0.6310452,2937
XC490758,5 dB,5.0,0.757959,0.8609481999999999,2937
XC1022373,5 dB,5.0,0.96747,0.9645004,2937
XC430095,5 dB,5.0,0.97161,0.9321322000000001,2937
XC533161,5 dB,5.0,0.982783,0.9586204,2937
XC282032,5 dB,5.0,0.877878,0.8090318,2937
XC490293,5 dB,5.0,0.978479,0.8437504,2937
XC761130,5 dB,5.0,0.951029,0.8043262,2937
XC955233,5 dB,5.0,0.930579,0.8783458,2937
XC702518,5 dB,5.0,0.88354,0.8167208,2937
XC603629,5 dB,5.0,0.86386,0.6549616,2937
XC558634,5 dB,5.0,0.883588,0.6034898,2937
XC833574,5 dB,5.0,0.184512,0.0,2937
XC420398,5 dB,5.0,0.905719,0.7720502,2937
XC27975,5 dB,5.0,0.985678,0.5769564,2937
XC762416,5 dB,5.0,0.102269,0.0,2937
XC818009,5 dB,5.0,0.976418,0.9101877999999999,2937
XC1050283,5 dB,5.0,0.839031,0.8991382,2937
XC449327,5 dB,5.0,0.123884,0.2109626,2937
XC659681,5 dB,5.0,0.960899,0.9332546,2937
XC236333,5 dB,5.0,0.966219,0.9197224,2937
XC703161,5 dB,5.0,0.972008,0.8940452000000001,2937
XC925207,5 dB,5.0,0.10175,0.170627,2937
XC551209,5 dB,5.0,0.481609,0.5087454,2937
XC376971,5 dB,5.0,0.960187,0.9356310000000001,2937
XC794809,5 dB,5.0,0.940513,0.894535,2937
XC66065,5 dB,5.0,0.923718,0.811684,2937
XC51363,5 dB,5.0,0.927642,0.8968602000000001,2937
XC190782,5 dB,5.0,0.201111,0.0,2937
XC160185,5 dB,5.0,0.972128,0.7781664,2937
XC692916,5 dB,5.0,0.966495,0.7077034,2937
XC715257,5 dB,5.0,0.835332,0.0,2937
XC983661,5 dB,5.0,0.901491,0.9090218,2937
XC542734,5 dB,5.0,0.899199,0.0,2937
XC16680,5 dB,5.0,0.690701,0.5712188,2937
XC897709,5 dB,5.0,0.87178,0.8041105999999999,2937
XC498927,5 dB,5.0,0.504711,0.0902596,2937
XC352950,5 dB,5.0,0.90091,0.8700862,2937
XC441695,5 dB,5.0,0.956548,0.9407826,2937
XC571970,5 dB,5.0,0.972721,0.9534005999999999,2937
XC174582,5 dB,5.0,0.70042,0.6667822,2937
XC237923,5 dB,5.0,0.491938,0.53164,2937
XC585614,5 dB,5.0,0.979903,0.9596514,2937
XC437274,5 dB,5.0,0.973214,0.9371886,2937
XC333854,5 dB,5.0,0.961048,0.954569,2937
XC880219,5 dB,5.0,0.563825,0.1352612,2937
XC627023,5 dB,5.0,0.381586,0.40654959999999996,2937
XC482096,5 dB,5.0,0.675901,0.7203120000000001,2937
XC1090752,5 dB,5.0,0.973288,0.0,2937
XC433619,5 dB,5.0,0.980481,0.974778,2937
XC238769,5 dB,5.0,0.957853,0.9500956,2937
XC216153,5 dB,5.0,0.965246,0.9535064,2937
XC637434,5 dB,5.0,0.966803,0.9236546000000001,2937
XC1150946,5 dB,5.0,0.959932,0.840926,2937
XC927796,5 dB,5.0,0.935611,0.9504652,2937
XC603346,5 dB,5.0,0.888621,0.8204764000000001,2937
XC935490,5 dB,5.0,0.919407,0.806949,2937
XC919070,5 dB,5.0,0.96747,0.8731886,2937
XC709974,5 dB,5.0,0.934628,0.9053644000000001,2937
XC393807,5 dB,5.0,0.674772,0.7562704,2937
XC547138,5 dB,5.0,0.922555,0.929576,2937
XC720796,5 dB,5.0,0.943887,0.9339738000000001,2937
XC1065705,5 dB,5.0,0.894633,0.35815739999999996,2937
XC804803,5 dB,5.0,0.428788,0.270296,2937
XC164104,5 dB,5.0,0.901521,0.9288284000000001,2937
XC687791,5 dB,5.0,0.921405,0.8886322,2937
XC900272,5 dB,5.0,0.980271,0.94178,2937
XC847148,5 dB,5.0,0.913637,0.9233564,2937
XC808615,5 dB,5.0,0.948905,0.125981,2937
XC816269,5 dB,5.0,0.969209,0.9624392,2937
XC585536,5 dB,5.0,0.721815,0.8170259999999999,2937
XC387118,5 dB,5.0,0.940904,0.915216,2937
XC266736,5 dB,5.0,0.959779,0.9409466,2937
XC862711,5 dB,5.0,0.294506,0.193452,2937
XC319234,5 dB,5.0,0.785824,0.45800540000000006,2937
XC747476,5 dB,5.0,0.866857,0.8719232,2937
XC946633,5 dB,5.0,0.864568,0.8768638,2937
XC96532,5 dB,5.0,0.964849,0.9433925999999999,2937
XC993657,5 dB,5.0,0.834866,0.8339584,2937
XC254120,5 dB,5.0,0.961837,0.9493628,2937
XC958827,5 dB,5.0,0.946179,0.5171218,2937
XC138789,5 dB,5.0,0.919208,0.9033956,2937
XC895115,5 dB,5.0,0.824468,0.5848755999999999,2937
XC416702,5 dB,5.0,0.967501,0.9571607999999999,2937
XC881430,5 dB,5.0,0.931935,0.9450324,2937
XC86404,5 dB,5.0,0.775527,0.553038,2937
XC640190,5 dB,5.0,0.546191,0.3463054,2937
XC544314,5 dB,5.0,0.956962,0.9471938,2937
XC817420,5 dB,5.0,0.92322,0.767344,2937
XC186102,5 dB,5.0,0.922676,0.9021386,2937
XC814143,5 dB,5.0,0.94553,0.9236578,2937
XC757075,5 dB,5.0,0.598988,0.0749156,2937
XC724313,5 dB,5.0,0.983262,0.9912677999999999,2937
XC710866,5 dB,5.0,0.961306,0.9555598,2937
XC307123,5 dB,5.0,0.904922,0.921344,2937
XC495462,5 dB,5.0,0.962317,0.9045598,2937
XC442988,5 dB,5.0,0.951163,0.7489926,2937
XC54251,5 dB,5.0,0.53766,0.0,2937
XC480059,5 dB,5.0,0.958392,0.9453454000000001,2937
XC532294,5 dB,5.0,0.763253,0.6547482,2937
XC1001205,5 dB,5.0,0.765956,0.7112208,2937
XC843135,5 dB,5.0,0.964466,0.9577365999999999,2937
XC1180487,5 dB,5.0,0.899942,0.8999832,2937
XC1135889,5 dB,5.0,0.952075,0.9309626,2937
XC549979,5 dB,5.0,0.954791,0.9405352,2937
XC178529,5 dB,5.0,0.935735,0.8138318,2937
XC864130,5 dB,5.0,0.868628,0.9075896,2937
XC829903,5 dB,5.0,0.926304,0.6775304,2937
XC330572,5 dB,5.0,0.960441,0.9401503999999999,2937
XC1176267,5 dB,5.0,0.987965,0.9881603999999999,2937
XC27091,5 dB,5.0,0.979756,0.9876602,2937
XC40140,5 dB,5.0,0.599019,0.246881,2937
XC233039,5 dB,5.0,0.964314,0.9443621999999999,2937
XC507180,5 dB,5.0,0.952988,0.9067436000000001,2937
XC58707,5 dB,5.0,0.960995,0.9115036,2937
XC827140,5 dB,5.0,0.861568,0.832133,2937
XC416923,5 dB,5.0,0.962047,0.881607,2937
XC1087301,5 dB,5.0,0.951339,0.9237162,2937
XC712320,5 dB,5.0,0.860232,0.8644183999999999,2937
XC368447,5 dB,5.0,0.960181,0.9279963999999999,2937
XC1163554,5 dB,5.0,0.671025,0.8492214,2937
XC161888,5 dB,5.0,0.915881,0.9409521999999999,2937
XC722485,5 dB,5.0,0.918839,0.8042846000000001,2937
XC630605,5 dB,5.0,0.95238,0.6989312,2937
XC126403,5 dB,5.0,0.966353,0.9183125999999999,2937
XC607494,5 dB,5.0,0.941351,0.9175274,2937
XC547426,5 dB,5.0,0.340662,0.20562399999999997,2937
XC72727,5 dB,5.0,0.97281,0.23047459999999997,2937
XC608718,5 dB,5.0,0.911513,0.4231388,2937
XC1011624,5 dB,5.0,0.943195,0.9021663999999999,2937
XC139835,5 dB,5.0,0.136657,0.5303992,2937
XC421360,5 dB,5.0,0.770711,0.7279148,2937
XC492561,5 dB,5.0,0.960829,0.9596743999999999,2937
XC938778,5 dB,5.0,0.783824,0.628648,2937
XC632068,5 dB,5.0,0.966223,0.0,2937
XC35236,5 dB,5.0,0.118828,0.0,2937
XC1049856,5 dB,5.0,0.950807,0.9683952,2937
XC991353,5 dB,5.0,0.471723,0.025402599999999997,2937
XC521196,5 dB,5.0,0.964634,0.74072,2937
XC594445,5 dB,5.0,0.624743,0.8217369999999999,2937
XC668732,5 dB,5.0,0.417321,0.23896259999999997,2937
XC604692,5 dB,5.0,0.968353,0.9610917999999999,2937
XC126289,5 dB,5.0,0.863094,0.5754174,2937
XC982035,5 dB,5.0,0.901792,0.9306442,2937
XC606202,5 dB,5.0,0.940269,0.6502034,2937
XC991990,5 dB,5.0,0.908226,0.9073672,2937
XC395769,5 dB,5.0,0.786923,0.5687125999999999,2937
XC348022,5 dB,5.0,0.96331,0.9595658,2937
XC458926,5 dB,5.0,0.953898,0.9043908,2937
XC24934,5 dB,5.0,0.95463,0.9591466000000001,2937
XC147651,5 dB,5.0,0.919238,0.9268216,2937
XC1083085,5 dB,5.0,0.832153,0.8437825999999999,2937
XC799489,5 dB,5.0,0.955244,0.9393416,2937
XC517012,5 dB,5.0,0.951382,0.9165357999999999,2937
XC998780,5 dB,5.0,0.968062,0.9403788000000001,2937
XC234612,5 dB,5.0,0.974638,0.9786992,2937
XC871704,5 dB,5.0,0.945303,0.9370846,2937
XC650591,5 dB,5.0,0.1681,0.0,2937
XC288411,5 dB,5.0,0.893793,0.8929644,2937
XC701838,5 dB,5.0,0.901601,0.7837178,2937
XC152240,5 dB,5.0,0.84859,0.7869746,2937
XC16332,5 dB,5.0,0.904538,0.7531398,2937
XC813660,5 dB,5.0,0.988562,0.973526,2937
XC151807,5 dB,5.0,0.445331,0.1609118,2937
XC407889,5 dB,5.0,0.930524,0.9018903999999999,2937
XC136045,5 dB,5.0,0.983876,0.9652362,2937
XC1058305,5 dB,5.0,0.727585,0.49708779999999997,2937
XC883734,5 dB,5.0,0.419303,0.11065459999999998,2937
XC570910,5 dB,5.0,0.832766,0.8285566,2937
XC1140305,5 dB,5.0,0.966476,0.9073594,2937
XC1068115,5 dB,5.0,0.522404,0.0,2937
XC927579,5 dB,5.0,0.937626,0.9452716000000001,2937
XC702509,5 dB,5.0,0.89704,0.8925056,2937
XC564146,5 dB,5.0,0.962737,0.0,2937
XC238441,5 dB,5.0,0.931105,0.8984692000000001,2937
XC177146,5 dB,5.0,0.967428,0.9341532000000001,2937
XC64022,5 dB,5.0,0.783611,0.7037568000000001,2937
XC482545,5 dB,5.0,0.939149,0.865568,2937
XC620243,5 dB,5.0,0.872009,0.5857892,2937
XC1043757,5 dB,5.0,0.971667,0.9610422,2937
XC252846,5 dB,5.0,0.922482,0.9202622,2937
XC353721,5 dB,5.0,0.97393,0.9560046,2937
XC232558,5 dB,5.0,0.946507,0.9345877999999999,2937
XC192990,5 dB,5.0,0.909232,0.7907096,2937
XC182848,5 dB,5.0,0.898726,0.8570748,2937
XC844118,5 dB,5.0,0.554758,0.7379825999999999,2937
XC160497,5 dB,5.0,0.895213,0.6997146,2937
XC1038622,5 dB,5.0,0.957807,0.7650334,2937
XC684192,5 dB,5.0,0.936282,0.7586878,2937
XC713423,5 dB,5.0,0.38931,0.2059008,2937
XC48806,5 dB,5.0,0.774451,0.4449678,2937
XC1053479,5 dB,5.0,0.204305,0.046117599999999995,2937
XC833314,5 dB,5.0,0.950159,0.9516116,2937
XC256795,5 dB,5.0,0.96151,0.9515422000000001,2937
XC506656,5 dB,5.0,0.948265,0.0,2937
XC709620,5 dB,5.0,0.922921,0.9103182000000001,2937
XC307546,5 dB,5.0,0.915525,0.7695656,2937
XC448104,5 dB,5.0,0.964835,0.925164,2937
XC689680,5 dB,5.0,0.791986,0.8072256,2937
XC605194,5 dB,5.0,0.961979,0.9331232,2937
XC341898,5 dB,5.0,0.381843,0.30843160000000003,2937
XC709197,5 dB,5.0,0.867196,0.880753,2937
XC545747,5 dB,5.0,0.168847,0.0,2937
XC1067263,5 dB,5.0,0.916949,0.9444494000000001,2937
XC712200,5 dB,5.0,0.759481,0.5091791999999999,2937
XC218954,5 dB,5.0,0.949845,0.8462710000000001,2937
XC954941,5 dB,5.0,0.877035,0.878031,2937
XC289508,5 dB,5.0,0.895491,0.8135222000000001,2937
XC683817,5 dB,5.0,0.888287,0.9159763999999999,2937
XC560150,5 dB,5.0,0.913721,0.9327120000000001,2937
XC94550,5 dB,5.0,0.879155,0.8313888,2937
XC564102,5 dB,5.0,0.940057,0.9442824,2937
XC1104503,5 dB,5.0,0.96932,0.9552631999999999,2937
XC302477,5 dB,5.0,0.787326,0.6559264,2937
XC160910,5 dB,5.0,0.768564,0.1477396,2937
XC482212,5 dB,5.0,0.848809,0.8042364,2937
XC1084353,5 dB,5.0,0.720748,0.6707628,2937
XC939767,5 dB,5.0,0.92705,0.0,2937
XC404238,5 dB,5.0,0.866678,0.8432524000000001,2937
XC369709,5 dB,5.0,0.931392,0.6685246,2937
XC774089,5 dB,5.0,0.955016,0.0,2937
XC753541,5 dB,5.0,0.959828,0.9593451999999999,2937
XC372776,5 dB,5.0,0.938689,0.938574,2937
XC1018054,5 dB,5.0,0.947972,0.8889146,2937
XC1018293,5 dB,5.0,0.915038,0.9329924,2937
XC326220,5 dB,5.0,0.920917,0.9189876,2937
XC35662,5 dB,5.0,0.946865,0.6072044,2937
XC38968,5 dB,5.0,0.924163,0.9075732000000001,2937
XC479015,5 dB,5.0,0.745472,0.6870398,2937
XC955638,5 dB,5.0,0.974142,0.963838,2937
XC1139202,5 dB,5.0,0.943343,0.0,2937
XC40892,5 dB,5.0,0.795072,0.6598516,2937
XC854708,5 dB,5.0,0.879666,0.8092876,2937
XC700330,5 dB,5.0,0.972996,0.8996677999999999,2937
XC409395,5 dB,5.0,0.841043,0.1939354,2937
XC426624,5 dB,5.0,0.931897,0.9611402,2937
XC360300,5 dB,5.0,0.921089,0.8749946,2937
XC1066178,5 dB,5.0,0.88842,0.805438,2937
XC260508,5 dB,5.0,0.743415,0.1321172,2937
XC981172,5 dB,5.0,0.543284,0.4943604,2937
XC226752,5 dB,5.0,0.798641,0.8346582,2937
XC990816,5 dB,5.0,0.944619,0.9185934,2937
XC238205,5 dB,5.0,0.834553,0.7626218,2937
XC815251,5 dB,5.0,0.983418,0.9728916,2937
XC933671,5 dB,5.0,0.942234,0.9267588,2937
